ISO-10303-21;
HEADER;
FILE_DESCRIPTION (( 'STEP AP214' ),
    '1' );
FILE_NAME ('TDB04H0SB1R.STEP',
    '2026-03-23T13:01:26',
    ( '' ),
    ( '' ),
    'SwSTEP 2.0',
    'SolidWorks 2024',
    '' );
FILE_SCHEMA (( 'AUTOMOTIVE_DESIGN' ));
ENDSEC;

DATA;
#1 = VECTOR ( 'NONE', #6067, 1000.000000000000114 ) ;
#2 = PLANE ( 'NONE',  #8262 ) ;
#3 = ADVANCED_FACE ( 'NONE', ( #6413 ), #5092, .F. ) ;
#4 = EDGE_CURVE ( 'NONE', #8568, #8799, #4274, .T. ) ;
#5 = ORIENTED_EDGE ( 'NONE', *, *, #4159, .T. ) ;
#6 = VECTOR ( 'NONE', #6806, 1000.000000000000000 ) ;
#7 = PRESENTATION_STYLE_ASSIGNMENT (( #6277 ) ) ;
#8 = ORIENTED_EDGE ( 'NONE', *, *, #1095, .F. ) ;
#9 = ADVANCED_FACE ( 'NONE', ( #761 ), #82, .T. ) ;
#10 = PLANE ( 'NONE',  #225 ) ;
#11 = DIRECTION ( 'NONE',  ( 0.000000000000000000, -1.000000000000000000, 0.000000000000000000 ) ) ;
#12 = SURFACE_STYLE_USAGE ( .BOTH. , #3536 ) ;
#13 = CIRCLE ( 'NONE', #5858, 0.09999999999999982514 ) ;
#14 = VECTOR ( 'NONE', #5485, 1000.000000000000000 ) ;
#15 = CARTESIAN_POINT ( 'NONE',  ( -1.638748866352591982, 1.399999999999999911, -2.000000000000000444 ) ) ;
#16 = DIRECTION ( 'NONE',  ( 0.000000000000000000, -0.000000000000000000, 1.000000000000000000 ) ) ;
#17 = ORIENTED_EDGE ( 'NONE', *, *, #8167, .F. ) ;
#18 = CARTESIAN_POINT ( 'NONE',  ( 0.9100000000000010303, 0.000000000000000000, 3.100000000000000089 ) ) ;
#19 = VERTEX_POINT ( 'NONE', #7826 ) ;
#20 = CARTESIAN_POINT ( 'NONE',  ( -1.729999999999998650, 1.458578643762690419, 0.6249999999999994449 ) ) ;
#21 = ADVANCED_FACE ( 'NONE', ( #1571 ), #7094, .T. ) ;
#22 = CARTESIAN_POINT ( 'NONE',  ( -2.171251133647407183, 1.399999999999999911, -1.262607324199603642 ) ) ;
#23 = LINE ( 'NONE', #5432, #8847 ) ;
#24 = EDGE_CURVE ( 'NONE', #1955, #8108, #7227, .T. ) ;
#25 = DIRECTION ( 'NONE',  ( 0.000000000000000000, 0.000000000000000000, 1.000000000000000000 ) ) ;
#26 = AXIS2_PLACEMENT_3D ( 'NONE', #5805, #4417, #3053 ) ;
#27 = VERTEX_POINT ( 'NONE', #5824 ) ;
#28 = STYLED_ITEM ( 'NONE', ( #3198 ), #2335 ) ;
#29 = MECHANICAL_DESIGN_GEOMETRIC_PRESENTATION_REPRESENTATION (  '', ( #6584 ), #1792 ) ;
#30 = ORIENTED_EDGE ( 'NONE', *, *, #2622, .T. ) ;
#31 = FACE_OUTER_BOUND ( 'NONE', #4578, .T. ) ;
#32 = LINE ( 'NONE', #8392, #6916 ) ;
#33 = ORIENTED_EDGE ( 'NONE', *, *, #4824, .F. ) ;
#34 = EDGE_CURVE ( 'NONE', #5045, #5731, #3874, .T. ) ;
#35 = COLOUR_RGB ( '',0.6470588235294117974, 0.6196078431372549211, 0.5882352941176470784 ) ;
#36 = SURFACE_STYLE_FILL_AREA ( #7588 ) ;
#37 = CARTESIAN_POINT ( 'NONE',  ( 1.729999999999999316, 1.100000000000000089, 0.6249999999999995559 ) ) ;
#38 = DIRECTION ( 'NONE',  ( -1.000000000000000000, -0.000000000000000000, -0.000000000000000000 ) ) ;
#39 = ORIENTED_EDGE ( 'NONE', *, *, #8552, .T. ) ;
#40 = LINE ( 'NONE', #8399, #1718 ) ;
#41 =( LENGTH_UNIT ( ) NAMED_UNIT ( * ) SI_UNIT ( .MILLI., .METRE. ) );
#42 = ADVANCED_FACE ( 'NONE', ( #6670 ), #5868, .F. ) ;
#43 = SURFACE_SIDE_STYLE ('',( #5542 ) ) ;
#44 = DIRECTION ( 'NONE',  ( 0.000000000000000000, -0.000000000000000000, 1.000000000000000000 ) ) ;
#45 = AXIS2_PLACEMENT_3D ( 'NONE', #5411, #8189, #8986 ) ;
#46 = ADVANCED_FACE ( 'NONE', ( #8642 ), #4497, .F. ) ;
#47 = ORIENTED_EDGE ( 'NONE', *, *, #4618, .F. ) ;
#48 = CARTESIAN_POINT ( 'NONE',  ( 2.180000000000001048, -0.6500000000000000222, -4.049999999999999822 ) ) ;
#49 = VECTOR ( 'NONE', #3507, 1000.000000000000000 ) ;
#50 = EDGE_LOOP ( 'NONE', ( #8062, #1270, #3472, #5885, #4409, #864, #674, #6266, #6511, #6841, #5764, #5065 ) ) ;
#51 = CARTESIAN_POINT ( 'NONE',  ( -0.9099999999999991429, 0.000000000000000000, 3.229259809214934052 ) ) ;
#52 = CARTESIAN_POINT ( 'NONE',  ( 2.180000000000001048, -0.6500000000000000222, -3.651850830482212373 ) ) ;
#53 = MANIFOLD_SOLID_BREP ( 'Boss-Extrude7', #5690 ) ;
#54 = PRESENTATION_STYLE_ASSIGNMENT (( #6994 ) ) ;
#55 = DIRECTION ( 'NONE',  ( -1.000000000000000000, -0.000000000000000000, 0.000000000000000000 ) ) ;
#56 = STYLED_ITEM ( 'NONE', ( #5936 ), #3243 ) ;
#57 = CARTESIAN_POINT ( 'NONE',  ( -0.9099999999999991429, -0.2500000000000000000, 3.160696375133204672 ) ) ;
#58 = FACE_OUTER_BOUND ( 'NONE', #6572, .T. ) ;
#59 =( GEOMETRIC_REPRESENTATION_CONTEXT ( 3 ) GLOBAL_UNCERTAINTY_ASSIGNED_CONTEXT ( ( #2418 ) ) GLOBAL_UNIT_ASSIGNED_CONTEXT ( ( #6853, #6174, #595 ) ) REPRESENTATION_CONTEXT ( 'NONE', 'WORKASPACE' ) );
#60 = VECTOR ( 'NONE', #4704, 1000.000000000000000 ) ;
#61 = PRESENTATION_STYLE_ASSIGNMENT (( #6862 ) ) ;
#62 = DIRECTION ( 'NONE',  ( -1.000000000000000000, -0.000000000000000000, 0.000000000000000000 ) ) ;
#63 = SURFACE_SIDE_STYLE ('',( #6274 ) ) ;
#64 = VECTOR ( 'NONE', #1711, 1000.000000000000000 ) ;
#65 = COLOUR_RGB ( '',0.2980392156862745057, 0.2980392156862745057, 0.2980392156862745057 ) ;
#66 = ORIENTED_EDGE ( 'NONE', *, *, #4770, .F. ) ;
#67 = EDGE_CURVE ( 'NONE', #8606, #4027, #7148, .T. ) ;
#68 = VERTEX_POINT ( 'NONE', #3728 ) ;
#69 = VECTOR ( 'NONE', #2436, 1000.000000000000000 ) ;
#70 = AXIS2_PLACEMENT_3D ( 'NONE', #1084, #2512, #6733 ) ;
#71 = DIRECTION ( 'NONE',  ( 0.000000000000000000, 0.3604568066639949886, -0.9327759058474844878 ) ) ;
#72 = PLANE ( 'NONE',  #4636 ) ;
#73 =( NAMED_UNIT ( * ) SI_UNIT ( $, .STERADIAN. ) SOLID_ANGLE_UNIT ( ) );
#74 = PRESENTATION_LAYER_ASSIGNMENT (  '', '', ( #3983 ) ) ;
#75 = CARTESIAN_POINT ( 'NONE',  ( 1.630000000000001004, -0.09593147900040135956, -3.369176195092057569 ) ) ;
#76 =( LENGTH_UNIT ( ) NAMED_UNIT ( * ) SI_UNIT ( .MILLI., .METRE. ) );
#77 = ORIENTED_EDGE ( 'NONE', *, *, #6407, .T. ) ;
#78 = EDGE_CURVE ( 'NONE', #839, #794, #3557, .T. ) ;
#79 = CARTESIAN_POINT ( 'NONE',  ( -0.3600000000000003197, 1.500000000000000000, -2.000000000000000444 ) ) ;
#80 = DIRECTION ( 'NONE',  ( 0.000000000000000000, 0.000000000000000000, 1.000000000000000000 ) ) ;
#81 = ADVANCED_FACE ( 'NONE', ( #5670 ), #8447, .F. ) ;
#82 = PLANE ( 'NONE',  #8463 ) ;
#83 = VECTOR ( 'NONE', #1680, 1000.000000000000000 ) ;
#84 = EDGE_CURVE ( 'NONE', #3721, #105, #7758, .T. ) ;
#85 = DIRECTION ( 'NONE',  ( -1.000000000000000000, -0.000000000000000000, -0.000000000000000000 ) ) ;
#86 = UNCERTAINTY_MEASURE_WITH_UNIT (LENGTH_MEASURE( 1.000000000000000082E-05 ), #8586, 'distance_accuracy_value', 'NONE');
#87 = CARTESIAN_POINT ( 'NONE',  ( 0.000000000000000000, 1.399999999999999911, 0.5249999999999995781 ) ) ;
#88 = VECTOR ( 'NONE', #5827, 1000.000000000000000 ) ;
#89 = FILL_AREA_STYLE ('',( #4182 ) ) ;
#90 = LINE ( 'NONE', #3000, #466 ) ;
#91 = ORIENTED_EDGE ( 'NONE', *, *, #8347, .F. ) ;
#92 =( NAMED_UNIT ( * ) PLANE_ANGLE_UNIT ( ) SI_UNIT ( $, .RADIAN. ) );
#93 = CARTESIAN_POINT ( 'NONE',  ( 1.629999999999998561, 1.500000000000000000, -2.000000000000000444 ) ) ;
#94 = SURFACE_STYLE_USAGE ( .BOTH. , #8867 ) ;
#95 = MECHANICAL_DESIGN_GEOMETRIC_PRESENTATION_REPRESENTATION (  '', ( #7533 ), #513 ) ;
#96 = FACE_OUTER_BOUND ( 'NONE', #1272, .T. ) ;
#97 = CARTESIAN_POINT ( 'NONE',  ( -2.179999999999998828, -0.6500000000000000222, 3.651850830482212373 ) ) ;
#98 = PRESENTATION_LAYER_ASSIGNMENT (  '', '', ( #510 ) ) ;
#99 = ORIENTED_EDGE ( 'NONE', *, *, #5987, .F. ) ;
#100 = CARTESIAN_POINT ( 'NONE',  ( -0.3599999999999990985, -0.7999999999999999334, -3.583287396400482105 ) ) ;
#101 = FILL_AREA_STYLE ('',( #7070 ) ) ;
#102 = PRESENTATION_LAYER_ASSIGNMENT (  '', '', ( #2294 ) ) ;
#103 = SPHERICAL_SURFACE ( 'NONE', #1071, 0.1000000000000000056 ) ;
#104 = LINE ( 'NONE', #7724, #164 ) ;
#105 = VERTEX_POINT ( 'NONE', #6392 ) ;
#106 = CARTESIAN_POINT ( 'NONE',  ( 0.3600000000000009859, -0.7999999999999999334, 3.583287396400482105 ) ) ;
#107 = ORIENTED_EDGE ( 'NONE', *, *, #7200, .T. ) ;
#108 = FACE_OUTER_BOUND ( 'NONE', #3147, .T. ) ;
#109 = COLOUR_RGB ( '',0.6470588235294117974, 0.6196078431372549211, 0.5882352941176470784 ) ;
#110 = DIRECTION ( 'NONE',  ( 0.08715574274765836016, 0.9961946980917455452, 0.000000000000000000 ) ) ;
#111 = SURFACE_STYLE_USAGE ( .BOTH. , #6362 ) ;
#112 = ADVANCED_FACE ( 'NONE', ( #444 ), #1003, .T. ) ;
#113 = CARTESIAN_POINT ( 'NONE',  ( -0.3599999999999990985, 0.000000000000000000, 3.229259809214934052 ) ) ;
#114 = STYLED_ITEM ( 'NONE', ( #7365 ), #5285 ) ;
#115 = ORIENTED_EDGE ( 'NONE', *, *, #5115, .F. ) ;
#116 = VECTOR ( 'NONE', #2128, 1000.000000000000000 ) ;
#117 = ORIENTED_EDGE ( 'NONE', *, *, #8240, .T. ) ;
#118 = PRESENTATION_LAYER_ASSIGNMENT (  '', '', ( #6818 ) ) ;
#119 = STYLED_ITEM ( 'NONE', ( #2509 ), #5721 ) ;
#120 = SURFACE_SIDE_STYLE ('',( #159 ) ) ;
#121 = LINE ( 'NONE', #5691, #1493 ) ;
#122 = CARTESIAN_POINT ( 'NONE',  ( -3.008762470121482568, 1.100000000000000089, 2.446237529878515726 ) ) ;
#123 = LINE ( 'NONE', #7091, #5302 ) ;
#124 = CARTESIAN_POINT ( 'NONE',  ( -0.8099999999999990541, 1.500000000000000000, -0.5250000000000004663 ) ) ;
#125 = ORIENTED_EDGE ( 'NONE', *, *, #2556, .F. ) ;
#126 = LINE ( 'NONE', #5695, #7612 ) ;
#127 = DIRECTION ( 'NONE',  ( 0.000000000000000000, 1.000000000000000000, 0.000000000000000000 ) ) ;
#128 = VECTOR ( 'NONE', #4204, 1000.000000000000000 ) ;
#129 = SURFACE_SIDE_STYLE ('',( #2145 ) ) ;
#130 = SURFACE_STYLE_USAGE ( .BOTH. , #169 ) ;
#131 = CARTESIAN_POINT ( 'NONE',  ( 2.180000000000001048, 0.000000000000000000, -3.229259809214934052 ) ) ;
#132 = PLANE ( 'NONE',  #4439 ) ;
#133 = EDGE_CURVE ( 'NONE', #4410, #1549, #403, .T. ) ;
#134 = ORIENTED_EDGE ( 'NONE', *, *, #285, .F. ) ;
#135 = CARTESIAN_POINT ( 'NONE',  ( 0.9012511336474076096, 1.399999999999999911, 1.991251133647407245 ) ) ;
#136 = SURFACE_SIDE_STYLE ('',( #8573 ) ) ;
#137 = LINE ( 'NONE', #2234, #2143 ) ;
#138 = LINE ( 'NONE', #2914, #5870 ) ;
#139 = ORIENTED_EDGE ( 'NONE', *, *, #5724, .T. ) ;
#140 =( NAMED_UNIT ( * ) SI_UNIT ( $, .STERADIAN. ) SOLID_ANGLE_UNIT ( ) );
#141 = DIRECTION ( 'NONE',  ( 1.000000000000000000, -0.000000000000000000, -4.353374594594169657E-15 ) ) ;
#142 = VERTEX_POINT ( 'NONE', #3184 ) ;
#143 = LINE ( 'NONE', #3645, #2946 ) ;
#144 = DIRECTION ( 'NONE',  ( 0.000000000000000000, 0.000000000000000000, -1.000000000000000000 ) ) ;
#145 = DIRECTION ( 'NONE',  ( 0.000000000000000000, 0.000000000000000000, -1.000000000000000000 ) ) ;
#146 = PRESENTATION_STYLE_ASSIGNMENT (( #2339 ) ) ;
#147 =( LENGTH_UNIT ( ) NAMED_UNIT ( * ) SI_UNIT ( .MILLI., .METRE. ) );
#148 = SURFACE_SIDE_STYLE ('',( #6525 ) ) ;
#149 = PLANE ( 'NONE',  #2575 ) ;
#150 =( NAMED_UNIT ( * ) PLANE_ANGLE_UNIT ( ) SI_UNIT ( $, .RADIAN. ) );
#151 = COLOUR_RGB ( '',0.6470588235294117974, 0.6196078431372549211, 0.5882352941176470784 ) ;
#152 = ADVANCED_FACE ( 'NONE', ( #4607 ), #3772, .F. ) ;
#153 = EDGE_CURVE ( 'NONE', #8980, #2699, #3222, .T. ) ;
#154 = DIRECTION ( 'NONE',  ( 2.168404344971008868E-16, 0.000000000000000000, 1.000000000000000000 ) ) ;
#155 = ORIENTED_EDGE ( 'NONE', *, *, #7535, .T. ) ;
#156 = EDGE_CURVE ( 'NONE', #8312, #2683, #1877, .T. ) ;
#157 = MECHANICAL_DESIGN_GEOMETRIC_PRESENTATION_REPRESENTATION (  '', ( #4377 ), #7134 ) ;
#158 = ORIENTED_EDGE ( 'NONE', *, *, #2763, .F. ) ;
#159 = SURFACE_STYLE_FILL_AREA ( #2265 ) ;
#160 = DIRECTION ( 'NONE',  ( -1.000000000000000000, -0.000000000000000000, -0.000000000000000000 ) ) ;
#161 =( NAMED_UNIT ( * ) SI_UNIT ( $, .STERADIAN. ) SOLID_ANGLE_UNIT ( ) );
#162 = CARTESIAN_POINT ( 'NONE',  ( -3.104999999999999094, 0.000000000000000000, -3.100000000000000089 ) ) ;
#163 = SURFACE_SIDE_STYLE ('',( #5781 ) ) ;
#164 = VECTOR ( 'NONE', #8357, 1000.000000000000114 ) ;
#165 = FILL_AREA_STYLE_COLOUR ( '', #8171 ) ;
#166 = CIRCLE ( 'NONE', #2662, 0.1499999999999999667 ) ;
#167 = CARTESIAN_POINT ( 'NONE',  ( 2.080000000000001403, -0.6500000000000000222, 4.150000000000000355 ) ) ;
#168 = UNCERTAINTY_MEASURE_WITH_UNIT (LENGTH_MEASURE( 1.000000000000000082E-05 ), #6482, 'distance_accuracy_value', 'NONE');
#169 = SURFACE_SIDE_STYLE ('',( #6499 ) ) ;
#170 = LINE ( 'NONE', #3633, #8095 ) ;
#171 = ORIENTED_EDGE ( 'NONE', *, *, #3205, .F. ) ;
#172 = PRESENTATION_STYLE_ASSIGNMENT (( #1734 ) ) ;
#173 = ORIENTED_EDGE ( 'NONE', *, *, #5961, .T. ) ;
#174 = EDGE_CURVE ( 'NONE', #105, #6653, #8858, .T. ) ;
#175 = EDGE_CURVE ( 'NONE', #1241, #1461, #2635, .T. ) ;
#176 = FILL_AREA_STYLE ('',( #7146 ) ) ;
#177 = MECHANICAL_DESIGN_GEOMETRIC_PRESENTATION_REPRESENTATION (  '', ( #8209 ), #6319 ) ;
#178 = LINE ( 'NONE', #2957, #2580 ) ;
#179 = SURFACE_STYLE_FILL_AREA ( #2330 ) ;
#180 = STYLED_ITEM ( 'NONE', ( #146 ), #2309 ) ;
#181 = PRESENTATION_STYLE_ASSIGNMENT (( #4238 ) ) ;
#182 = EDGE_LOOP ( 'NONE', ( #4040, #4006, #3941, #3309 ) ) ;
#183 = PRESENTATION_STYLE_ASSIGNMENT (( #2065 ) ) ;
#184 = CYLINDRICAL_SURFACE ( 'NONE', #1183, 0.1000000000000001027 ) ;
#185 = EDGE_CURVE ( 'NONE', #8955, #7218, #4213, .T. ) ;
#186 = VERTEX_POINT ( 'NONE', #3354 ) ;
#187 =( LENGTH_UNIT ( ) NAMED_UNIT ( * ) SI_UNIT ( .MILLI., .METRE. ) );
#188 = EDGE_CURVE ( 'NONE', #4138, #68, #3307, .T. ) ;
#189 = DIRECTION ( 'NONE',  ( 0.000000000000000000, 0.000000000000000000, -1.000000000000000000 ) ) ;
#190 = CARTESIAN_POINT ( 'NONE',  ( -0.7099999999999995204, 1.500000000000000000, 0.5249999999999995781 ) ) ;
#191 = DIRECTION ( 'NONE',  ( -1.000000000000000000, -0.000000000000000000, -0.000000000000000000 ) ) ;
#192 = ADVANCED_FACE ( 'NONE', ( #8930 ), #2678, .T. ) ;
#193 = LINE ( 'NONE', #830, #4642 ) ;
#194 = SURFACE_STYLE_USAGE ( .BOTH. , #3938 ) ;
#195 = PLANE ( 'NONE',  #6460 ) ;
#196 =( GEOMETRIC_REPRESENTATION_CONTEXT ( 3 ) GLOBAL_UNCERTAINTY_ASSIGNED_CONTEXT ( ( #222 ) ) GLOBAL_UNIT_ASSIGNED_CONTEXT ( ( #4269, #6446, #2313 ) ) REPRESENTATION_CONTEXT ( 'NONE', 'WORKASPACE' ) );
#197 = CARTESIAN_POINT ( 'NONE',  ( 0.7099999999999999645, 1.500000000000000000, 0.5249999999999995781 ) ) ;
#198 = ORIENTED_EDGE ( 'NONE', *, *, #7770, .T. ) ;
#199 = VECTOR ( 'NONE', #4323, 1000.000000000000000 ) ;
#200 = VECTOR ( 'NONE', #980, 1000.000000000000000 ) ;
#201 =( GEOMETRIC_REPRESENTATION_CONTEXT ( 3 ) GLOBAL_UNCERTAINTY_ASSIGNED_CONTEXT ( ( #1266 ) ) GLOBAL_UNIT_ASSIGNED_CONTEXT ( ( #2137, #5348, #1875 ) ) REPRESENTATION_CONTEXT ( 'NONE', 'WORKASPACE' ) );
#202 = PLANE ( 'NONE',  #6382 ) ;
#203 =( GEOMETRIC_REPRESENTATION_CONTEXT ( 3 ) GLOBAL_UNCERTAINTY_ASSIGNED_CONTEXT ( ( #8526 ) ) GLOBAL_UNIT_ASSIGNED_CONTEXT ( ( #6850, #1412, #4881 ) ) REPRESENTATION_CONTEXT ( 'NONE', 'WORKASPACE' ) );
#204 = ORIENTED_EDGE ( 'NONE', *, *, #4246, .T. ) ;
#205 = DIRECTION ( 'NONE',  ( -0.000000000000000000, -0.000000000000000000, 1.000000000000000000 ) ) ;
#206 = STYLED_ITEM ( 'NONE', ( #5450 ), #3693 ) ;
#207 = DIRECTION ( 'NONE',  ( 0.000000000000000000, -0.000000000000000000, -1.000000000000000000 ) ) ;
#208 = STYLED_ITEM ( 'NONE', ( #7296 ), #8547 ) ;
#209 = VECTOR ( 'NONE', #8884, 1000.000000000000000 ) ;
#210 =( NAMED_UNIT ( * ) SI_UNIT ( $, .STERADIAN. ) SOLID_ANGLE_UNIT ( ) );
#211 = CIRCLE ( 'NONE', #6199, 0.09999999999999982514 ) ;
#212 = CARTESIAN_POINT ( 'NONE',  ( 0.8099999999999999423, 1.458578643762690419, -0.6250000000000005551 ) ) ;
#213 = DIRECTION ( 'NONE',  ( 0.7071067811865474617, 0.000000000000000000, -0.7071067811865474617 ) ) ;
#214 = FILL_AREA_STYLE_COLOUR ( '', #1105 ) ;
#215 = CARTESIAN_POINT ( 'NONE',  ( -3.104999999999999094, 1.100000000000000089, 3.003762470121483119 ) ) ;
#216 = CARTESIAN_POINT ( 'NONE',  ( -2.973767004711113326, 1.500000000000000000, 2.481232995288885412 ) ) ;
#217 = EDGE_CURVE ( 'NONE', #313, #2096, #8942, .T. ) ;
#218 = ORIENTED_EDGE ( 'NONE', *, *, #3383, .F. ) ;
#219 = VECTOR ( 'NONE', #4180, 1000.000000000000227 ) ;
#220 = VERTEX_POINT ( 'NONE', #8296 ) ;
#221 = FILL_AREA_STYLE ('',( #7979 ) ) ;
#222 = UNCERTAINTY_MEASURE_WITH_UNIT (LENGTH_MEASURE( 1.000000000000000082E-05 ), #4269, 'distance_accuracy_value', 'NONE');
#223 = FILL_AREA_STYLE_COLOUR ( '', #637 ) ;
#224 = ORIENTED_EDGE ( 'NONE', *, *, #4762, .F. ) ;
#225 = AXIS2_PLACEMENT_3D ( 'NONE', #4217, #2175, #7004 ) ;
#226 = DIRECTION ( 'NONE',  ( -1.000000000000000000, -0.000000000000000000, -0.000000000000000000 ) ) ;
#227 = CYLINDRICAL_SURFACE ( 'NONE', #5584, 0.09999999999999982514 ) ;
#228 = ORIENTED_EDGE ( 'NONE', *, *, #651, .T. ) ;
#229 = CARTESIAN_POINT ( 'NONE',  ( -2.179999999999999716, 1.399999999999999911, -1.991251133647408134 ) ) ;
#230 = LINE ( 'NONE', #8718, #2927 ) ;
#231 = ORIENTED_EDGE ( 'NONE', *, *, #6062, .F. ) ;
#232 = DIRECTION ( 'NONE',  ( 2.168404344971008868E-16, 0.000000000000000000, 1.000000000000000000 ) ) ;
#233 = LINE ( 'NONE', #6310, #6300 ) ;
#234 = VERTEX_POINT ( 'NONE', #2598 ) ;
#235 = CARTESIAN_POINT ( 'NONE',  ( -3.104999999999999094, 0.000000000000000000, -3.100000000000000089 ) ) ;
#236 = PRESENTATION_LAYER_ASSIGNMENT (  '', '', ( #8107 ) ) ;
#237 = PRESENTATION_STYLE_ASSIGNMENT (( #3893 ) ) ;
#238 = DIRECTION ( 'NONE',  ( -0.08682659386424777803, 0.9924325091389669673, 0.08682659386424779191 ) ) ;
#239 = CARTESIAN_POINT ( 'NONE',  ( 0.9100000000000010303, -0.1499999999999999667, -3.229259809214934940 ) ) ;
#240 = EDGE_CURVE ( 'NONE', #8328, #8602, #4827, .T. ) ;
#241 = DIRECTION ( 'NONE',  ( -1.000000000000000000, -0.000000000000000000, -0.000000000000000000 ) ) ;
#242 = ORIENTED_EDGE ( 'NONE', *, *, #6823, .F. ) ;
#243 = AXIS2_PLACEMENT_3D ( 'NONE', #7214, #7351, #7295 ) ;
#244 = ORIENTED_EDGE ( 'NONE', *, *, #5050, .T. ) ;
#245 = CARTESIAN_POINT ( 'NONE',  ( -1.629999999999998561, -0.09593147900040142895, 3.369176195092057569 ) ) ;
#246 =( GEOMETRIC_REPRESENTATION_CONTEXT ( 3 ) GLOBAL_UNCERTAINTY_ASSIGNED_CONTEXT ( ( #8787 ) ) GLOBAL_UNIT_ASSIGNED_CONTEXT ( ( #5135, #6633, #1070 ) ) REPRESENTATION_CONTEXT ( 'NONE', 'WORKASPACE' ) );
#247 = STYLED_ITEM ( 'NONE', ( #1137 ), #5204 ) ;
#248 = DIRECTION ( 'NONE',  ( -0.7071067811865471286, 0.000000000000000000, -0.7071067811865479058 ) ) ;
#249 = FILL_AREA_STYLE_COLOUR ( '', #65 ) ;
#250 =( GEOMETRIC_REPRESENTATION_CONTEXT ( 3 ) GLOBAL_UNCERTAINTY_ASSIGNED_CONTEXT ( ( #8150 ) ) GLOBAL_UNIT_ASSIGNED_CONTEXT ( ( #8990, #6197, #1346 ) ) REPRESENTATION_CONTEXT ( 'NONE', 'WORKASPACE' ) );
#251 =( GEOMETRIC_REPRESENTATION_CONTEXT ( 3 ) GLOBAL_UNCERTAINTY_ASSIGNED_CONTEXT ( ( #1108 ) ) GLOBAL_UNIT_ASSIGNED_CONTEXT ( ( #3122, #985, #935 ) ) REPRESENTATION_CONTEXT ( 'NONE', 'WORKASPACE' ) );
#252 = CARTESIAN_POINT ( 'NONE',  ( -0.4599999999999994649, 1.500000000000000000, 0.6249999999999995559 ) ) ;
#253 = ORIENTED_EDGE ( 'NONE', *, *, #3032, .T. ) ;
#254 = DIRECTION ( 'NONE',  ( 1.000000000000000000, -0.000000000000000000, 0.000000000000000000 ) ) ;
#255 = FACE_OUTER_BOUND ( 'NONE', #8251, .T. ) ;
#256 = SURFACE_STYLE_FILL_AREA ( #1616 ) ;
#257 = VECTOR ( 'NONE', #6575, 1000.000000000000000 ) ;
#258 = DIRECTION ( 'NONE',  ( -1.000000000000000000, -0.000000000000000000, -0.000000000000000000 ) ) ;
#259 = EDGE_CURVE ( 'NONE', #7873, #3621, #440, .T. ) ;
#260 = ORIENTED_EDGE ( 'NONE', *, *, #1516, .F. ) ;
#261 = ADVANCED_FACE ( 'NONE', ( #7049 ), #6754, .F. ) ;
#262 = COLOUR_RGB ( '',0.6470588235294117974, 0.6196078431372549211, 0.5882352941176470784 ) ;
#263 = ORIENTED_EDGE ( 'NONE', *, *, #2170, .F. ) ;
#264 = SURFACE_SIDE_STYLE ('',( #8657 ) ) ;
#265 = CARTESIAN_POINT ( 'NONE',  ( -1.629999999999998561, -0.2500000000000000000, -3.160696375133204672 ) ) ;
#266 = ORIENTED_EDGE ( 'NONE', *, *, #3822, .F. ) ;
#267 = ORIENTED_EDGE ( 'NONE', *, *, #84, .T. ) ;
#268 = DIRECTION ( 'NONE',  ( 0.000000000000000000, -0.000000000000000000, -1.000000000000000000 ) ) ;
#269 = VERTEX_POINT ( 'NONE', #2624 ) ;
#270 = CARTESIAN_POINT ( 'NONE',  ( -0.8099999999999980549, -0.6500000000000000222, -4.150000000000000355 ) ) ;
#271 = CIRCLE ( 'NONE', #7947, 0.1499999999999999667 ) ;
#272 =( NAMED_UNIT ( * ) PLANE_ANGLE_UNIT ( ) SI_UNIT ( $, .RADIAN. ) );
#273 = EDGE_LOOP ( 'NONE', ( #47, #1153, #8213, #1818, #4859, #301, #8290, #4849, #8148, #7202, #4489, #1615, #2738, #2238 ) ) ;
#274 = FILL_AREA_STYLE ('',( #1593 ) ) ;
#275 = CARTESIAN_POINT ( 'NONE',  ( -0.9100000000000002531, 1.500000000000000000, -2.000000000000000444 ) ) ;
#276 =( NAMED_UNIT ( * ) SI_UNIT ( $, .STERADIAN. ) SOLID_ANGLE_UNIT ( ) );
#277 =( LENGTH_UNIT ( ) NAMED_UNIT ( * ) SI_UNIT ( .MILLI., .METRE. ) );
#278 = DIRECTION ( 'NONE',  ( -0.08715574274765836016, 0.9961946980917455452, 3.436161659330867058E-17 ) ) ;
#279 = DIRECTION ( 'NONE',  ( 1.000000000000000000, 0.000000000000000000, -0.000000000000000000 ) ) ;
#280 = ORIENTED_EDGE ( 'NONE', *, *, #4358, .T. ) ;
#281 = ORIENTED_EDGE ( 'NONE', *, *, #4930, .T. ) ;
#282 = ORIENTED_EDGE ( 'NONE', *, *, #8830, .T. ) ;
#283 = DIRECTION ( 'NONE',  ( 3.469446951953614189E-16, -0.000000000000000000, -1.000000000000000000 ) ) ;
#284 = ORIENTED_EDGE ( 'NONE', *, *, #7002, .T. ) ;
#285 = EDGE_CURVE ( 'NONE', #2173, #8184, #3295, .T. ) ;
#286 = CARTESIAN_POINT ( 'NONE',  ( 2.856131547168187179, -0.1327002623937375003, 2.851131547168185953 ) ) ;
#287 = DIRECTION ( 'NONE',  ( 0.000000000000000000, 0.000000000000000000, 1.000000000000000000 ) ) ;
#288 = LINE ( 'NONE', #1759, #6454 ) ;
#289 = EDGE_CURVE ( 'NONE', #7273, #3766, #1290, .T. ) ;
#290 =( NAMED_UNIT ( * ) SI_UNIT ( $, .STERADIAN. ) SOLID_ANGLE_UNIT ( ) );
#291 = EDGE_CURVE ( 'NONE', #818, #460, #4689, .T. ) ;
#292 = CARTESIAN_POINT ( 'NONE',  ( 2.079999999999999183, 1.100000000000000089, -0.6250000000000004441 ) ) ;
#293 = LINE ( 'NONE', #8054, #5925 ) ;
#294 = SURFACE_STYLE_FILL_AREA ( #4499 ) ;
#295 =( GEOMETRIC_REPRESENTATION_CONTEXT ( 3 ) GLOBAL_UNCERTAINTY_ASSIGNED_CONTEXT ( ( #6804 ) ) GLOBAL_UNIT_ASSIGNED_CONTEXT ( ( #3851, #5207, #1779 ) ) REPRESENTATION_CONTEXT ( 'NONE', 'WORKASPACE' ) );
#296 = DIRECTION ( 'NONE',  ( -0.000000000000000000, 1.000000000000000000, -0.000000000000000000 ) ) ;
#297 = CARTESIAN_POINT ( 'NONE',  ( -0.9099999999999991429, -0.2139543193336009841, 3.253973965717952943 ) ) ;
#298 = CARTESIAN_POINT ( 'NONE',  ( 0.000000000000000000, 1.399999999999999911, 0.000000000000000000 ) ) ;
#299 = ORIENTED_EDGE ( 'NONE', *, *, #8162, .T. ) ;
#300 = DIRECTION ( 'NONE',  ( 0.000000000000000000, 0.000000000000000000, 1.000000000000000000 ) ) ;
#301 = ORIENTED_EDGE ( 'NONE', *, *, #2492, .T. ) ;
#302 = UNCERTAINTY_MEASURE_WITH_UNIT (LENGTH_MEASURE( 1.000000000000000082E-05 ), #7473, 'distance_accuracy_value', 'NONE');
#303 = ORIENTED_EDGE ( 'NONE', *, *, #2297, .T. ) ;
#304 = ADVANCED_FACE ( 'NONE', ( #3429 ), #4814, .F. ) ;
#305 = FACE_OUTER_BOUND ( 'NONE', #8315, .T. ) ;
#306 = UNCERTAINTY_MEASURE_WITH_UNIT (LENGTH_MEASURE( 1.000000000000000082E-05 ), #7459, 'distance_accuracy_value', 'NONE');
#307 = FILL_AREA_STYLE ('',( #1543 ) ) ;
#308 = DIRECTION ( 'NONE',  ( 0.000000000000000000, -0.3604568066639957102, 0.9327759058474842657 ) ) ;
#309 = CARTESIAN_POINT ( 'NONE',  ( -1.629999999999998561, 0.000000000000000000, 3.229259809214934052 ) ) ;
#310 = ORIENTED_EDGE ( 'NONE', *, *, #814, .T. ) ;
#311 = FACE_OUTER_BOUND ( 'NONE', #3214, .T. ) ;
#312 = STYLED_ITEM ( 'NONE', ( #6163 ), #606 ) ;
#313 = VERTEX_POINT ( 'NONE', #6897 ) ;
#314 = LINE ( 'NONE', #6522, #4708 ) ;
#315 = DIRECTION ( 'NONE',  ( 0.000000000000000000, -1.000000000000000000, -0.000000000000000000 ) ) ;
#316 = CARTESIAN_POINT ( 'NONE',  ( 0.3600000000000009859, -0.09593147900040135956, -3.369176195092057569 ) ) ;
#317 =( GEOMETRIC_REPRESENTATION_CONTEXT ( 3 ) GLOBAL_UNCERTAINTY_ASSIGNED_CONTEXT ( ( #4822 ) ) GLOBAL_UNIT_ASSIGNED_CONTEXT ( ( #5683, #7443, #5449 ) ) REPRESENTATION_CONTEXT ( 'NONE', 'WORKASPACE' ) );
#318 = DIRECTION ( 'NONE',  ( -1.000000000000000000, -0.000000000000000000, -0.000000000000000000 ) ) ;
#319 = ADVANCED_FACE ( 'NONE', ( #5314 ), #4629, .T. ) ;
#320 = CARTESIAN_POINT ( 'NONE',  ( 1.979999999999999538, 1.399999999999999911, 0.000000000000000000 ) ) ;
#321 = CARTESIAN_POINT ( 'NONE',  ( 0.7685786437626902501, 1.500000000000000000, 0.5835786437626900858 ) ) ;
#322 = EDGE_LOOP ( 'NONE', ( #4748, #4153, #1073, #5402, #3187, #5345 ) ) ;
#323 = MECHANICAL_DESIGN_GEOMETRIC_PRESENTATION_REPRESENTATION (  '', ( #4265 ), #901 ) ;
#324 =( GEOMETRIC_REPRESENTATION_CONTEXT ( 3 ) GLOBAL_UNCERTAINTY_ASSIGNED_CONTEXT ( ( #5555 ) ) GLOBAL_UNIT_ASSIGNED_CONTEXT ( ( #3524, #150, #7256 ) ) REPRESENTATION_CONTEXT ( 'NONE', 'WORKASPACE' ) );
#325 = VECTOR ( 'NONE', #2383, 1000.000000000000000 ) ;
#326 = ORIENTED_EDGE ( 'NONE', *, *, #2737, .F. ) ;
#327 = ORIENTED_EDGE ( 'NONE', *, *, #4824, .T. ) ;
#328 = CARTESIAN_POINT ( 'NONE',  ( -1.629999999999998561, -0.6500000000000000222, -4.150000000000000355 ) ) ;
#329 = DIRECTION ( 'NONE',  ( 0.08682659386424777803, 0.9924325091389669673, -0.08682659386424779191 ) ) ;
#330 = STYLED_ITEM ( 'NONE', ( #181 ), #2535 ) ;
#331 = PLANE ( 'NONE',  #4262 ) ;
#332 = CARTESIAN_POINT ( 'NONE',  ( -1.829999999999998961, 1.399999999999999911, 0.000000000000000000 ) ) ;
#333 = CARTESIAN_POINT ( 'NONE',  ( -0.3599999999999990985, 0.000000000000000000, -2.969702453438674006 ) ) ;
#334 = FACE_OUTER_BOUND ( 'NONE', #5722, .T. ) ;
#335 = DIRECTION ( 'NONE',  ( 0.000000000000000000, 1.000000000000000000, -0.000000000000000000 ) ) ;
#336 = EDGE_CURVE ( 'NONE', #6836, #4688, #821, .T. ) ;
#337 = AXIS2_PLACEMENT_3D ( 'NONE', #2857, #5653, #3201 ) ;
#338 = EDGE_CURVE ( 'NONE', #7163, #6999, #7609, .T. ) ;
#339 =( BOUNDED_CURVE ( )  B_SPLINE_CURVE ( 3, ( #3783, #6571, #321, #197 ),
 .UNSPECIFIED., .F., .F. ) 
 B_SPLINE_CURVE_WITH_KNOTS ( ( 4, 4 ),
 ( 0.000000000000000000, 1.570796326794896558 ),
 .UNSPECIFIED. ) 
 CURVE ( )  GEOMETRIC_REPRESENTATION_ITEM ( )  RATIONAL_B_SPLINE_CURVE ( ( 1.000000000000000000, 0.8047378541243649375, 0.8047378541243649375, 1.000000000000000000 ) ) 
 REPRESENTATION_ITEM ( '' )  );
#340 = DIRECTION ( 'NONE',  ( -0.000000000000000000, -0.000000000000000000, 1.000000000000000000 ) ) ;
#341 = STYLED_ITEM ( 'NONE', ( #2956 ), #3171 ) ;
#342 = CARTESIAN_POINT ( 'NONE',  ( 1.630000000000001004, -0.09593147900040142895, 3.369176195092057569 ) ) ;
#343 = STYLED_ITEM ( 'NONE', ( #2321 ), #8746 ) ;
#344 = CIRCLE ( 'NONE', #3256, 0.09999999999999982514 ) ;
#345 = FILL_AREA_STYLE_COLOUR ( '', #1356 ) ;
#346 = PRESENTATION_STYLE_ASSIGNMENT (( #6502 ) ) ;
#348 = ORIENTED_EDGE ( 'NONE', *, *, #2362, .T. ) ;
#347 = EDGE_CURVE ( 'NONE', #1927, #5426, #104, .T. ) ;
#349 = DIRECTION ( 'NONE',  ( -1.000000000000000000, -0.000000000000000000, -0.000000000000000000 ) ) ;
#350 = EDGE_CURVE ( 'NONE', #6999, #6607, #4984, .T. ) ;
#351 = ORIENTED_EDGE ( 'NONE', *, *, #5884, .T. ) ;
#352 = AXIS2_PLACEMENT_3D ( 'NONE', #8285, #7360, #3200 ) ;
#353 = EDGE_LOOP ( 'NONE', ( #6899, #5689, #2548, #8279 ) ) ;
#354 = AXIS2_PLACEMENT_3D ( 'NONE', #4079, #8298, #8204 ) ;
#355 = MECHANICAL_DESIGN_GEOMETRIC_PRESENTATION_REPRESENTATION (  '', ( #7790 ), #5023 ) ;
#356 = FILL_AREA_STYLE_COLOUR ( '', #4488 ) ;
#357 = DIRECTION ( 'NONE',  ( 0.7071067811865479058, 0.000000000000000000, -0.7071067811865471286 ) ) ;
#358 = SURFACE_STYLE_USAGE ( .BOTH. , #1034 ) ;
#359 = PRESENTATION_STYLE_ASSIGNMENT (( #2469 ) ) ;
#360 = STYLED_ITEM ( 'NONE', ( #7149 ), #3792 ) ;
#361 = SURFACE_STYLE_FILL_AREA ( #487 ) ;
#362 = CARTESIAN_POINT ( 'NONE',  ( -2.179999999999999716, 1.500000000000000000, -2.000000000000000444 ) ) ;
#363 = ORIENTED_EDGE ( 'NONE', *, *, #5867, .F. ) ;
#364 = SURFACE_STYLE_FILL_AREA ( #4471 ) ;
#365 = ORIENTED_EDGE ( 'NONE', *, *, #1691, .T. ) ;
#366 =( NAMED_UNIT ( * ) PLANE_ANGLE_UNIT ( ) SI_UNIT ( $, .RADIAN. ) );
#367 = DIRECTION ( 'NONE',  ( 0.000000000000000000, 0.000000000000000000, -1.000000000000000000 ) ) ;
#368 = LINE ( 'NONE', #2615, #4424 ) ;
#369 = PLANE ( 'NONE',  #3073 ) ;
#370 = DIRECTION ( 'NONE',  ( 0.000000000000000000, -0.3604568066639949886, -0.9327759058474844878 ) ) ;
#371 = DIRECTION ( 'NONE',  ( 1.000000000000000000, 0.000000000000000000, -3.942553354492737614E-16 ) ) ;
#372 = CARTESIAN_POINT ( 'NONE',  ( -0.3599999999999990985, -0.5499999999999999334, -3.651850830482211929 ) ) ;
#373 = ORIENTED_EDGE ( 'NONE', *, *, #3788, .F. ) ;
#374 = EDGE_CURVE ( 'NONE', #6677, #3268, #7026, .T. ) ;
#375 = SURFACE_STYLE_FILL_AREA ( #998 ) ;
#376 = ORIENTED_EDGE ( 'NONE', *, *, #8916, .T. ) ;
#377 = VERTEX_POINT ( 'NONE', #7117 ) ;
#378 = ADVANCED_FACE ( 'NONE', ( #1502 ), #1419, .T. ) ;
#379 = FILL_AREA_STYLE ('',( #5964 ) ) ;
#380 = CARTESIAN_POINT ( 'NONE',  ( 2.819622550835296781, -0.5500000000000001554, -2.814622550835295112 ) ) ;
#381 = PRESENTATION_STYLE_ASSIGNMENT (( #3789 ) ) ;
#382 = MECHANICAL_DESIGN_GEOMETRIC_PRESENTATION_REPRESENTATION (  '', ( #510 ), #6795 ) ;
#383 = CARTESIAN_POINT ( 'NONE',  ( 0.3599999999999992095, 1.500000000000000000, -2.000000000000000444 ) ) ;
#384 = VECTOR ( 'NONE', #2647, 1000.000000000000000 ) ;
#385 = DIRECTION ( 'NONE',  ( 0.000000000000000000, 0.000000000000000000, -1.000000000000000000 ) ) ;
#386 = EDGE_CURVE ( 'NONE', #5317, #6530, #3471, .T. ) ;
#387 = FACE_OUTER_BOUND ( 'NONE', #688, .T. ) ;
#388 = VECTOR ( 'NONE', #4475, 1000.000000000000000 ) ;
#389 = COLOUR_RGB ( '',0.6470588235294117974, 0.6196078431372549211, 0.5882352941176470784 ) ;
#390 = DIRECTION ( 'NONE',  ( -2.168404344971008868E-16, 0.000000000000000000, -1.000000000000000000 ) ) ;
#391 = DIRECTION ( 'NONE',  ( 0.000000000000000000, 0.000000000000000000, -1.000000000000000000 ) ) ;
#392 = ORIENTED_EDGE ( 'NONE', *, *, #6244, .T. ) ;
#393 = LINE ( 'NONE', #4548, #1820 ) ;
#394 = COLOUR_RGB ( '',0.2980392156862745057, 0.2980392156862745057, 0.2980392156862745057 ) ;
#395 = ORIENTED_EDGE ( 'NONE', *, *, #6321, .F. ) ;
#396 = PRESENTATION_LAYER_ASSIGNMENT (  '', '', ( #694 ) ) ;
#397 =( GEOMETRIC_REPRESENTATION_CONTEXT ( 3 ) GLOBAL_UNCERTAINTY_ASSIGNED_CONTEXT ( ( #6830 ) ) GLOBAL_UNIT_ASSIGNED_CONTEXT ( ( #3479, #5459, #6951 ) ) REPRESENTATION_CONTEXT ( 'NONE', 'WORKASPACE' ) );
#398 =( NAMED_UNIT ( * ) PLANE_ANGLE_UNIT ( ) SI_UNIT ( $, .RADIAN. ) );
#399 = LINE ( 'NONE', #8754, #4029 ) ;
#400 = SURFACE_STYLE_USAGE ( .BOTH. , #7756 ) ;
#401 = EDGE_CURVE ( 'NONE', #1342, #5809, #867, .T. ) ;
#402 = VECTOR ( 'NONE', #7045, 1000.000000000000000 ) ;
#403 = LINE ( 'NONE', #7282, #2346 ) ;
#404 = VECTOR ( 'NONE', #318, 1000.000000000000000 ) ;
#405 = SURFACE_STYLE_USAGE ( .BOTH. , #8859 ) ;
#406 = FILL_AREA_STYLE ('',( #7382 ) ) ;
#407 = EDGE_LOOP ( 'NONE', ( #5439, #2636, #5577, #5209 ) ) ;
#408 = LINE ( 'NONE', #229, #526 ) ;
#409 = EDGE_LOOP ( 'NONE', ( #4231, #6713, #6296, #4234 ) ) ;
#410 = DIRECTION ( 'NONE',  ( 0.000000000000000000, -1.000000000000000000, 0.000000000000000000 ) ) ;
#411 = DIRECTION ( 'NONE',  ( 0.000000000000000000, -0.000000000000000000, -1.000000000000000000 ) ) ;
#412 = VECTOR ( 'NONE', #7254, 1000.000000000000000 ) ;
#413 = LINE ( 'NONE', #8818, #5526 ) ;
#414 = CARTESIAN_POINT ( 'NONE',  ( -1.629999999999998561, -0.2139543193336009841, -3.253973965717952943 ) ) ;
#415 = LINE ( 'NONE', #5911, #532 ) ;
#416 = FACE_OUTER_BOUND ( 'NONE', #5435, .T. ) ;
#417 = LINE ( 'NONE', #3824, #6497 ) ;
#418 = DIRECTION ( 'NONE',  ( -1.000000000000000000, 0.000000000000000000, -3.469446951953610738E-16 ) ) ;
#419 = ORIENTED_EDGE ( 'NONE', *, *, #153, .T. ) ;
#420 = ORIENTED_EDGE ( 'NONE', *, *, #2085, .T. ) ;
#421 = ORIENTED_EDGE ( 'NONE', *, *, #1752, .F. ) ;
#422 = SURFACE_STYLE_USAGE ( .BOTH. , #6625 ) ;
#423 = ORIENTED_EDGE ( 'NONE', *, *, #4770, .T. ) ;
#424 = ADVANCED_FACE ( 'NONE', ( #2838 ), #6396, .T. ) ;
#425 = EDGE_CURVE ( 'NONE', #8194, #1958, #5119, .T. ) ;
#426 = FACE_OUTER_BOUND ( 'NONE', #2417, .T. ) ;
#427 = PRESENTATION_STYLE_ASSIGNMENT (( #1901 ) ) ;
#428 =( NAMED_UNIT ( * ) PLANE_ANGLE_UNIT ( ) SI_UNIT ( $, .RADIAN. ) );
#429 = EDGE_CURVE ( 'NONE', #474, #5860, #8488, .T. ) ;
#430 = DIRECTION ( 'NONE',  ( 0.000000000000000000, 0.000000000000000000, -1.000000000000000000 ) ) ;
#431 = DIRECTION ( 'NONE',  ( 0.08715574274765836016, 0.9961946980917455452, 0.000000000000000000 ) ) ;
#432 = PRESENTATION_STYLE_ASSIGNMENT (( #6675 ) ) ;
#433 = PLANE ( 'NONE',  #8345 ) ;
#434 = ORIENTED_EDGE ( 'NONE', *, *, #8286, .T. ) ;
#435 = DIRECTION ( 'NONE',  ( 0.000000000000000000, -0.9327759058474844878, -0.3604568066639949886 ) ) ;
#436 = PRESENTATION_STYLE_ASSIGNMENT (( #7418 ) ) ;
#437 = ORIENTED_EDGE ( 'NONE', *, *, #8741, .T. ) ;
#438 = ORIENTED_EDGE ( 'NONE', *, *, #3943, .F. ) ;
#439 = ORIENTED_EDGE ( 'NONE', *, *, #6776, .T. ) ;
#440 = CIRCLE ( 'NONE', #7604, 0.1499999999999999667 ) ;
#441 = PRESENTATION_STYLE_ASSIGNMENT (( #1594 ) ) ;
#442 = CARTESIAN_POINT ( 'NONE',  ( -2.354999999999999538, 1.100000000000000089, 3.100000000000000089 ) ) ;
#443 = CARTESIAN_POINT ( 'NONE',  ( -0.3599999999999990985, -0.7999999999999999334, 3.583287396400482105 ) ) ;
#444 = FACE_OUTER_BOUND ( 'NONE', #2050, .T. ) ;
#445 = ORIENTED_EDGE ( 'NONE', *, *, #5825, .F. ) ;
#446 = ORIENTED_EDGE ( 'NONE', *, *, #386, .F. ) ;
#447 = AXIS2_PLACEMENT_3D ( 'NONE', #5635, #3565, #5676 ) ;
#448 = ADVANCED_FACE ( 'NONE', ( #6224, #730 ), #687, .T. ) ;
#449 = DIRECTION ( 'NONE',  ( -1.000000000000000000, 0.000000000000000000, 0.000000000000000000 ) ) ;
#450 = LINE ( 'NONE', #5305, #2909 ) ;
#451 = VECTOR ( 'NONE', #662, 1000.000000000000000 ) ;
#452 =( LENGTH_UNIT ( ) NAMED_UNIT ( * ) SI_UNIT ( .MILLI., .METRE. ) );
#453 = CARTESIAN_POINT ( 'NONE',  ( -0.9099999999999991429, -0.2500000000000000000, 3.160696375133204672 ) ) ;
#454 = ADVANCED_FACE ( 'NONE', ( #4148 ), #184, .T. ) ;
#455 =( NAMED_UNIT ( * ) SI_UNIT ( $, .STERADIAN. ) SOLID_ANGLE_UNIT ( ) );
#456 = LINE ( 'NONE', #8822, #8946 ) ;
#457 = LINE ( 'NONE', #1989, #4285 ) ;
#458 = ORIENTED_EDGE ( 'NONE', *, *, #2836, .T. ) ;
#459 = EDGE_CURVE ( 'NONE', #2699, #4678, #5424, .T. ) ;
#460 = VERTEX_POINT ( 'NONE', #5212 ) ;
#461 = CARTESIAN_POINT ( 'NONE',  ( 1.730000000000000426, -0.6500000000000000222, 4.150000000000000355 ) ) ;
#462 = FILL_AREA_STYLE ('',( #605 ) ) ;
#463 = AXIS2_PLACEMENT_3D ( 'NONE', #4297, #4243, #8451 ) ;
#464 = SURFACE_SIDE_STYLE ('',( #8238 ) ) ;
#465 = ORIENTED_EDGE ( 'NONE', *, *, #6931, .F. ) ;
#466 = VECTOR ( 'NONE', #5788, 1000.000000000000000 ) ;
#467 = VECTOR ( 'NONE', #4002, 1000.000000000000000 ) ;
#468 = VECTOR ( 'NONE', #4473, 999.9999999999998863 ) ;
#469 = EDGE_LOOP ( 'NONE', ( #5513, #3743, #419, #8682 ) ) ;
#470 = UNCERTAINTY_MEASURE_WITH_UNIT (LENGTH_MEASURE( 1.000000000000000082E-05 ), #2287, 'distance_accuracy_value', 'NONE');
#471 = ORIENTED_EDGE ( 'NONE', *, *, #5998, .F. ) ;
#472 = CARTESIAN_POINT ( 'NONE',  ( 0.8099999999999999423, 1.399999999999999911, 0.6249999999999995559 ) ) ;
#473 = DIRECTION ( 'NONE',  ( 0.000000000000000000, 0.000000000000000000, 1.000000000000000000 ) ) ;
#474 = VERTEX_POINT ( 'NONE', #3732 ) ;
#475 = CIRCLE ( 'NONE', #5882, 0.09999999999999982514 ) ;
#476 = CARTESIAN_POINT ( 'NONE',  ( 0.9100000000000010303, -0.7040685209995984906, -3.443371010523358589 ) ) ;
#477 = ORIENTED_EDGE ( 'NONE', *, *, #1280, .F. ) ;
#478 = PRESENTATION_LAYER_ASSIGNMENT (  '', '', ( #341 ) ) ;
#479 =( GEOMETRIC_REPRESENTATION_CONTEXT ( 3 ) GLOBAL_UNCERTAINTY_ASSIGNED_CONTEXT ( ( #4407 ) ) GLOBAL_UNIT_ASSIGNED_CONTEXT ( ( #7216, #5176, #4437 ) ) REPRESENTATION_CONTEXT ( 'NONE', 'WORKASPACE' ) );
#480 = STYLED_ITEM ( 'NONE', ( #7812 ), #1444 ) ;
#481 = CARTESIAN_POINT ( 'NONE',  ( 2.973767004711114659, 1.500000000000000000, -3.100000000000000089 ) ) ;
#482 = EDGE_CURVE ( 'NONE', #8408, #683, #3686, .T. ) ;
#483 = DIRECTION ( 'NONE',  ( -0.7071067811865444641, 0.000000000000000000, 0.7071067811865505703 ) ) ;
#484 = PRESENTATION_STYLE_ASSIGNMENT (( #7426 ) ) ;
#485 =( LENGTH_UNIT ( ) NAMED_UNIT ( * ) SI_UNIT ( .MILLI., .METRE. ) );
#486 = CARTESIAN_POINT ( 'NONE',  ( -1.634146371571135736, 1.452606756075222938, 1.995853628428862825 ) ) ;
#487 = FILL_AREA_STYLE ('',( #1922 ) ) ;
#488 = ORIENTED_EDGE ( 'NONE', *, *, #2484, .F. ) ;
#489 = FACE_OUTER_BOUND ( 'NONE', #1249, .T. ) ;
#490 =( GEOMETRIC_REPRESENTATION_CONTEXT ( 3 ) GLOBAL_UNCERTAINTY_ASSIGNED_CONTEXT ( ( #6595 ) ) GLOBAL_UNIT_ASSIGNED_CONTEXT ( ( #7265, #7304, #3114 ) ) REPRESENTATION_CONTEXT ( 'NONE', 'WORKASPACE' ) );
#491 = CARTESIAN_POINT ( 'NONE',  ( 0.9100000000000010303, -0.1499999999999999667, 3.229259809214934940 ) ) ;
#492 = VECTOR ( 'NONE', #6679, 1000.000000000000000 ) ;
#493 = AXIS2_PLACEMENT_3D ( 'NONE', #3347, #7452, #556 ) ;
#494 = EDGE_LOOP ( 'NONE', ( #5282, #6960, #2651, #8500 ) ) ;
#495 = SURFACE_STYLE_FILL_AREA ( #6742 ) ;
#496 = CARTESIAN_POINT ( 'NONE',  ( -2.179999999999998828, -0.1499999999999999667, -3.229259809214934940 ) ) ;
#497 = DIRECTION ( 'NONE',  ( 2.168404344971008868E-16, 0.000000000000000000, 1.000000000000000000 ) ) ;
#498 = LINE ( 'NONE', #2708, #7621 ) ;
#499 = LINE ( 'NONE', #3999, #8810 ) ;
#500 = ORIENTED_EDGE ( 'NONE', *, *, #2488, .T. ) ;
#501 = SURFACE_STYLE_FILL_AREA ( #4097 ) ;
#502 = DIRECTION ( 'NONE',  ( -1.000000000000000000, 0.000000000000000000, -0.000000000000000000 ) ) ;
#503 = LINE ( 'NONE', #1194, #7653 ) ;
#504 = SURFACE_STYLE_FILL_AREA ( #3955 ) ;
#505 =( GEOMETRIC_REPRESENTATION_CONTEXT ( 3 ) GLOBAL_UNCERTAINTY_ASSIGNED_CONTEXT ( ( #716 ) ) GLOBAL_UNIT_ASSIGNED_CONTEXT ( ( #4942, #6765, #7678 ) ) REPRESENTATION_CONTEXT ( 'NONE', 'WORKASPACE' ) );
#506 = ORIENTED_EDGE ( 'NONE', *, *, #291, .F. ) ;
#507 =( GEOMETRIC_REPRESENTATION_CONTEXT ( 3 ) GLOBAL_UNCERTAINTY_ASSIGNED_CONTEXT ( ( #3543 ) ) GLOBAL_UNIT_ASSIGNED_CONTEXT ( ( #8555, #1719, #7223 ) ) REPRESENTATION_CONTEXT ( 'NONE', 'WORKASPACE' ) );
#508 = PLANE ( 'NONE',  #7221 ) ;
#509 = ADVANCED_FACE ( 'NONE', ( #7338 ), #4422, .F. ) ;
#510 = STYLED_ITEM ( 'NONE', ( #5628 ), #2766 ) ;
#511 = EDGE_LOOP ( 'NONE', ( #3895, #6794, #5062 ) ) ;
#512 = CARTESIAN_POINT ( 'NONE',  ( -1.979999999999999094, 1.500000000000000000, -0.5250000000000004663 ) ) ;
#513 =( GEOMETRIC_REPRESENTATION_CONTEXT ( 3 ) GLOBAL_UNCERTAINTY_ASSIGNED_CONTEXT ( ( #1534 ) ) GLOBAL_UNIT_ASSIGNED_CONTEXT ( ( #1900, #3350, #5375 ) ) REPRESENTATION_CONTEXT ( 'NONE', 'WORKASPACE' ) );
#514 = MECHANICAL_DESIGN_GEOMETRIC_PRESENTATION_REPRESENTATION (  '', ( #3587 ), #317 ) ;
#515 = ORIENTED_EDGE ( 'NONE', *, *, #3035, .T. ) ;
#516 = EDGE_LOOP ( 'NONE', ( #638, #3934, #125, #3733, #3786, #7399 ) ) ;
#517 = DIRECTION ( 'NONE',  ( 0.000000000000000000, 0.000000000000000000, -1.000000000000000000 ) ) ;
#518 = UNCERTAINTY_MEASURE_WITH_UNIT (LENGTH_MEASURE( 1.000000000000000082E-05 ), #7155, 'distance_accuracy_value', 'NONE');
#519 = CARTESIAN_POINT ( 'NONE',  ( -0.3599999999999990985, -0.2500000000000000000, 3.160696375133204672 ) ) ;
#520 = ORIENTED_EDGE ( 'NONE', *, *, #5113, .F. ) ;
#521 = CARTESIAN_POINT ( 'NONE',  ( -0.1266436982002402400, -0.7999999999999999334, 3.816643698200240742 ) ) ;
#522 = FILL_AREA_STYLE ('',( #8944 ) ) ;
#523 = ORIENTED_EDGE ( 'NONE', *, *, #2093, .F. ) ;
#524 = MECHANICAL_DESIGN_GEOMETRIC_PRESENTATION_REPRESENTATION (  '', ( #1258 ), #8118 ) ;
#525 = VERTEX_POINT ( 'NONE', #5162 ) ;
#526 = VECTOR ( 'NONE', #5807, 1000.000000000000000 ) ;
#527 = CARTESIAN_POINT ( 'NONE',  ( 0.8099999999999999423, -0.6500000000000000222, -4.150000000000000355 ) ) ;
#528 = EDGE_CURVE ( 'NONE', #6637, #1996, #1588, .T. ) ;
#529 = LINE ( 'NONE', #1919, #4120 ) ;
#530 = EDGE_CURVE ( 'NONE', #6243, #4295, #7286, .T. ) ;
#531 = SURFACE_SIDE_STYLE ('',( #9004 ) ) ;
#532 = VECTOR ( 'NONE', #4522, 1000.000000000000000 ) ;
#533 = ORIENTED_EDGE ( 'NONE', *, *, #5564, .T. ) ;
#534 = CARTESIAN_POINT ( 'NONE',  ( 2.079999999999999183, 1.100000000000000089, 0.6249999999999995559 ) ) ;
#535 = VECTOR ( 'NONE', #3436, 1000.000000000000000 ) ;
#536 = PRESENTATION_LAYER_ASSIGNMENT (  '', '', ( #6961 ) ) ;
#537 = ORIENTED_EDGE ( 'NONE', *, *, #2826, .F. ) ;
#538 = PRESENTATION_STYLE_ASSIGNMENT (( #6887 ) ) ;
#539 = CARTESIAN_POINT ( 'NONE',  ( 2.235337657415446433, 1.100000000000000089, -3.100000000000000089 ) ) ;
#540 = AXIS2_PLACEMENT_3D ( 'NONE', #3869, #4389, #973 ) ;
#541 = CARTESIAN_POINT ( 'NONE',  ( 0.4600000000000003531, 1.500000000000000000, -0.5250000000000004663 ) ) ;
#542 = ORIENTED_EDGE ( 'NONE', *, *, #1730, .F. ) ;
#543 = DIRECTION ( 'NONE',  ( 0.000000000000000000, 0.9961946980917455452, 0.08715574274765836016 ) ) ;
#544 = AXIS2_PLACEMENT_3D ( 'NONE', #5383, #6773, #517 ) ;
#545 = VECTOR ( 'NONE', #8760, 1000.000000000000000 ) ;
#546 = DIRECTION ( 'NONE',  ( 0.000000000000000000, 1.000000000000000000, -0.000000000000000000 ) ) ;
#547 = DIRECTION ( 'NONE',  ( 0.000000000000000000, 0.000000000000000000, -1.000000000000000000 ) ) ;
#548 = FILL_AREA_STYLE ('',( #3904 ) ) ;
#549 = ORIENTED_EDGE ( 'NONE', *, *, #8831, .F. ) ;
#550 = CARTESIAN_POINT ( 'NONE',  ( 0.5014213562373098787, 1.500000000000000000, -0.5835786437626909740 ) ) ;
#551 = PRESENTATION_LAYER_ASSIGNMENT (  '', '', ( #8571 ) ) ;
#552 = DIRECTION ( 'NONE',  ( 0.000000000000000000, 0.000000000000000000, -1.000000000000000000 ) ) ;
#553 = FILL_AREA_STYLE_COLOUR ( '', #4869 ) ;
#554 = VECTOR ( 'NONE', #1591, 1000.000000000000000 ) ;
#555 = VERTEX_POINT ( 'NONE', #3146 ) ;
#556 = DIRECTION ( 'NONE',  ( 0.000000000000000000, -0.000000000000000000, 1.000000000000000000 ) ) ;
#557 = FILL_AREA_STYLE_COLOUR ( '', #7564 ) ;
#558 = DIRECTION ( 'NONE',  ( 0.000000000000000000, -0.000000000000000000, 1.000000000000000000 ) ) ;
#559 = FILL_AREA_STYLE_COLOUR ( '', #7560 ) ;
#560 = CARTESIAN_POINT ( 'NONE',  ( -1.638748866352591538, 1.399999999999999911, 1.991251133647407245 ) ) ;
#561 = ORIENTED_EDGE ( 'NONE', *, *, #2827, .F. ) ;
#562 = DIRECTION ( 'NONE',  ( -1.000000000000000000, -0.000000000000000000, -0.000000000000000000 ) ) ;
#563 = EDGE_CURVE ( 'NONE', #6902, #5889, #230, .T. ) ;
#564 = ORIENTED_EDGE ( 'NONE', *, *, #2650, .T. ) ;
#565 = DIRECTION ( 'NONE',  ( 0.000000000000000000, 0.000000000000000000, -1.000000000000000000 ) ) ;
#566 = UNCERTAINTY_MEASURE_WITH_UNIT (LENGTH_MEASURE( 1.000000000000000082E-05 ), #6608, 'distance_accuracy_value', 'NONE');
#567 = ORIENTED_EDGE ( 'NONE', *, *, #4195, .F. ) ;
#568 = PRESENTATION_STYLE_ASSIGNMENT (( #6828 ) ) ;
#569 = EDGE_CURVE ( 'NONE', #692, #2985, #7432, .T. ) ;
#570 = CARTESIAN_POINT ( 'NONE',  ( -1.629999999999998561, -0.6500000000000000222, 4.150000000000000355 ) ) ;
#571 = ORIENTED_EDGE ( 'NONE', *, *, #1371, .T. ) ;
#572 = FACE_OUTER_BOUND ( 'NONE', #2589, .T. ) ;
#573 = CARTESIAN_POINT ( 'NONE',  ( 0.9100000000000010303, -0.7040685209995984906, 3.443371010523358589 ) ) ;
#574 = CARTESIAN_POINT ( 'NONE',  ( 0.9100000000000010303, -0.2500000000000000000, -4.049999999999998046 ) ) ;
#575 = EDGE_CURVE ( 'NONE', #7684, #3066, #6686, .T. ) ;
#576 = ORIENTED_EDGE ( 'NONE', *, *, #7990, .F. ) ;
#577 = SURFACE_SIDE_STYLE ('',( #6837 ) ) ;
#578 = SURFACE_SIDE_STYLE ('',( #3456 ) ) ;
#579 = DIRECTION ( 'NONE',  ( 0.000000000000000000, 0.000000000000000000, 1.000000000000000000 ) ) ;
#580 = CYLINDRICAL_SURFACE ( 'NONE', #2087, 0.1000000000000001027 ) ;
#581 = ORIENTED_EDGE ( 'NONE', *, *, #5660, .F. ) ;
#582 = FILL_AREA_STYLE ('',( #2566 ) ) ;
#583 = DIRECTION ( 'NONE',  ( 0.000000000000000000, 0.000000000000000000, 1.000000000000000000 ) ) ;
#584 = ORIENTED_EDGE ( 'NONE', *, *, #6609, .F. ) ;
#585 = DIRECTION ( 'NONE',  ( 0.000000000000000000, -0.000000000000000000, 1.000000000000000000 ) ) ;
#586 = EDGE_CURVE ( 'NONE', #5300, #4685, #166, .T. ) ;
#587 = ORIENTED_EDGE ( 'NONE', *, *, #7211, .T. ) ;
#588 = SURFACE_STYLE_USAGE ( .BOTH. , #8965 ) ;
#589 = CARTESIAN_POINT ( 'NONE',  ( -2.179999999999998828, -0.2500000000000000000, -3.160696375133204672 ) ) ;
#590 = PLANE ( 'NONE',  #8066 ) ;
#591 = VERTEX_POINT ( 'NONE', #1832 ) ;
#592 = CARTESIAN_POINT ( 'NONE',  ( 0.3600000000000009859, 0.000000000000000000, -3.229259809214934052 ) ) ;
#593 = MECHANICAL_DESIGN_GEOMETRIC_PRESENTATION_REPRESENTATION (  '', ( #8753 ), #2923 ) ;
#594 = UNCERTAINTY_MEASURE_WITH_UNIT (LENGTH_MEASURE( 1.000000000000000082E-05 ), #5924, 'distance_accuracy_value', 'NONE');
#595 =( NAMED_UNIT ( * ) SI_UNIT ( $, .STERADIAN. ) SOLID_ANGLE_UNIT ( ) );
#596 = ORIENTED_EDGE ( 'NONE', *, *, #9057, .T. ) ;
#597 = ORIENTED_EDGE ( 'NONE', *, *, #4414, .F. ) ;
#598 = LINE ( 'NONE', #3388, #1978 ) ;
#599 = DIRECTION ( 'NONE',  ( 1.000000000000000000, 0.000000000000000000, 0.000000000000000000 ) ) ;
#600 = CARTESIAN_POINT ( 'NONE',  ( 1.630000000000001004, -0.1500000000000001610, -3.160696375133204228 ) ) ;
#601 = MECHANICAL_DESIGN_GEOMETRIC_PRESENTATION_REPRESENTATION (  '', ( #3657 ), #2797 ) ;
#602 = PRESENTATION_LAYER_ASSIGNMENT (  '', '', ( #4983 ) ) ;
#603 = UNCERTAINTY_MEASURE_WITH_UNIT (LENGTH_MEASURE( 1.000000000000000082E-05 ), #7546, 'distance_accuracy_value', 'NONE');
#604 =( NAMED_UNIT ( * ) SI_UNIT ( $, .STERADIAN. ) SOLID_ANGLE_UNIT ( ) );
#605 = FILL_AREA_STYLE_COLOUR ( '', #2111 ) ;
#606 = ADVANCED_FACE ( 'NONE', ( #7386 ), #1278, .T. ) ;
#607 = DIRECTION ( 'NONE',  ( 1.000000000000000000, 0.000000000000000000, 0.000000000000000000 ) ) ;
#608 = CARTESIAN_POINT ( 'NONE',  ( 1.730000000000000426, -0.6500000000000000222, 4.150000000000000355 ) ) ;
#609 = EDGE_LOOP ( 'NONE', ( #155, #4894, #610, #948 ) ) ;
#610 = ORIENTED_EDGE ( 'NONE', *, *, #5016, .T. ) ;
#611 = STYLED_ITEM ( 'NONE', ( #381 ), #7204 ) ;
#612 = ORIENTED_EDGE ( 'NONE', *, *, #1019, .F. ) ;
#613 = PLANE ( 'NONE',  #4932 ) ;
#614 = CYLINDRICAL_SURFACE ( 'NONE', #4934, 0.09999999999999982514 ) ;
#615 = EDGE_LOOP ( 'NONE', ( #2886, #8305, #1663, #2399 ) ) ;
#616 = STYLED_ITEM ( 'NONE', ( #938 ), #7650 ) ;
#617 = ORIENTED_EDGE ( 'NONE', *, *, #7691, .F. ) ;
#618 = MECHANICAL_DESIGN_GEOMETRIC_PRESENTATION_REPRESENTATION (  '', ( #3395 ), #909 ) ;
#619 = STYLED_ITEM ( 'NONE', ( #2897 ), #7965 ) ;
#620 = EDGE_CURVE ( 'NONE', #710, #7819, #3370, .T. ) ;
#621 = VECTOR ( 'NONE', #3046, 1000.000000000000000 ) ;
#622 = SURFACE_STYLE_USAGE ( .BOTH. , #7710 ) ;
#623 = EDGE_CURVE ( 'NONE', #5300, #7118, #7083, .T. ) ;
#624 = ORIENTED_EDGE ( 'NONE', *, *, #5046, .T. ) ;
#625 = ORIENTED_EDGE ( 'NONE', *, *, #6926, .T. ) ;
#626 = FACE_OUTER_BOUND ( 'NONE', #3257, .T. ) ;
#627 = AXIS2_PLACEMENT_3D ( 'NONE', #2903, #5658, #2449 ) ;
#628 = STYLED_ITEM ( 'NONE', ( #2632 ), #8322 ) ;
#629 = COLOUR_RGB ( '',0.6470588235294117974, 0.6196078431372549211, 0.5882352941176470784 ) ;
#631 = SURFACE_STYLE_FILL_AREA ( #7437 ) ;
#630 = PRESENTATION_LAYER_ASSIGNMENT (  '', '', ( #8209 ) ) ;
#632 =( BOUNDED_CURVE ( )  B_SPLINE_CURVE ( 3, ( #512, #4726, #7516, #1260 ),
 .UNSPECIFIED., .F., .T. ) 
 B_SPLINE_CURVE_WITH_KNOTS ( ( 4, 4 ),
 ( 1.570796326794896558, 3.141592653589793116 ),
 .UNSPECIFIED. ) 
 CURVE ( )  GEOMETRIC_REPRESENTATION_ITEM ( )  RATIONAL_B_SPLINE_CURVE ( ( 1.000000000000000000, 0.8047378541243649375, 0.8047378541243649375, 1.000000000000000000 ) ) 
 REPRESENTATION_ITEM ( '' )  );
#633 = CARTESIAN_POINT ( 'NONE',  ( -0.3599999999999992095, -0.1499999999999999944, 3.100000000000000089 ) ) ;
#634 = VECTOR ( 'NONE', #6526, 1000.000000000000000 ) ;
#635 = CARTESIAN_POINT ( 'NONE',  ( -0.3599999999999990985, -0.6500000000000000222, 4.150000000000000355 ) ) ;
#636 = AXIS2_PLACEMENT_3D ( 'NONE', #372, #5952, #8730 ) ;
#637 = COLOUR_RGB ( '',0.6470588235294117974, 0.6196078431372549211, 0.5882352941176470784 ) ;
#638 = ORIENTED_EDGE ( 'NONE', *, *, #1551, .T. ) ;
#639 =( LENGTH_UNIT ( ) NAMED_UNIT ( * ) SI_UNIT ( .MILLI., .METRE. ) );
#640 = DIRECTION ( 'NONE',  ( 1.000000000000000000, 0.000000000000000000, 0.000000000000000000 ) ) ;
#641 = PRESENTATION_STYLE_ASSIGNMENT (( #6128 ) ) ;
#642 = EDGE_LOOP ( 'NONE', ( #2657, #5648, #3531, #895, #3381, #1583 ) ) ;
#643 = CARTESIAN_POINT ( 'NONE',  ( 0.9100000000000010303, -0.2139543193336009841, 3.253973965717952943 ) ) ;
#644 = EDGE_LOOP ( 'NONE', ( #2195, #1906, #8170, #3430 ) ) ;
#645 = VERTEX_POINT ( 'NONE', #1598 ) ;
#646 = PRESENTATION_LAYER_ASSIGNMENT (  '', '', ( #2546 ) ) ;
#647 = ORIENTED_EDGE ( 'NONE', *, *, #4507, .T. ) ;
#648 = PLANE ( 'NONE',  #540 ) ;
#649 = PRESENTATION_LAYER_ASSIGNMENT (  '', '', ( #3836 ) ) ;
#650 = DIRECTION ( 'NONE',  ( 0.000000000000000000, -0.000000000000000000, 1.000000000000000000 ) ) ;
#651 = EDGE_CURVE ( 'NONE', #4685, #5896, #2258, .T. ) ;
#652 = MECHANICAL_DESIGN_GEOMETRIC_PRESENTATION_REPRESENTATION (  '', ( #7196 ), #8817 ) ;
#653 = PRESENTATION_STYLE_ASSIGNMENT (( #6913 ) ) ;
#654 = VERTEX_POINT ( 'NONE', #2831 ) ;
#655 = EDGE_CURVE ( 'NONE', #8201, #313, #724, .T. ) ;
#656 = COLOUR_RGB ( '',0.6470588235294117974, 0.6196078431372549211, 0.5882352941176470784 ) ;
#657 = EDGE_LOOP ( 'NONE', ( #1620, #8190, #6801, #8112, #6967, #4613 ) ) ;
#658 = DIRECTION ( 'NONE',  ( -1.000000000000000000, -0.000000000000000000, -0.000000000000000000 ) ) ;
#659 = CARTESIAN_POINT ( 'NONE',  ( -0.4599999999999994649, 1.458578643762690419, 0.6249999999999994449 ) ) ;
#660 = SURFACE_SIDE_STYLE ('',( #1693 ) ) ;
#661 = VERTEX_POINT ( 'NONE', #2709 ) ;
#662 = DIRECTION ( 'NONE',  ( -1.000000000000000000, -0.000000000000000000, -0.000000000000000000 ) ) ;
#663 = CARTESIAN_POINT ( 'NONE',  ( -0.9099999999999993650, 1.399999999999999911, 1.262607324199603642 ) ) ;
#664 = COLOUR_RGB ( '',0.6470588235294117974, 0.6196078431372549211, 0.5882352941176470784 ) ;
#665 =( GEOMETRIC_REPRESENTATION_CONTEXT ( 3 ) GLOBAL_UNCERTAINTY_ASSIGNED_CONTEXT ( ( #6918 ) ) GLOBAL_UNIT_ASSIGNED_CONTEXT ( ( #3466, #6937, #4236 ) ) REPRESENTATION_CONTEXT ( 'NONE', 'WORKASPACE' ) );
#666 = ORIENTED_EDGE ( 'NONE', *, *, #2289, .F. ) ;
#667 = ADVANCED_FACE ( 'NONE', ( #6170 ), #2112, .F. ) ;
#668 = AXIS2_PLACEMENT_3D ( 'NONE', #8234, #1948, #8096 ) ;
#669 = CARTESIAN_POINT ( 'NONE',  ( -0.3599999999999990985, -0.6500000000000000222, -4.150000000000000355 ) ) ;
#670 = CARTESIAN_POINT ( 'NONE',  ( -1.629999999999998561, -0.1499999999999999944, 3.100000000000000089 ) ) ;
#671 = PRESENTATION_STYLE_ASSIGNMENT (( #622 ) ) ;
#672 = SURFACE_STYLE_USAGE ( .BOTH. , #4135 ) ;
#673 = ORIENTED_EDGE ( 'NONE', *, *, #1752, .T. ) ;
#674 = ORIENTED_EDGE ( 'NONE', *, *, #3959, .F. ) ;
#675 = FILL_AREA_STYLE_COLOUR ( '', #2814 ) ;
#676 = PRESENTATION_LAYER_ASSIGNMENT (  '', '', ( #4624 ) ) ;
#677 = EDGE_CURVE ( 'NONE', #8093, #7033, #4679, .T. ) ;
#678 = PRESENTATION_LAYER_ASSIGNMENT (  '', '', ( #1559 ) ) ;
#679 = LINE ( 'NONE', #6891, #781 ) ;
#680 =( LENGTH_UNIT ( ) NAMED_UNIT ( * ) SI_UNIT ( .MILLI., .METRE. ) );
#681 = CARTESIAN_POINT ( 'NONE',  ( -0.3599999999999990985, -0.1499999999999999944, 2.969702453438674006 ) ) ;
#682 = ADVANCED_FACE ( 'NONE', ( #5671 ), #1411, .F. ) ;
#683 = VERTEX_POINT ( 'NONE', #37 ) ;
#684 = PLANE ( 'NONE',  #4634 ) ;
#685 = UNCERTAINTY_MEASURE_WITH_UNIT (LENGTH_MEASURE( 1.000000000000000082E-05 ), #3447, 'distance_accuracy_value', 'NONE');
#686 = FACE_OUTER_BOUND ( 'NONE', #3432, .T. ) ;
#687 = PLANE ( 'NONE',  #4242 ) ;
#688 = EDGE_LOOP ( 'NONE', ( #267, #5766, #2150, #758 ) ) ;
#689 = CARTESIAN_POINT ( 'NONE',  ( 1.629999999999998561, 1.399999999999999911, -1.991251133647408134 ) ) ;
#690 = ORIENTED_EDGE ( 'NONE', *, *, #6104, .T. ) ;
#691 = VECTOR ( 'NONE', #8427, 1000.000000000000000 ) ;
#692 = VERTEX_POINT ( 'NONE', #4938 ) ;
#693 = DIRECTION ( 'NONE',  ( 1.000000000000000000, 0.000000000000000000, -0.000000000000000000 ) ) ;
#694 = STYLED_ITEM ( 'NONE', ( #737 ), #5404 ) ;
#695 = CARTESIAN_POINT ( 'NONE',  ( -1.629999999999998561, -0.6500000000000000222, -4.049999999999998046 ) ) ;
#696 = MECHANICAL_DESIGN_GEOMETRIC_PRESENTATION_REPRESENTATION (  '', ( #3319 ), #397 ) ;
#697 = FILL_AREA_STYLE_COLOUR ( '', #3009 ) ;
#698 = VECTOR ( 'NONE', #3274, 1000.000000000000000 ) ;
#699 = DIRECTION ( 'NONE',  ( 0.9961946980917455452, -0.08715574274765836016, 0.000000000000000000 ) ) ;
#700 = ORIENTED_EDGE ( 'NONE', *, *, #6764, .F. ) ;
#701 = UNCERTAINTY_MEASURE_WITH_UNIT (LENGTH_MEASURE( 1.000000000000000082E-05 ), #3559, 'distance_accuracy_value', 'NONE');
#702 = EDGE_CURVE ( 'NONE', #4027, #5977, #4239, .T. ) ;
#703 = SURFACE_STYLE_USAGE ( .BOTH. , #1744 ) ;
#704 = ADVANCED_FACE ( 'NONE', ( #776 ), #3560, .T. ) ;
#705 = ORIENTED_EDGE ( 'NONE', *, *, #7276, .T. ) ;
#706 = SURFACE_STYLE_FILL_AREA ( #7129 ) ;
#707 = LINE ( 'NONE', #4218, #402 ) ;
#708 = FACE_OUTER_BOUND ( 'NONE', #5336, .T. ) ;
#709 = SURFACE_STYLE_FILL_AREA ( #2177 ) ;
#710 = VERTEX_POINT ( 'NONE', #6466 ) ;
#711 = SURFACE_STYLE_USAGE ( .BOTH. , #5560 ) ;
#712 = EDGE_CURVE ( 'NONE', #2055, #1136, #3681, .T. ) ;
#713 = LINE ( 'NONE', #2049, #3264 ) ;
#714 = ORIENTED_EDGE ( 'NONE', *, *, #3921, .T. ) ;
#715 = EDGE_CURVE ( 'NONE', #1915, #7353, #7901, .T. ) ;
#716 = UNCERTAINTY_MEASURE_WITH_UNIT (LENGTH_MEASURE( 1.000000000000000082E-05 ), #4942, 'distance_accuracy_value', 'NONE');
#717 = CARTESIAN_POINT ( 'NONE',  ( -1.629999999999998561, -0.2139543193336009841, 3.253973965717952943 ) ) ;
#718 = PRESENTATION_STYLE_ASSIGNMENT (( #2869 ) ) ;
#719 = DIRECTION ( 'NONE',  ( 0.08682659386424779191, 0.9924325091389670783, -0.08682659386424779191 ) ) ;
#720 = ORIENTED_EDGE ( 'NONE', *, *, #3211, .F. ) ;
#721 = DIRECTION ( 'NONE',  ( -1.000000000000000000, -0.000000000000000000, -0.000000000000000000 ) ) ;
#722 = ORIENTED_EDGE ( 'NONE', *, *, #2646, .T. ) ;
#723 = DIRECTION ( 'NONE',  ( -0.08682659386424779191, 0.9924325091389669673, -0.08682659386424777803 ) ) ;
#724 = LINE ( 'NONE', #8350, #889 ) ;
#725 = FILL_AREA_STYLE_COLOUR ( '', #4127 ) ;
#726 = ORIENTED_EDGE ( 'NONE', *, *, #3525, .T. ) ;
#727 = SURFACE_STYLE_USAGE ( .BOTH. , #3510 ) ;
#728 = LINE ( 'NONE', #5633, #6441 ) ;
#729 = CARTESIAN_POINT ( 'NONE',  ( -2.819622550835295005, -0.5500000000000001554, 2.814622550835295556 ) ) ;
#730 = FACE_OUTER_BOUND ( 'NONE', #609, .T. ) ;
#731 = ADVANCED_FACE ( 'NONE', ( #7846 ), #4291, .T. ) ;
#732 = VERTEX_POINT ( 'NONE', #8016 ) ;
#733 = LINE ( 'NONE', #5637, #1352 ) ;
#734 = ORIENTED_EDGE ( 'NONE', *, *, #2488, .F. ) ;
#735 = SURFACE_STYLE_FILL_AREA ( #3647 ) ;
#736 = DIRECTION ( 'NONE',  ( -1.000000000000000000, -0.000000000000000000, -0.000000000000000000 ) ) ;
#737 = PRESENTATION_STYLE_ASSIGNMENT (( #1161 ) ) ;
#738 = EDGE_CURVE ( 'NONE', #7383, #9022, #5931, .T. ) ;
#739 = EDGE_CURVE ( 'NONE', #9022, #2133, #8202, .T. ) ;
#740 = AXIS2_PLACEMENT_3D ( 'NONE', #2913, #2958, #5711 ) ;
#741 =( NAMED_UNIT ( * ) PLANE_ANGLE_UNIT ( ) SI_UNIT ( $, .RADIAN. ) );
#742 = EDGE_CURVE ( 'NONE', #794, #3134, #6421, .T. ) ;
#743 = FILL_AREA_STYLE ('',( #1558 ) ) ;
#744 = EDGE_CURVE ( 'NONE', #6663, #2792, #1767, .T. ) ;
#745 = VECTOR ( 'NONE', #3128, 1000.000000000000000 ) ;
#746 = ORIENTED_EDGE ( 'NONE', *, *, #6764, .T. ) ;
#747 = AXIS2_PLACEMENT_3D ( 'NONE', #2885, #2198, #6353 ) ;
#748 = DIRECTION ( 'NONE',  ( -1.000000000000000000, -0.000000000000000000, -0.000000000000000000 ) ) ;
#749 = CARTESIAN_POINT ( 'NONE',  ( 0.8099999999999999423, 1.399999999999999911, 0.6249999999999995559 ) ) ;
#750 = EDGE_LOOP ( 'NONE', ( #4054, #3177, #4912, #7263 ) ) ;
#751 =( NAMED_UNIT ( * ) PLANE_ANGLE_UNIT ( ) SI_UNIT ( $, .RADIAN. ) );
#752 = CARTESIAN_POINT ( 'NONE',  ( -2.819622550835295005, -0.6500000000000001332, -2.906255668237037515 ) ) ;
#753 = CARTESIAN_POINT ( 'NONE',  ( 3.058183695533164936, 0.5351128086779367576, -3.053183695533163711 ) ) ;
#754 =( GEOMETRIC_REPRESENTATION_CONTEXT ( 3 ) GLOBAL_UNCERTAINTY_ASSIGNED_CONTEXT ( ( #1417 ) ) GLOBAL_UNIT_ASSIGNED_CONTEXT ( ( #2731, #3263, #6774 ) ) REPRESENTATION_CONTEXT ( 'NONE', 'WORKASPACE' ) );
#755 = AXIS2_PLACEMENT_3D ( 'NONE', #491, #8903, #583 ) ;
#756 = DIRECTION ( 'NONE',  ( 0.000000000000000000, 0.000000000000000000, 1.000000000000000000 ) ) ;
#757 = CARTESIAN_POINT ( 'NONE',  ( 0.3600000000000009304, -0.1499999999999999944, 3.100000000000000089 ) ) ;
#758 = ORIENTED_EDGE ( 'NONE', *, *, #1090, .T. ) ;
#759 = FACE_OUTER_BOUND ( 'NONE', #7798, .T. ) ;
#760 =( NAMED_UNIT ( * ) SI_UNIT ( $, .STERADIAN. ) SOLID_ANGLE_UNIT ( ) );
#761 = FACE_OUTER_BOUND ( 'NONE', #3551, .T. ) ;
#762 = VECTOR ( 'NONE', #8186, 1000.000000000000000 ) ;
#763 = LINE ( 'NONE', #2181, #7358 ) ;
#764 = CARTESIAN_POINT ( 'NONE',  ( -0.3599999999999990985, -0.09593147900040142895, 3.369176195092057569 ) ) ;
#765 =( LENGTH_UNIT ( ) NAMED_UNIT ( * ) SI_UNIT ( .MILLI., .METRE. ) );
#766 = STYLED_ITEM ( 'NONE', ( #1313 ), #7610 ) ;
#767 = ORIENTED_EDGE ( 'NONE', *, *, #3864, .F. ) ;
#768 = DIRECTION ( 'NONE',  ( -1.000000000000000000, 0.000000000000000000, 0.000000000000000000 ) ) ;
#769 = EDGE_CURVE ( 'NONE', #6053, #5901, #5427, .T. ) ;
#770 = COLOUR_RGB ( '',0.6470588235294117974, 0.6196078431372549211, 0.5882352941176470784 ) ;
#771 = STYLED_ITEM ( 'NONE', ( #1326 ), #2525 ) ;
#772 = VECTOR ( 'NONE', #3501, 1000.000000000000000 ) ;
#773 = DIRECTION ( 'NONE',  ( 1.000000000000000000, 0.000000000000000000, -3.942553354492739094E-16 ) ) ;
#774 = LINE ( 'NONE', #2912, #4756 ) ;
#775 = SURFACE_SIDE_STYLE ('',( #6254 ) ) ;
#776 = FACE_OUTER_BOUND ( 'NONE', #182, .T. ) ;
#777 = PRESENTATION_STYLE_ASSIGNMENT (( #4373 ) ) ;
#778 = EDGE_LOOP ( 'NONE', ( #477, #8654, #4681, #8661 ) ) ;
#779 = FILL_AREA_STYLE_COLOUR ( '', #3118 ) ;
#780 = PRESENTATION_LAYER_ASSIGNMENT (  '', '', ( #628 ) ) ;
#781 = VECTOR ( 'NONE', #4711, 1000.000000000000000 ) ;
#782 = ORIENTED_EDGE ( 'NONE', *, *, #7880, .F. ) ;
#783 = COLOUR_RGB ( '',0.6470588235294117974, 0.6196078431372549211, 0.5882352941176470784 ) ;
#784 = ORIENTED_EDGE ( 'NONE', *, *, #3985, .T. ) ;
#785 = CARTESIAN_POINT ( 'NONE',  ( -3.104999999999999094, 0.000000000000000000, 3.100000000000000089 ) ) ;
#786 = CARTESIAN_POINT ( 'NONE',  ( 0.9099999999999991429, 1.500000000000000000, -2.000000000000000444 ) ) ;
#787 = AXIS2_PLACEMENT_3D ( 'NONE', #3275, #4555, #3218 ) ;
#788 =( NAMED_UNIT ( * ) SI_UNIT ( $, .STERADIAN. ) SOLID_ANGLE_UNIT ( ) );
#789 = AXIS2_PLACEMENT_3D ( 'NONE', #1330, #5366, #8823 ) ;
#790 = FILL_AREA_STYLE ('',( #697 ) ) ;
#791 = DIRECTION ( 'NONE',  ( 0.000000000000000000, -0.000000000000000000, 1.000000000000000000 ) ) ;
#792 = VECTOR ( 'NONE', #3491, 1000.000000000000000 ) ;
#793 = VERTEX_POINT ( 'NONE', #1116 ) ;
#794 = VERTEX_POINT ( 'NONE', #7370 ) ;
#795 = AXIS2_PLACEMENT_3D ( 'NONE', #5491, #6796, #1984 ) ;
#796 = EDGE_CURVE ( 'NONE', #8102, #6420, #8058, .T. ) ;
#797 =( LENGTH_UNIT ( ) NAMED_UNIT ( * ) SI_UNIT ( .MILLI., .METRE. ) );
#798 = PRESENTATION_LAYER_ASSIGNMENT (  '', '', ( #4137 ) ) ;
#799 =( NAMED_UNIT ( * ) SI_UNIT ( $, .STERADIAN. ) SOLID_ANGLE_UNIT ( ) );
#800 = DIRECTION ( 'NONE',  ( 0.000000000000000000, -1.000000000000000000, 0.000000000000000000 ) ) ;
#801 = PLANE ( 'NONE',  #3877 ) ;
#802 = ORIENTED_EDGE ( 'NONE', *, *, #2255, .T. ) ;
#803 = DIRECTION ( 'NONE',  ( 0.000000000000000000, 0.08715574274765836016, 0.9961946980917455452 ) ) ;
#804 = FACE_OUTER_BOUND ( 'NONE', #1172, .T. ) ;
#805 = UNCERTAINTY_MEASURE_WITH_UNIT (LENGTH_MEASURE( 1.000000000000000082E-05 ), #639, 'distance_accuracy_value', 'NONE');
#806 = CARTESIAN_POINT ( 'NONE',  ( 0.5600000000000003864, 1.500000000000000000, -0.5250000000000004663 ) ) ;
#807 = AXIS2_PLACEMENT_3D ( 'NONE', #2501, #3796, #1763 ) ;
#808 = LINE ( 'NONE', #215, #2132 ) ;
#809 = CARTESIAN_POINT ( 'NONE',  ( 2.180000000000001048, -0.1500000000000001610, 3.160696375133204228 ) ) ;
#810 = ORIENTED_EDGE ( 'NONE', *, *, #2328, .T. ) ;
#811 =( NAMED_UNIT ( * ) SI_UNIT ( $, .STERADIAN. ) SOLID_ANGLE_UNIT ( ) );
#812 = PRESENTATION_LAYER_ASSIGNMENT (  '', '', ( #4761 ) ) ;
#813 = EDGE_CURVE ( 'NONE', #8261, #5836, #3213, .T. ) ;
#814 = EDGE_CURVE ( 'NONE', #2135, #3951, #2549, .T. ) ;
#815 = CARTESIAN_POINT ( 'NONE',  ( -0.9099999999999991429, 0.000000000000000000, 2.969702453438674006 ) ) ;
#816 = DIRECTION ( 'NONE',  ( -0.000000000000000000, -0.000000000000000000, 1.000000000000000000 ) ) ;
#817 = LINE ( 'NONE', #4292, #5293 ) ;
#818 = VERTEX_POINT ( 'NONE', #8850 ) ;
#819 = DIRECTION ( 'NONE',  ( 0.000000000000000000, 0.000000000000000000, -1.000000000000000000 ) ) ;
#820 = STYLED_ITEM ( 'NONE', ( #916 ), #4729 ) ;
#821 = LINE ( 'NONE', #7073, #2504 ) ;
#822 = EDGE_CURVE ( 'NONE', #2288, #4895, #5341, .T. ) ;
#823 = ORIENTED_EDGE ( 'NONE', *, *, #4803, .T. ) ;
#824 = CARTESIAN_POINT ( 'NONE',  ( -1.629999999999998561, -0.1499999999999999944, -3.100000000000000089 ) ) ;
#825 = DIRECTION ( 'NONE',  ( 0.000000000000000000, 0.000000000000000000, 1.000000000000000000 ) ) ;
#826 = STYLED_ITEM ( 'NONE', ( #8756 ), #2779 ) ;
#827 = FILL_AREA_STYLE ('',( #5036 ) ) ;
#828 = AXIS2_PLACEMENT_3D ( 'NONE', #2921, #315, #367 ) ;
#829 =( GEOMETRIC_REPRESENTATION_CONTEXT ( 3 ) GLOBAL_UNCERTAINTY_ASSIGNED_CONTEXT ( ( #7830 ) ) GLOBAL_UNIT_ASSIGNED_CONTEXT ( ( #5110, #6469, #8578 ) ) REPRESENTATION_CONTEXT ( 'NONE', 'WORKASPACE' ) );
#830 = CARTESIAN_POINT ( 'NONE',  ( 0.3901554296082681561, 1.155321862365258134, 1.969844570391731775 ) ) ;
#831 = LINE ( 'NONE', #7815, #2780 ) ;
#832 = CARTESIAN_POINT ( 'NONE',  ( -2.855380530190824828, -0.1499999999999999944, -2.949999999999999734 ) ) ;
#833 = DIRECTION ( 'NONE',  ( 0.000000000000000000, 0.000000000000000000, 1.000000000000000000 ) ) ;
#834 = CIRCLE ( 'NONE', #1723, 0.09999999999999982514 ) ;
#835 = AXIS2_PLACEMENT_3D ( 'NONE', #2515, #7384, #1180 ) ;
#836 = ORIENTED_EDGE ( 'NONE', *, *, #2422, .T. ) ;
#837 =( LENGTH_UNIT ( ) NAMED_UNIT ( * ) SI_UNIT ( .MILLI., .METRE. ) );
#838 = VECTOR ( 'NONE', #6860, 1000.000000000000000 ) ;
#839 = VERTEX_POINT ( 'NONE', #8897 ) ;
#840 = COLOUR_RGB ( '',0.2980392156862745057, 0.2980392156862745057, 0.2980392156862745057 ) ;
#841 = VECTOR ( 'NONE', #8804, 1000.000000000000000 ) ;
#842 = SURFACE_STYLE_USAGE ( .BOTH. , #120 ) ;
#843 = DIRECTION ( 'NONE',  ( 0.000000000000000000, -0.000000000000000000, -1.000000000000000000 ) ) ;
#844 = PLANE ( 'NONE',  #1045 ) ;
#845 = CARTESIAN_POINT ( 'NONE',  ( -0.4599999999999993539, -0.6500000000000000222, 4.150000000000000355 ) ) ;
#846 = LINE ( 'NONE', #3628, #7774 ) ;
#847 = DIRECTION ( 'NONE',  ( -1.000000000000000000, -0.000000000000000000, -0.000000000000000000 ) ) ;
#848 = ADVANCED_FACE ( 'NONE', ( #4692 ), #1218, .F. ) ;
#849 = SURFACE_STYLE_USAGE ( .BOTH. , #7746 ) ;
#850 =( GEOMETRIC_REPRESENTATION_CONTEXT ( 3 ) GLOBAL_UNCERTAINTY_ASSIGNED_CONTEXT ( ( #1210 ) ) GLOBAL_UNIT_ASSIGNED_CONTEXT ( ( #7948, #6610, #2519 ) ) REPRESENTATION_CONTEXT ( 'NONE', 'WORKASPACE' ) );
#851 = PRESENTATION_STYLE_ASSIGNMENT (( #8473 ) ) ;
#852 = EDGE_CURVE ( 'NONE', #5957, #2792, #6778, .T. ) ;
#853 = CARTESIAN_POINT ( 'NONE',  ( -2.954999999999998295, -0.1499999999999999944, 2.908827693562531014 ) ) ;
#855 = ORIENTED_EDGE ( 'NONE', *, *, #1128, .T. ) ;
#854 = ADVANCED_FACE ( 'NONE', ( #572 ), #5479, .T. ) ;
#856 = VERTEX_POINT ( 'NONE', #7010 ) ;
#857 =( LENGTH_UNIT ( ) NAMED_UNIT ( * ) SI_UNIT ( .MILLI., .METRE. ) );
#858 = EDGE_CURVE ( 'NONE', #2217, #5703, #13, .T. ) ;
#859 = DIRECTION ( 'NONE',  ( -3.469446951953614189E-16, 0.000000000000000000, 1.000000000000000000 ) ) ;
#860 = ORIENTED_EDGE ( 'NONE', *, *, #347, .F. ) ;
#861 = DIRECTION ( 'NONE',  ( -3.469446951953614189E-16, 0.000000000000000000, 1.000000000000000000 ) ) ;
#862 = SURFACE_STYLE_USAGE ( .BOTH. , #2236 ) ;
#863 = CARTESIAN_POINT ( 'NONE',  ( 0.9100000000000010303, -0.5499999999999999334, -3.651850830482211929 ) ) ;
#864 = ORIENTED_EDGE ( 'NONE', *, *, #8935, .F. ) ;
#865 = SURFACE_STYLE_FILL_AREA ( #7114 ) ;
#866 = CARTESIAN_POINT ( 'NONE',  ( 2.079999999999999183, 1.399999999999999911, 0.6249999999999995559 ) ) ;
#867 = LINE ( 'NONE', #7681, #4832 ) ;
#868 = ORIENTED_EDGE ( 'NONE', *, *, #5791, .T. ) ;
#869 = CARTESIAN_POINT ( 'NONE',  ( 0.9100000000000010303, -0.6499999999999998002, 3.651850830482212373 ) ) ;
#870 = PRESENTATION_LAYER_ASSIGNMENT (  '', '', ( #6847 ) ) ;
#871 = CARTESIAN_POINT ( 'NONE',  ( 1.630000000000001004, -0.2500000000000000000, 3.160696375133204672 ) ) ;
#872 = DIRECTION ( 'NONE',  ( 0.000000000000000000, 0.000000000000000000, 1.000000000000000000 ) ) ;
#873 = PLANE ( 'NONE',  #3166 ) ;
#874 = CARTESIAN_POINT ( 'NONE',  ( 1.638748866352591094, 1.399999999999999911, -1.262607324199603642 ) ) ;
#875 =( NAMED_UNIT ( * ) SI_UNIT ( $, .STERADIAN. ) SOLID_ANGLE_UNIT ( ) );
#876 = DIRECTION ( 'NONE',  ( 0.000000000000000000, 0.000000000000000000, 1.000000000000000000 ) ) ;
#877 = ORIENTED_EDGE ( 'NONE', *, *, #5754, .F. ) ;
#878 = VECTOR ( 'NONE', #8890, 1000.000000000000000 ) ;
#879 = VERTEX_POINT ( 'NONE', #6873 ) ;
#880 = EDGE_CURVE ( 'NONE', #2841, #2248, #1348, .T. ) ;
#881 = SURFACE_SIDE_STYLE ('',( #706 ) ) ;
#882 = DIRECTION ( 'NONE',  ( 0.000000000000000000, 0.000000000000000000, 1.000000000000000000 ) ) ;
#883 =( GEOMETRIC_REPRESENTATION_CONTEXT ( 3 ) GLOBAL_UNCERTAINTY_ASSIGNED_CONTEXT ( ( #5323 ) ) GLOBAL_UNIT_ASSIGNED_CONTEXT ( ( #277, #3062, #1009 ) ) REPRESENTATION_CONTEXT ( 'NONE', 'WORKASPACE' ) );
#884 = DIRECTION ( 'NONE',  ( -2.168404344971008868E-16, 0.000000000000000000, -1.000000000000000000 ) ) ;
#885 = DIRECTION ( 'NONE',  ( 1.000000000000000000, 0.000000000000000000, 0.000000000000000000 ) ) ;
#886 = MECHANICAL_DESIGN_GEOMETRIC_PRESENTATION_REPRESENTATION (  '', ( #2066 ), #3209 ) ;
#887 = FILL_AREA_STYLE_COLOUR ( '', #1596 ) ;
#888 = CIRCLE ( 'NONE', #5717, 0.09999999999999982514 ) ;
#889 = VECTOR ( 'NONE', #9012, 1000.000000000000000 ) ;
#890 = UNCERTAINTY_MEASURE_WITH_UNIT (LENGTH_MEASURE( 1.000000000000000082E-05 ), #7359, 'distance_accuracy_value', 'NONE');
#891 = CARTESIAN_POINT ( 'NONE',  ( -0.1609254152411054017, -0.6500000000000000222, 3.850925415241106098 ) ) ;
#892 = ADVANCED_FACE ( 'NONE', ( #759 ), #6328, .F. ) ;
#893 = CARTESIAN_POINT ( 'NONE',  ( 2.855380530190826605, -0.1499999999999999944, 2.949999999999999734 ) ) ;
#894 = LINE ( 'NONE', #809, #1058 ) ;
#895 = ORIENTED_EDGE ( 'NONE', *, *, #814, .F. ) ;
#896 = ORIENTED_EDGE ( 'NONE', *, *, #1730, .T. ) ;
#897 = CARTESIAN_POINT ( 'NONE',  ( -0.8099999999999994982, 1.100000000000000089, 0.6249999999999995559 ) ) ;
#898 = ORIENTED_EDGE ( 'NONE', *, *, #3590, .F. ) ;
#899 = EDGE_LOOP ( 'NONE', ( #2174, #8160, #4643, #3096 ) ) ;
#900 = EDGE_CURVE ( 'NONE', #8352, #2929, #5124, .T. ) ;
#901 =( GEOMETRIC_REPRESENTATION_CONTEXT ( 3 ) GLOBAL_UNCERTAINTY_ASSIGNED_CONTEXT ( ( #6507 ) ) GLOBAL_UNIT_ASSIGNED_CONTEXT ( ( #7429, #3894, #1880 ) ) REPRESENTATION_CONTEXT ( 'NONE', 'WORKASPACE' ) );
#902 = SURFACE_STYLE_USAGE ( .BOTH. , #7147 ) ;
#903 = SURFACE_STYLE_USAGE ( .BOTH. , #2376 ) ;
#904 = VERTEX_POINT ( 'NONE', #7617 ) ;
#905 = PLANE ( 'NONE',  #1859 ) ;
#906 = EDGE_LOOP ( 'NONE', ( #1781, #8134, #4759, #3372 ) ) ;
#907 = CARTESIAN_POINT ( 'NONE',  ( -1.729999999999997984, -0.7999999999999999334, 4.150000000000000355 ) ) ;
#908 =( GEOMETRIC_REPRESENTATION_CONTEXT ( 3 ) GLOBAL_UNCERTAINTY_ASSIGNED_CONTEXT ( ( #7982 ) ) GLOBAL_UNIT_ASSIGNED_CONTEXT ( ( #7102, #3595, #2943 ) ) REPRESENTATION_CONTEXT ( 'NONE', 'WORKASPACE' ) );
#910 =( LENGTH_UNIT ( ) NAMED_UNIT ( * ) SI_UNIT ( .MILLI., .METRE. ) );
#909 =( GEOMETRIC_REPRESENTATION_CONTEXT ( 3 ) GLOBAL_UNCERTAINTY_ASSIGNED_CONTEXT ( ( #2684 ) ) GLOBAL_UNIT_ASSIGNED_CONTEXT ( ( #3188, #7585, #7435 ) ) REPRESENTATION_CONTEXT ( 'NONE', 'WORKASPACE' ) );
#911 =( NAMED_UNIT ( * ) SI_UNIT ( $, .STERADIAN. ) SOLID_ANGLE_UNIT ( ) );
#912 = DIRECTION ( 'NONE',  ( -0.000000000000000000, -1.000000000000000000, -0.000000000000000000 ) ) ;
#913 = DIRECTION ( 'NONE',  ( 0.000000000000000000, 0.000000000000000000, -1.000000000000000000 ) ) ;
#915 = CARTESIAN_POINT ( 'NONE',  ( -1.629999999999998561, 0.000000000000000000, 3.100000000000000089 ) ) ;
#914 = FILL_AREA_STYLE_COLOUR ( '', #2746 ) ;
#916 = PRESENTATION_STYLE_ASSIGNMENT (( #194 ) ) ;
#917 = DIRECTION ( 'NONE',  ( 1.000000000000000000, 0.000000000000000000, 0.000000000000000000 ) ) ;
#918 = CIRCLE ( 'NONE', #2540, 0.09999999999999982514 ) ;
#919 = AXIS2_PLACEMENT_3D ( 'NONE', #7589, #1321, #5536 ) ;
#920 = LINE ( 'NONE', #1094, #8401 ) ;
#921 =( GEOMETRIC_REPRESENTATION_CONTEXT ( 3 ) GLOBAL_UNCERTAINTY_ASSIGNED_CONTEXT ( ( #8053 ) ) GLOBAL_UNIT_ASSIGNED_CONTEXT ( ( #4876, #7713, #6341 ) ) REPRESENTATION_CONTEXT ( 'NONE', 'WORKASPACE' ) );
#922 = EDGE_LOOP ( 'NONE', ( #4212, #7402, #506, #3004 ) ) ;
#923 = MECHANICAL_DESIGN_GEOMETRIC_PRESENTATION_REPRESENTATION (  '', ( #4861 ), #490 ) ;
#924 = AXIS2_PLACEMENT_3D ( 'NONE', #496, #6076, #8869 ) ;
#925 = VERTEX_POINT ( 'NONE', #4316 ) ;
#926 = EDGE_CURVE ( 'NONE', #1413, #1098, #6372, .T. ) ;
#927 = ADVANCED_FACE ( 'NONE', ( #7132 ), #4271, .T. ) ;
#928 =( NAMED_UNIT ( * ) PLANE_ANGLE_UNIT ( ) SI_UNIT ( $, .RADIAN. ) );
#929 = CARTESIAN_POINT ( 'NONE',  ( -0.3687488663525926857, 1.399999999999999911, -2.000000000000000444 ) ) ;
#930 = LINE ( 'NONE', #6491, #1360 ) ;
#931 = VECTOR ( 'NONE', #5612, 1000.000000000000227 ) ;
#932 = EDGE_CURVE ( 'NONE', #3426, #8091, #126, .T. ) ;
#933 = EDGE_CURVE ( 'NONE', #6357, #2056, #5005, .T. ) ;
#934 = COLOUR_RGB ( '',0.6470588235294117974, 0.6196078431372549211, 0.5882352941176470784 ) ;
#935 =( NAMED_UNIT ( * ) SI_UNIT ( $, .STERADIAN. ) SOLID_ANGLE_UNIT ( ) );
#936 = CARTESIAN_POINT ( 'NONE',  ( 0.7685786437626902501, 1.500000000000000000, -0.5835786437626909740 ) ) ;
#937 = CARTESIAN_POINT ( 'NONE',  ( -1.629999999999998561, -0.5499999999999999334, 3.651850830482211929 ) ) ;
#938 = PRESENTATION_STYLE_ASSIGNMENT (( #4282 ) ) ;
#939 = EDGE_LOOP ( 'NONE', ( #4066, #8562, #1794, #3579, #2644, #4402, #5806, #4114, #6032, #8733, #2395, #260 ) ) ;
#940 =( LENGTH_UNIT ( ) NAMED_UNIT ( * ) SI_UNIT ( .MILLI., .METRE. ) );
#941 =( GEOMETRIC_REPRESENTATION_CONTEXT ( 3 ) GLOBAL_UNCERTAINTY_ASSIGNED_CONTEXT ( ( #7750 ) ) GLOBAL_UNIT_ASSIGNED_CONTEXT ( ( #7179, #8516, #7791 ) ) REPRESENTATION_CONTEXT ( 'NONE', 'WORKASPACE' ) );
#942 = EDGE_LOOP ( 'NONE', ( #7772, #1627, #2487, #8851 ) ) ;
#943 = CARTESIAN_POINT ( 'NONE',  ( 0.3599999999999992095, 1.500000000000000000, -2.000000000000000444 ) ) ;
#944 = ORIENTED_EDGE ( 'NONE', *, *, #1320, .T. ) ;
#945 = UNCERTAINTY_MEASURE_WITH_UNIT (LENGTH_MEASURE( 1.000000000000000082E-05 ), #2159, 'distance_accuracy_value', 'NONE');
#946 =( NAMED_UNIT ( * ) PLANE_ANGLE_UNIT ( ) SI_UNIT ( $, .RADIAN. ) );
#947 = ORIENTED_EDGE ( 'NONE', *, *, #9050, .T. ) ;
#948 = ORIENTED_EDGE ( 'NONE', *, *, #8964, .F. ) ;
#949 =( NAMED_UNIT ( * ) SI_UNIT ( $, .STERADIAN. ) SOLID_ANGLE_UNIT ( ) );
#950 = ORIENTED_EDGE ( 'NONE', *, *, #6407, .F. ) ;
#951 = SURFACE_SIDE_STYLE ('',( #2429 ) ) ;
#952 = ORIENTED_EDGE ( 'NONE', *, *, #7120, .F. ) ;
#953 = LINE ( 'NONE', #7898, #2229 ) ;
#954 = VECTOR ( 'NONE', #2495, 1000.000000000000000 ) ;
#955 = EDGE_CURVE ( 'NONE', #5407, #1479, #2687, .T. ) ;
#956 = CARTESIAN_POINT ( 'NONE',  ( 2.180000000000001048, -0.1500000000000001610, -3.160696375133204228 ) ) ;
#957 = CARTESIAN_POINT ( 'NONE',  ( -0.8099999999999980549, -0.6500000000000000222, -4.150000000000000355 ) ) ;
#958 = CARTESIAN_POINT ( 'NONE',  ( -0.3599999999999990985, -0.5499999999999999334, -3.651850830482211929 ) ) ;
#959 =( LENGTH_UNIT ( ) NAMED_UNIT ( * ) SI_UNIT ( .MILLI., .METRE. ) );
#960 = EDGE_CURVE ( 'NONE', #7357, #5126, #3315, .T. ) ;
#961 = LINE ( 'NONE', #7952, #2500 ) ;
#962 = VECTOR ( 'NONE', #3022, 1000.000000000000000 ) ;
#963 = PLANE ( 'NONE',  #1853 ) ;
#964 = CARTESIAN_POINT ( 'NONE',  ( 1.771421356237309341, 1.500000000000000000, -0.5835786437626909740 ) ) ;
#965 = DIRECTION ( 'NONE',  ( -1.000000000000000000, -0.000000000000000000, -0.000000000000000000 ) ) ;
#966 = DIRECTION ( 'NONE',  ( 0.08682659386424777803, 0.9924325091389669673, 0.08682659386424787518 ) ) ;
#967 = CARTESIAN_POINT ( 'NONE',  ( 2.180000000000001048, -0.1500000000000001610, 3.160696375133204228 ) ) ;
#968 = ORIENTED_EDGE ( 'NONE', *, *, #34, .T. ) ;
#969 = EDGE_CURVE ( 'NONE', #1098, #4295, #888, .T. ) ;
#970 = EDGE_LOOP ( 'NONE', ( #280, #2880, #115, #4764, #8882, #6257 ) ) ;
#971 = ORIENTED_EDGE ( 'NONE', *, *, #1303, .F. ) ;
#972 = COLOUR_RGB ( '',0.6470588235294117974, 0.6196078431372549211, 0.5882352941176470784 ) ;
#973 = DIRECTION ( 'NONE',  ( 0.000000000000000000, 0.000000000000000000, 1.000000000000000000 ) ) ;
#974 = ORIENTED_EDGE ( 'NONE', *, *, #4705, .F. ) ;
#975 = FACE_OUTER_BOUND ( 'NONE', #4680, .T. ) ;
#976 = LINE ( 'NONE', #2184, #2249 ) ;
#977 = FILL_AREA_STYLE ('',( #7917 ) ) ;
#978 = AXIS2_PLACEMENT_3D ( 'NONE', #6166, #4091, #8343 ) ;
#979 = VECTOR ( 'NONE', #5237, 1000.000000000000000 ) ;
#980 = DIRECTION ( 'NONE',  ( -1.000000000000000000, -0.000000000000000000, -0.000000000000000000 ) ) ;
#981 = EDGE_CURVE ( 'NONE', #8980, #7450, #5474, .T. ) ;
#982 = SURFACE_SIDE_STYLE ('',( #7268 ) ) ;
#983 = EDGE_CURVE ( 'NONE', #7909, #3375, #6103, .T. ) ;
#984 = VECTOR ( 'NONE', #8994, 1000.000000000000000 ) ;
#985 =( NAMED_UNIT ( * ) PLANE_ANGLE_UNIT ( ) SI_UNIT ( $, .RADIAN. ) );
#986 = DIRECTION ( 'NONE',  ( 1.000000000000000000, 0.000000000000000000, -0.000000000000000000 ) ) ;
#987 = CARTESIAN_POINT ( 'NONE',  ( -1.629999999999998561, -0.09593147900040142895, -3.369176195092057569 ) ) ;
#988 = EDGE_CURVE ( 'NONE', #2056, #8989, #5422, .T. ) ;
#989 = CARTESIAN_POINT ( 'NONE',  ( 2.180000000000001048, -0.7999999999999999334, 3.583287396400482105 ) ) ;
#990 = CARTESIAN_POINT ( 'NONE',  ( 1.629999999999998561, 1.500000000000000000, -2.000000000000000444 ) ) ;
#991 = ORIENTED_EDGE ( 'NONE', *, *, #3133, .F. ) ;
#992 = PLANE ( 'NONE',  #5616 ) ;
#993 = VECTOR ( 'NONE', #2468, 1000.000000000000000 ) ;
#994 = FILL_AREA_STYLE ('',( #4458 ) ) ;
#995 = CARTESIAN_POINT ( 'NONE',  ( -1.629999999999998561, -0.5499999999999999334, 3.651850830482211929 ) ) ;
#996 = ORIENTED_EDGE ( 'NONE', *, *, #1898, .F. ) ;
#997 = ORIENTED_EDGE ( 'NONE', *, *, #9057, .F. ) ;
#998 = FILL_AREA_STYLE ('',( #7840 ) ) ;
#999 = EDGE_CURVE ( 'NONE', #654, #7177, #2595, .T. ) ;
#1000 = EDGE_CURVE ( 'NONE', #5317, #692, #1189, .T. ) ;
#1001 = DIRECTION ( 'NONE',  ( -1.000000000000000000, -0.000000000000000000, -0.000000000000000000 ) ) ;
#1002 = PLANE ( 'NONE',  #7178 ) ;
#1003 = PLANE ( 'NONE',  #2498 ) ;
#1004 = CARTESIAN_POINT ( 'NONE',  ( 0.000000000000000000, 1.399999999999999911, 0.5249999999999995781 ) ) ;
#1005 = ORIENTED_EDGE ( 'NONE', *, *, #2256, .F. ) ;
#1006 =( NAMED_UNIT ( * ) PLANE_ANGLE_UNIT ( ) SI_UNIT ( $, .RADIAN. ) );
#1007 = ORIENTED_EDGE ( 'NONE', *, *, #8416, .T. ) ;
#1008 = CARTESIAN_POINT ( 'NONE',  ( -2.179999999999998828, 0.000000000000000000, 3.229259809214934052 ) ) ;
#1009 =( NAMED_UNIT ( * ) SI_UNIT ( $, .STERADIAN. ) SOLID_ANGLE_UNIT ( ) );
#1010 = FACE_OUTER_BOUND ( 'NONE', #8931, .T. ) ;
#1011 = ADVANCED_FACE ( 'NONE', ( #3928 ), #613, .T. ) ;
#1012 = FILL_AREA_STYLE_COLOUR ( '', #8550 ) ;
#1013 = EDGE_CURVE ( 'NONE', #1461, #7515, #8687, .T. ) ;
#1014 = ORIENTED_EDGE ( 'NONE', *, *, #3788, .T. ) ;
#1015 = ORIENTED_EDGE ( 'NONE', *, *, #3655, .F. ) ;
#1016 = ORIENTED_EDGE ( 'NONE', *, *, #7464, .T. ) ;
#1017 = EDGE_CURVE ( 'NONE', #2759, #7727, #6207, .T. ) ;
#1018 = PLANE ( 'NONE',  #3963 ) ;
#1019 = EDGE_CURVE ( 'NONE', #4196, #1342, #3322, .T. ) ;
#1020 = DIRECTION ( 'NONE',  ( 0.000000000000000000, -0.000000000000000000, 1.000000000000000000 ) ) ;
#1021 = FILL_AREA_STYLE ('',( #7176 ) ) ;
#1022 = FACE_OUTER_BOUND ( 'NONE', #8937, .T. ) ;
#1023 = AXIS2_PLACEMENT_3D ( 'NONE', #4044, #5535, #773 ) ;
#1024 = PRESENTATION_LAYER_ASSIGNMENT (  '', '', ( #4975 ) ) ;
#1025 = EDGE_LOOP ( 'NONE', ( #5112, #7611, #8398, #5228 ) ) ;
#1026 = CARTESIAN_POINT ( 'NONE',  ( 0.3600000000000009859, 0.000000000000000000, 2.969702453438674006 ) ) ;
#1027 = CARTESIAN_POINT ( 'NONE',  ( 0.4600000000000004086, -0.7999999999999999334, -4.150000000000000355 ) ) ;
#1028 =( LENGTH_UNIT ( ) NAMED_UNIT ( * ) SI_UNIT ( .MILLI., .METRE. ) );
#1029 = UNCERTAINTY_MEASURE_WITH_UNIT (LENGTH_MEASURE( 1.000000000000000082E-05 ), #8379, 'distance_accuracy_value', 'NONE');
#1030 = VERTEX_POINT ( 'NONE', #6783 ) ;
#1031 = STYLED_ITEM ( 'NONE', ( #5517 ), #1011 ) ;
#1032 = FILL_AREA_STYLE ('',( #1079 ) ) ;
#1033 = LINE ( 'NONE', #2558, #1968 ) ;
#1034 = SURFACE_SIDE_STYLE ('',( #7281 ) ) ;
#1035 = SURFACE_STYLE_USAGE ( .BOTH. , #5433 ) ;
#1036 = LINE ( 'NONE', #5940, #2674 ) ;
#1037 = CARTESIAN_POINT ( 'NONE',  ( 0.4600000000000004086, -0.7999999999999999334, -4.150000000000000355 ) ) ;
#1038 = ORIENTED_EDGE ( 'NONE', *, *, #4362, .F. ) ;
#1039 = CARTESIAN_POINT ( 'NONE',  ( 1.729999999999999760, 1.100000000000000089, -0.6250000000000004441 ) ) ;
#1040 = ORIENTED_EDGE ( 'NONE', *, *, #5332, .F. ) ;
#1041 = SURFACE_STYLE_USAGE ( .BOTH. , #7288 ) ;
#1042 = ADVANCED_FACE ( 'NONE', ( #4028 ), #4795, .F. ) ;
#1043 = FACE_OUTER_BOUND ( 'NONE', #4075, .T. ) ;
#1044 =( LENGTH_UNIT ( ) NAMED_UNIT ( * ) SI_UNIT ( .MILLI., .METRE. ) );
#1045 = AXIS2_PLACEMENT_3D ( 'NONE', #1481, #1567, #5002 ) ;
#1046 = VECTOR ( 'NONE', #7349, 1000.000000000000000 ) ;
#1047 = CARTESIAN_POINT ( 'NONE',  ( 2.180000000000001048, -0.5860456806663989493, -3.558573239897463658 ) ) ;
#1048 = LINE ( 'NONE', #3823, #6612 ) ;
#1049 = SURFACE_STYLE_USAGE ( .BOTH. , #4524 ) ;
#1050 = ORIENTED_EDGE ( 'NONE', *, *, #4358, .F. ) ;
#1051 = PRESENTATION_LAYER_ASSIGNMENT (  '', '', ( #771 ) ) ;
#1052 = VECTOR ( 'NONE', #6562, 1000.000000000000114 ) ;
#1053 = ORIENTED_EDGE ( 'NONE', *, *, #5553, .F. ) ;
#1054 = ORIENTED_EDGE ( 'NONE', *, *, #7261, .T. ) ;
#1055 = SURFACE_STYLE_FILL_AREA ( #4582 ) ;
#1056 = VERTEX_POINT ( 'NONE', #5146 ) ;
#1057 = PRODUCT_RELATED_PRODUCT_CATEGORY ( 'part', '', ( #2697 ) ) ;
#1058 = VECTOR ( 'NONE', #3669, 1000.000000000000000 ) ;
#1059 = VECTOR ( 'NONE', #296, 1000.000000000000000 ) ;
#1060 = PLANE ( 'NONE',  #668 ) ;
#1061 = SURFACE_STYLE_FILL_AREA ( #6539 ) ;
#1062 = LINE ( 'NONE', #2989, #4549 ) ;
#1063 = LINE ( 'NONE', #8640, #200 ) ;
#1064 = CIRCLE ( 'NONE', #1214, 0.1499999999999999667 ) ;
#1065 = STYLED_ITEM ( 'NONE', ( #8295 ), #1595 ) ;
#1066 = FILL_AREA_STYLE_COLOUR ( '', #7447 ) ;
#1067 = AXIS2_PLACEMENT_3D ( 'NONE', #4268, #3581, #4170 ) ;
#1068 = EDGE_CURVE ( 'NONE', #2365, #4788, #2162, .T. ) ;
#1069 = CARTESIAN_POINT ( 'NONE',  ( -0.4600000000000002420, -0.7999999999999999334, -4.150000000000000355 ) ) ;
#1070 =( NAMED_UNIT ( * ) SI_UNIT ( $, .STERADIAN. ) SOLID_ANGLE_UNIT ( ) );
#1071 = AXIS2_PLACEMENT_3D ( 'NONE', #729, #2883, #4147 ) ;
#1072 = FACE_OUTER_BOUND ( 'NONE', #5639, .T. ) ;
#1073 = ORIENTED_EDGE ( 'NONE', *, *, #1708, .T. ) ;
#1074 = DIRECTION ( 'NONE',  ( -1.000000000000000000, -0.000000000000000000, -0.000000000000000000 ) ) ;
#1075 = CARTESIAN_POINT ( 'NONE',  ( 3.105000000000000870, -0.1499999999999999944, 3.100000000000000089 ) ) ;
#1076 = EDGE_LOOP ( 'NONE', ( #3186, #2260, #3089, #2577 ) ) ;
#1077 = EDGE_LOOP ( 'NONE', ( #5935, #5999, #8820, #8553, #3671, #1160, #5333, #1282, #5288, #6196, #3196, #8304, #1538, #6056, #1973, #8838, #3991, #4206, #8656, #4955, #3226, #438, #5225, #3400, #8487, #533, #2158, #1276, #7735, #596, #3306, #1333, #722, #7414, #6305, #5832 ) ) ;
#1078 =( GEOMETRIC_REPRESENTATION_CONTEXT ( 3 ) GLOBAL_UNCERTAINTY_ASSIGNED_CONTEXT ( ( #302 ) ) GLOBAL_UNIT_ASSIGNED_CONTEXT ( ( #7473, #3318, #9044 ) ) REPRESENTATION_CONTEXT ( 'NONE', 'WORKASPACE' ) );
#1079 = FILL_AREA_STYLE_COLOUR ( '', #7072 ) ;
#1080 = CARTESIAN_POINT ( 'NONE',  ( -1.629999999999998561, -0.09593147900040135956, -3.369176195092057569 ) ) ;
#1081 = PLANE ( 'NONE',  #3041 ) ;
#1082 = FILL_AREA_STYLE ('',( #4512 ) ) ;
#1083 = STYLED_ITEM ( 'NONE', ( #2743 ), #3846 ) ;
#1084 = CARTESIAN_POINT ( 'NONE',  ( 3.105000000000000870, -0.1499999999999999944, 3.100000000000000089 ) ) ;
#1085 = CARTESIAN_POINT ( 'NONE',  ( 2.180000000000001048, -0.1499999999999999667, -3.229259809214934940 ) ) ;
#1086 = ORIENTED_EDGE ( 'NONE', *, *, #2208, .F. ) ;
#1087 = DIRECTION ( 'NONE',  ( 0.000000000000000000, 0.000000000000000000, 1.000000000000000000 ) ) ;
#1088 = DIRECTION ( 'NONE',  ( 0.000000000000000000, 0.000000000000000000, -1.000000000000000000 ) ) ;
#1089 = ORIENTED_EDGE ( 'NONE', *, *, #5528, .F. ) ;
#1090 = EDGE_CURVE ( 'NONE', #7530, #3721, #5978, .T. ) ;
#1091 = DIRECTION ( 'NONE',  ( 0.000000000000000000, -0.08715574274765836016, 0.9961946980917455452 ) ) ;
#1092 = EDGE_CURVE ( 'NONE', #1304, #1171, #6182, .T. ) ;
#1093 = DIRECTION ( 'NONE',  ( 0.000000000000000000, 0.000000000000000000, 1.000000000000000000 ) ) ;
#1094 = CARTESIAN_POINT ( 'NONE',  ( -0.9099999999999994760, 1.500000000000000000, 1.262607324199603642 ) ) ;
#1095 = EDGE_CURVE ( 'NONE', #68, #2753, #7686, .T. ) ;
#1096 = COLOUR_RGB ( '',0.2980392156862745057, 0.2980392156862745057, 0.2980392156862745057 ) ;
#1097 = CARTESIAN_POINT ( 'NONE',  ( -1.629999999999998561, -0.2139543193336009841, 3.253973965717952943 ) ) ;
#1098 = VERTEX_POINT ( 'NONE', #600 ) ;
#1099 = VERTEX_POINT ( 'NONE', #4156 ) ;
#1100 = EDGE_LOOP ( 'NONE', ( #7639, #7506, #542, #3982 ) ) ;
#1101 = FILL_AREA_STYLE ('',( #4682 ) ) ;
#1102 = FILL_AREA_STYLE_COLOUR ( '', #7215 ) ;
#1103 = MECHANICAL_DESIGN_GEOMETRIC_PRESENTATION_REPRESENTATION (  '', ( #9032 ), #6907 ) ;
#1104 = DIRECTION ( 'NONE',  ( 0.08715574274765836016, -0.9961946980917455452, -3.436161659330865826E-17 ) ) ;
#1105 = COLOUR_RGB ( '',0.6470588235294117974, 0.6196078431372549211, 0.5882352941176470784 ) ;
#1106 = FACE_OUTER_BOUND ( 'NONE', #2949, .T. ) ;
#1107 = CARTESIAN_POINT ( 'NONE',  ( -1.629999999999998561, -0.5499999999999999334, -3.651850830482211929 ) ) ;
#1108 = UNCERTAINTY_MEASURE_WITH_UNIT (LENGTH_MEASURE( 1.000000000000000082E-05 ), #3122, 'distance_accuracy_value', 'NONE');
#1109 = AXIS2_PLACEMENT_3D ( 'NONE', #3297, #599, #8232 ) ;
#1110 = MECHANICAL_DESIGN_GEOMETRIC_PRESENTATION_REPRESENTATION (  '', ( #5211 ), #829 ) ;
#1111 = ORIENTED_EDGE ( 'NONE', *, *, #5724, .F. ) ;
#1112 = PLANE ( 'NONE',  #4605 ) ;
#1113 = LINE ( 'NONE', #3883, #3670 ) ;
#1114 = EDGE_CURVE ( 'NONE', #3401, #1735, #4951, .T. ) ;
#1115 = ORIENTED_EDGE ( 'NONE', *, *, #2454, .F. ) ;
#1116 = CARTESIAN_POINT ( 'NONE',  ( -2.179999999999998828, 0.000000000000000000, 3.100000000000000089 ) ) ;
#1117 = EDGE_CURVE ( 'NONE', #3910, #879, #8320, .T. ) ;
#1118 = PLANE ( 'NONE',  #5170 ) ;
#1119 = PRESENTATION_LAYER_ASSIGNMENT (  '', '', ( #4178 ) ) ;
#1120 = ORIENTED_EDGE ( 'NONE', *, *, #259, .T. ) ;
#1121 = VERTEX_POINT ( 'NONE', #2719 ) ;
#1122 = VECTOR ( 'NONE', #1956, 1000.000000000000000 ) ;
#1123 = EDGE_CURVE ( 'NONE', #4410, #7463, #3520, .T. ) ;
#1124 = EDGE_CURVE ( 'NONE', #7403, #8328, #6230, .T. ) ;
#1125 = PRESENTATION_LAYER_ASSIGNMENT (  '', '', ( #6660 ) ) ;
#1126 = DIRECTION ( 'NONE',  ( 0.000000000000000000, 0.000000000000000000, 1.000000000000000000 ) ) ;
#1127 = CARTESIAN_POINT ( 'NONE',  ( -1.629999999999998561, -0.1500000000000001610, -3.160696375133204228 ) ) ;
#1128 = EDGE_CURVE ( 'NONE', #5554, #793, #5642, .T. ) ;
#1129 = FILL_AREA_STYLE_COLOUR ( '', #3113 ) ;
#1130 = CARTESIAN_POINT ( 'NONE',  ( 2.973767004711114659, 1.500000000000000000, -2.361570652704330975 ) ) ;
#1131 = LINE ( 'NONE', #3220, #2581 ) ;
#1132 = DIRECTION ( 'NONE',  ( 0.000000000000000000, 0.000000000000000000, -1.000000000000000000 ) ) ;
#1133 = VECTOR ( 'NONE', #9021, 1000.000000000000000 ) ;
#1134 = FILL_AREA_STYLE ('',( #3224 ) ) ;
#1135 = SURFACE_STYLE_USAGE ( .BOTH. , #5895 ) ;
#1136 = VERTEX_POINT ( 'NONE', #1336 ) ;
#1137 = PRESENTATION_STYLE_ASSIGNMENT (( #6162 ) ) ;
#1138 = FILL_AREA_STYLE ('',( #6652 ) ) ;
#1139 = ORIENTED_EDGE ( 'NONE', *, *, #3139, .T. ) ;
#1140 = CARTESIAN_POINT ( 'NONE',  ( 0.4600000000000004086, -0.6500000000000000222, 4.150000000000000355 ) ) ;
#1141 = CARTESIAN_POINT ( 'NONE',  ( -2.079999999999998739, 1.500000000000000000, 0.6249999999999995559 ) ) ;
#1142 = CARTESIAN_POINT ( 'NONE',  ( 0.4600000000000003531, 1.399999999999999911, -0.6250000000000004441 ) ) ;
#1143 = PRESENTATION_LAYER_ASSIGNMENT (  '', '', ( #7843 ) ) ;
#1144 = CARTESIAN_POINT ( 'NONE',  ( -0.9012511336474069434, 1.399999999999999911, 1.262607324199603642 ) ) ;
#1145 = CARTESIAN_POINT ( 'NONE',  ( -2.179999999999998828, -0.2139543193336009841, 3.253973965717952943 ) ) ;
#1146 = CARTESIAN_POINT ( 'NONE',  ( -2.179999999999998828, -0.6500000000000000222, -4.049999999999998046 ) ) ;
#1147 = FILL_AREA_STYLE_COLOUR ( '', #2353 ) ;
#1148 = CARTESIAN_POINT ( 'NONE',  ( -2.179999999999998828, -0.6500000000000000222, -3.583287396400481217 ) ) ;
#1149 = CARTESIAN_POINT ( 'NONE',  ( 2.180000000000001048, -0.5860456806663989493, -3.558573239897463658 ) ) ;
#1150 = DIRECTION ( 'NONE',  ( -2.168404344971008868E-16, 0.000000000000000000, -1.000000000000000000 ) ) ;
#1151 = CARTESIAN_POINT ( 'NONE',  ( 0.3600000000000009859, -0.1500000000000001610, -3.160696375133204228 ) ) ;
#1152 = ORIENTED_EDGE ( 'NONE', *, *, #7035, .F. ) ;
#1153 = ORIENTED_EDGE ( 'NONE', *, *, #3204, .T. ) ;
#1154 = ORIENTED_EDGE ( 'NONE', *, *, #6156, .T. ) ;
#1155 = SURFACE_SIDE_STYLE ('',( #2583 ) ) ;
#1156 = CARTESIAN_POINT ( 'NONE',  ( 2.180000000000001048, -0.6500000000000000222, 3.583287396400481217 ) ) ;
#1157 = SURFACE_STYLE_USAGE ( .BOTH. , #2673 ) ;
#1158 = DIRECTION ( 'NONE',  ( -1.000000000000000000, -0.000000000000000000, -0.000000000000000000 ) ) ;
#1159 = ADVANCED_FACE ( 'NONE', ( #4107 ), #6906, .T. ) ;
#1160 = ORIENTED_EDGE ( 'NONE', *, *, #1117, .T. ) ;
#1161 = SURFACE_STYLE_USAGE ( .BOTH. , #1808 ) ;
#1162 = ORIENTED_EDGE ( 'NONE', *, *, #6474, .T. ) ;
#1163 = DIRECTION ( 'NONE',  ( 0.000000000000000000, 0.000000000000000000, 1.000000000000000000 ) ) ;
#1164 = UNCERTAINTY_MEASURE_WITH_UNIT (LENGTH_MEASURE( 1.000000000000000082E-05 ), #452, 'distance_accuracy_value', 'NONE');
#1165 = PRESENTATION_STYLE_ASSIGNMENT (( #8438 ) ) ;
#1166 = ORIENTED_EDGE ( 'NONE', *, *, #3744, .T. ) ;
#1167 =( LENGTH_UNIT ( ) NAMED_UNIT ( * ) SI_UNIT ( .MILLI., .METRE. ) );
#1168 = AXIS2_PLACEMENT_3D ( 'NONE', #5968, #2542, #5192 ) ;
#1169 =( NAMED_UNIT ( * ) PLANE_ANGLE_UNIT ( ) SI_UNIT ( $, .RADIAN. ) );
#1170 = ORIENTED_EDGE ( 'NONE', *, *, #1246, .T. ) ;
#1171 = VERTEX_POINT ( 'NONE', #7558 ) ;
#1172 = EDGE_LOOP ( 'NONE', ( #4794, #7988, #2368, #1053 ) ) ;
#1173 = PRESENTATION_LAYER_ASSIGNMENT (  '', '', ( #2777 ) ) ;
#1174 = CARTESIAN_POINT ( 'NONE',  ( -2.855380530190824828, -0.1499999999999999944, -2.949999999999999734 ) ) ;
#1175 = DIRECTION ( 'NONE',  ( 1.000000000000000000, 0.000000000000000000, 0.000000000000000000 ) ) ;
#1176 = LINE ( 'NONE', #7859, #4321 ) ;
#1177 = DIRECTION ( 'NONE',  ( 0.000000000000000000, 0.000000000000000000, 1.000000000000000000 ) ) ;
#1178 = DIRECTION ( 'NONE',  ( 0.000000000000000000, 0.000000000000000000, 1.000000000000000000 ) ) ;
#1179 = ORIENTED_EDGE ( 'NONE', *, *, #6641, .T. ) ;
#1180 = DIRECTION ( 'NONE',  ( 0.08715574274765836016, -0.9961946980917455452, 0.000000000000000000 ) ) ;
#1181 = VERTEX_POINT ( 'NONE', #4898 ) ;
#1182 = CARTESIAN_POINT ( 'NONE',  ( -0.3599999999999990985, 0.000000000000000000, -3.229259809214934052 ) ) ;
#1183 = AXIS2_PLACEMENT_3D ( 'NONE', #5899, #4376, #1700 ) ;
#1184 = PLANE ( 'NONE',  #1407 ) ;
#1185 = LINE ( 'NONE', #2478, #6910 ) ;
#1186 = EDGE_CURVE ( 'NONE', #2217, #1927, #4341, .T. ) ;
#1187 = CARTESIAN_POINT ( 'NONE',  ( -1.729999999999998872, 1.399999999999999911, -0.6250000000000004441 ) ) ;
#1188 = LINE ( 'NONE', #3948, #5843 ) ;
#1189 = CIRCLE ( 'NONE', #6293, 0.1499999999999999667 ) ;
#1190 = LINE ( 'NONE', #3949, #3527 ) ;
#1191 = CARTESIAN_POINT ( 'NONE',  ( -2.171251133647406295, 1.399999999999999911, 1.262607324199603642 ) ) ;
#1192 = PRESENTATION_STYLE_ASSIGNMENT (( #2663 ) ) ;
#1193 = ORIENTED_EDGE ( 'NONE', *, *, #4933, .T. ) ;
#1194 = CARTESIAN_POINT ( 'NONE',  ( -1.638748866352591982, 1.399999999999999911, -2.000000000000000444 ) ) ;
#1195 = ORIENTED_EDGE ( 'NONE', *, *, #1269, .T. ) ;
#1196 =( GEOMETRIC_REPRESENTATION_CONTEXT ( 3 ) GLOBAL_UNCERTAINTY_ASSIGNED_CONTEXT ( ( #7655 ) ) GLOBAL_UNIT_ASSIGNED_CONTEXT ( ( #2074, #2796, #7508 ) ) REPRESENTATION_CONTEXT ( 'NONE', 'WORKASPACE' ) );
#1197 = UNCERTAINTY_MEASURE_WITH_UNIT (LENGTH_MEASURE( 1.000000000000000082E-05 ), #6424, 'distance_accuracy_value', 'NONE');
#1198 = EDGE_CURVE ( 'NONE', #1505, #5703, #1297, .T. ) ;
#1199 = DIRECTION ( 'NONE',  ( 0.000000000000000000, 1.000000000000000000, 0.000000000000000000 ) ) ;
#1200 = CIRCLE ( 'NONE', #1950, 0.1499999999999999667 ) ;
#1201 = SURFACE_STYLE_USAGE ( .BOTH. , #5803 ) ;
#1202 = AXIS2_PLACEMENT_3D ( 'NONE', #8359, #2969, #6306 ) ;
#1203 = VERTEX_POINT ( 'NONE', #4060 ) ;
#1204 = CARTESIAN_POINT ( 'NONE',  ( 2.180000000000001048, -0.6500000000000000222, 4.150000000000000355 ) ) ;
#1205 = ADVANCED_FACE ( 'NONE', ( #8282 ), #648, .T. ) ;
#1206 = VECTOR ( 'NONE', #6752, 1000.000000000000000 ) ;
#1207 =( GEOMETRIC_REPRESENTATION_CONTEXT ( 3 ) GLOBAL_UNCERTAINTY_ASSIGNED_CONTEXT ( ( #8244 ) ) GLOBAL_UNIT_ASSIGNED_CONTEXT ( ( #8905, #8214, #7540 ) ) REPRESENTATION_CONTEXT ( 'NONE', 'WORKASPACE' ) );
#1208 = EDGE_CURVE ( 'NONE', #7515, #2002, #3747, .T. ) ;
#1209 = DIRECTION ( 'NONE',  ( -1.000000000000000000, 0.000000000000000000, -0.000000000000000000 ) ) ;
#1210 = UNCERTAINTY_MEASURE_WITH_UNIT (LENGTH_MEASURE( 1.000000000000000082E-05 ), #7948, 'distance_accuracy_value', 'NONE');
#1211 = ORIENTED_EDGE ( 'NONE', *, *, #5268, .F. ) ;
#1212 = DIRECTION ( 'NONE',  ( 0.000000000000000000, -0.000000000000000000, 1.000000000000000000 ) ) ;
#1213 = CARTESIAN_POINT ( 'NONE',  ( -2.179999999999998828, -0.1499999999999999944, 3.100000000000000089 ) ) ;
#1214 = AXIS2_PLACEMENT_3D ( 'NONE', #4220, #2990, #756 ) ;
#1215 = CARTESIAN_POINT ( 'NONE',  ( 2.180000000000001048, -0.09593147900040142895, 3.369176195092057569 ) ) ;
#1216 = ORIENTED_EDGE ( 'NONE', *, *, #8552, .F. ) ;
#1217 = AXIS2_PLACEMENT_3D ( 'NONE', #8265, #5448, #6978 ) ;
#1218 = CYLINDRICAL_SURFACE ( 'NONE', #7894, 0.09999999999999982514 ) ;
#1219 = CARTESIAN_POINT ( 'NONE',  ( -2.145004534589628697, 1.100000000000000089, 1.262607324199603642 ) ) ;
#1220 = ORIENTED_EDGE ( 'NONE', *, *, #4312, .T. ) ;
#1221 = ORIENTED_EDGE ( 'NONE', *, *, #5406, .F. ) ;
#1222 = MECHANICAL_DESIGN_GEOMETRIC_PRESENTATION_REPRESENTATION (  '', ( #56 ), #2106 ) ;
#1223 = AXIS2_PLACEMENT_3D ( 'NONE', #6127, #1418, #5675 ) ;
#1224 = COLOUR_RGB ( '',0.6470588235294117974, 0.6196078431372549211, 0.5882352941176470784 ) ;
#1225 = SURFACE_SIDE_STYLE ('',( #8752 ) ) ;
#1226 = LINE ( 'NONE', #3326, #3987 ) ;
#1227 = PRESENTATION_STYLE_ASSIGNMENT (( #4697 ) ) ;
#1228 = CARTESIAN_POINT ( 'NONE',  ( -0.8099999999999980549, -0.6500000000000000222, -4.150000000000000355 ) ) ;
#1229 = CARTESIAN_POINT ( 'NONE',  ( 0.9100000000000010303, -0.7999999999999999334, -4.049999999999998046 ) ) ;
#1230 = DIRECTION ( 'NONE',  ( 0.000000000000000000, 1.000000000000000000, 0.000000000000000000 ) ) ;
#1231 = EDGE_LOOP ( 'NONE', ( #5031, #173, #7784, #4118 ) ) ;
#1232 = DIRECTION ( 'NONE',  ( 0.000000000000000000, 0.000000000000000000, 1.000000000000000000 ) ) ;
#1233 = VECTOR ( 'NONE', #238, 1000.000000000000114 ) ;
#1234 = EDGE_LOOP ( 'NONE', ( #5071, #6865, #1386, #7930, #4390, #6437, #4070, #8684, #8389, #3162, #6000, #7636 ) ) ;
#1235 =( NAMED_UNIT ( * ) SI_UNIT ( $, .STERADIAN. ) SOLID_ANGLE_UNIT ( ) );
#1236 = CYLINDRICAL_SURFACE ( 'NONE', #7775, 0.1499999999999999667 ) ;
#1237 = COLOUR_RGB ( '',0.6470588235294117974, 0.6196078431372549211, 0.5882352941176470784 ) ;
#1238 = CARTESIAN_POINT ( 'NONE',  ( -1.629999999999999671, 1.500000000000000000, -2.000000000000000444 ) ) ;
#1239 = FACE_OUTER_BOUND ( 'NONE', #7910, .T. ) ;
#1240 = FILL_AREA_STYLE ('',( #725 ) ) ;
#1241 = VERTEX_POINT ( 'NONE', #3067 ) ;
#1242 =( NAMED_UNIT ( * ) PLANE_ANGLE_UNIT ( ) SI_UNIT ( $, .RADIAN. ) );
#1243 = UNCERTAINTY_MEASURE_WITH_UNIT (LENGTH_MEASURE( 1.000000000000000082E-05 ), #1167, 'distance_accuracy_value', 'NONE');
#1244 = FACE_OUTER_BOUND ( 'NONE', #1025, .T. ) ;
#1245 = DIRECTION ( 'NONE',  ( -0.000000000000000000, -0.000000000000000000, 1.000000000000000000 ) ) ;
#1246 = EDGE_CURVE ( 'NONE', #3212, #2667, #5862, .T. ) ;
#1247 = PRESENTATION_LAYER_ASSIGNMENT (  '', '', ( #1684 ) ) ;
#1248 = EDGE_LOOP ( 'NONE', ( #5545, #2121, #4645, #392, #284, #8245 ) ) ;
#1249 = EDGE_LOOP ( 'NONE', ( #1976, #8019, #952, #3854 ) ) ;
#1250 = DIRECTION ( 'NONE',  ( 1.000000000000000000, 0.000000000000000000, 0.000000000000000000 ) ) ;
#1251 =( NAMED_UNIT ( * ) PLANE_ANGLE_UNIT ( ) SI_UNIT ( $, .RADIAN. ) );
#1252 = EDGE_CURVE ( 'NONE', #2288, #3888, #2398, .T. ) ;
#1253 = VECTOR ( 'NONE', #5873, 1000.000000000000000 ) ;
#1254 = FILL_AREA_STYLE_COLOUR ( '', #5197 ) ;
#1255 = SURFACE_STYLE_USAGE ( .BOTH. , #4063 ) ;
#1256 = EDGE_CURVE ( 'NONE', #9061, #1955, #5184, .T. ) ;
#1257 = DIRECTION ( 'NONE',  ( 0.000000000000000000, 0.000000000000000000, -1.000000000000000000 ) ) ;
#1258 = STYLED_ITEM ( 'NONE', ( #3137 ), #2871 ) ;
#1259 = VERTEX_POINT ( 'NONE', #2445 ) ;
#1260 = CARTESIAN_POINT ( 'NONE',  ( -2.079999999999998295, 1.399999999999999911, -0.6250000000000004441 ) ) ;
#1261 = ORIENTED_EDGE ( 'NONE', *, *, #7160, .T. ) ;
#1262 = LINE ( 'NONE', #5589, #1871 ) ;
#1263 = ORIENTED_EDGE ( 'NONE', *, *, #5845, .T. ) ;
#1264 = CARTESIAN_POINT ( 'NONE',  ( 0.000000000000000000, 1.399999999999999911, 0.000000000000000000 ) ) ;
#1265 = FILL_AREA_STYLE ('',( #3402 ) ) ;
#1266 = UNCERTAINTY_MEASURE_WITH_UNIT (LENGTH_MEASURE( 1.000000000000000082E-05 ), #2137, 'distance_accuracy_value', 'NONE');
#1267 = VECTOR ( 'NONE', #4181, 1000.000000000000000 ) ;
#1268 = FILL_AREA_STYLE ('',( #9040 ) ) ;
#1269 = EDGE_CURVE ( 'NONE', #460, #5390, #8735, .T. ) ;
#1270 = ORIENTED_EDGE ( 'NONE', *, *, #999, .T. ) ;
#1271 = DIRECTION ( 'NONE',  ( -0.000000000000000000, 0.000000000000000000, -1.000000000000000000 ) ) ;
#1272 = EDGE_LOOP ( 'NONE', ( #3296, #2083, #782, #6687 ) ) ;
#1273 = PRESENTATION_LAYER_ASSIGNMENT (  '', '', ( #5211 ) ) ;
#1274 = CARTESIAN_POINT ( 'NONE',  ( -2.819622550835295005, -0.5500000000000001554, -2.814622550835295556 ) ) ;
#1275 = FACE_OUTER_BOUND ( 'NONE', #7553, .T. ) ;
#1276 = ORIENTED_EDGE ( 'NONE', *, *, #7669, .F. ) ;
#1277 = DIRECTION ( 'NONE',  ( -1.000000000000000000, -0.000000000000000000, 0.000000000000000000 ) ) ;
#1278 = CYLINDRICAL_SURFACE ( 'NONE', #755, 0.1499999999999999667 ) ;
#1279 = ORIENTED_EDGE ( 'NONE', *, *, #6374, .T. ) ;
#1280 = EDGE_CURVE ( 'NONE', #5098, #8111, #1562, .T. ) ;
#1281 =( LENGTH_UNIT ( ) NAMED_UNIT ( * ) SI_UNIT ( .MILLI., .METRE. ) );
#1282 = ORIENTED_EDGE ( 'NONE', *, *, #796, .T. ) ;
#1283 = EDGE_CURVE ( 'NONE', #2037, #8091, #7127, .T. ) ;
#1284 = VECTOR ( 'NONE', #3937, 1000.000000000000000 ) ;
#1285 = CARTESIAN_POINT ( 'NONE',  ( 2.180000000000001048, -0.2139543193336009841, -3.253973965717952943 ) ) ;
#1286 = DIRECTION ( 'NONE',  ( 0.000000000000000000, 0.000000000000000000, -1.000000000000000000 ) ) ;
#1287 = ORIENTED_EDGE ( 'NONE', *, *, #4892, .F. ) ;
#1288 = SURFACE_SIDE_STYLE ('',( #7548 ) ) ;
#1289 = DIRECTION ( 'NONE',  ( 0.9961946980917454342, -0.08715574274765820750, 0.000000000000000000 ) ) ;
#1290 = LINE ( 'NONE', #5405, #6 ) ;
#1291 = VERTEX_POINT ( 'NONE', #749 ) ;
#1292 = COLOUR_RGB ( '',0.2980392156862745057, 0.2980392156862745057, 0.2980392156862745057 ) ;
#1293 = EDGE_LOOP ( 'NONE', ( #5934, #4730, #571, #2835 ) ) ;
#1294 = ORIENTED_EDGE ( 'NONE', *, *, #3690, .F. ) ;
#1295 = CARTESIAN_POINT ( 'NONE',  ( 2.180000000000001048, -0.2139543193336009841, 3.253973965717952943 ) ) ;
#1296 = SURFACE_STYLE_FILL_AREA ( #8922 ) ;
#1297 = LINE ( 'NONE', #7731, #2307 ) ;
#1298 = ADVANCED_FACE ( 'NONE', ( #6438 ), #202, .T. ) ;
#1299 = CARTESIAN_POINT ( 'NONE',  ( -1.629999999999998561, -0.6500000000000000222, 3.583287396400481217 ) ) ;
#1300 = ORIENTED_EDGE ( 'NONE', *, *, #5046, .F. ) ;
#1301 = ADVANCED_FACE ( 'NONE', ( #8021 ), #7900, .F. ) ;
#1302 = ORIENTED_EDGE ( 'NONE', *, *, #7736, .T. ) ;
#1303 = EDGE_CURVE ( 'NONE', #7234, #4149, #1648, .T. ) ;
#1304 = VERTEX_POINT ( 'NONE', #5851 ) ;
#1305 = PRESENTATION_STYLE_ASSIGNMENT (( #4825 ) ) ;
#1306 =( NAMED_UNIT ( * ) PLANE_ANGLE_UNIT ( ) SI_UNIT ( $, .RADIAN. ) );
#1307 = SURFACE_STYLE_FILL_AREA ( #1268 ) ;
#1308 = LINE ( 'NONE', #570, #6092 ) ;
#1309 = ORIENTED_EDGE ( 'NONE', *, *, #3843, .F. ) ;
#1310 = CARTESIAN_POINT ( 'NONE',  ( -2.179999999999999716, 1.399999999999999911, -1.262607324199603642 ) ) ;
#1311 = VERTEX_POINT ( 'NONE', #2134 ) ;
#1312 = DIRECTION ( 'NONE',  ( -1.000000000000000000, 0.000000000000000000, -3.469446951953615175E-16 ) ) ;
#1313 = PRESENTATION_STYLE_ASSIGNMENT (( #2103 ) ) ;
#1314 = ORIENTED_EDGE ( 'NONE', *, *, #156, .T. ) ;
#1315 = ORIENTED_EDGE ( 'NONE', *, *, #8329, .T. ) ;
#1316 = FILL_AREA_STYLE_COLOUR ( '', #8796 ) ;
#1317 = PRESENTATION_STYLE_ASSIGNMENT (( #8215 ) ) ;
#1318 = AXIS2_PLACEMENT_3D ( 'NONE', #1215, #3489, #6282 ) ;
#1319 = FACE_OUTER_BOUND ( 'NONE', #6275, .T. ) ;
#1320 = EDGE_CURVE ( 'NONE', #2380, #7711, #2435, .T. ) ;
#1321 = DIRECTION ( 'NONE',  ( 1.000000000000000000, 0.000000000000000000, -0.000000000000000000 ) ) ;
#1322 = FILL_AREA_STYLE_COLOUR ( '', #4152 ) ;
#1323 = CARTESIAN_POINT ( 'NONE',  ( -1.979999999999999094, 1.500000000000000000, -0.5250000000000004663 ) ) ;
#1324 = PRESENTATION_LAYER_ASSIGNMENT (  '', '', ( #5706 ) ) ;
#1325 = CARTESIAN_POINT ( 'NONE',  ( -0.9099999999999993650, 1.399999999999999911, 1.991251133647407245 ) ) ;
#1326 = PRESENTATION_STYLE_ASSIGNMENT (( #9062 ) ) ;
#1327 = VECTOR ( 'NONE', #4245, 1000.000000000000000 ) ;
#1328 = LINE ( 'NONE', #1891, #3540 ) ;
#1329 = UNCERTAINTY_MEASURE_WITH_UNIT (LENGTH_MEASURE( 1.000000000000000082E-05 ), #7111, 'distance_accuracy_value', 'NONE');
#1330 = CARTESIAN_POINT ( 'NONE',  ( 0.000000000000000000, 1.399999999999999911, 0.000000000000000000 ) ) ;
#1331 = EDGE_CURVE ( 'NONE', #7463, #7537, #3736, .T. ) ;
#1332 = DIRECTION ( 'NONE',  ( -1.000000000000000000, -0.000000000000000000, 0.000000000000000000 ) ) ;
#1333 = ORIENTED_EDGE ( 'NONE', *, *, #3676, .F. ) ;
#1334 = ORIENTED_EDGE ( 'NONE', *, *, #6273, .T. ) ;
#1335 = CARTESIAN_POINT ( 'NONE',  ( -0.9099999999999993650, -0.1499999999999999944, -3.100000000000000089 ) ) ;
#1336 = CARTESIAN_POINT ( 'NONE',  ( 0.4600000000000003531, 1.100000000000000089, -0.6250000000000004441 ) ) ;
#1337 = VECTOR ( 'NONE', #4648, 1000.000000000000000 ) ;
#1338 = PRESENTATION_STYLE_ASSIGNMENT (( #7561 ) ) ;
#1339 = ADVANCED_FACE ( 'NONE', ( #8623 ), #3149, .T. ) ;
#1340 = PLANE ( 'NONE',  #5014 ) ;
#1341 = ORIENTED_EDGE ( 'NONE', *, *, #8837, .F. ) ;
#1342 = VERTEX_POINT ( 'NONE', #1142 ) ;
#1343 =( GEOMETRIC_REPRESENTATION_CONTEXT ( 3 ) GLOBAL_UNCERTAINTY_ASSIGNED_CONTEXT ( ( #5063 ) ) GLOBAL_UNIT_ASSIGNED_CONTEXT ( ( #4039, #3330, #6840 ) ) REPRESENTATION_CONTEXT ( 'NONE', 'WORKASPACE' ) );
#1344 = AXIS2_PLACEMENT_3D ( 'NONE', #7899, #4428, #1647 ) ;
#1345 = CARTESIAN_POINT ( 'NONE',  ( -1.629999999999998561, -0.6500000000000000222, -4.049999999999998046 ) ) ;
#1346 =( NAMED_UNIT ( * ) SI_UNIT ( $, .STERADIAN. ) SOLID_ANGLE_UNIT ( ) );
#1347 = ORIENTED_EDGE ( 'NONE', *, *, #350, .F. ) ;
#1348 = LINE ( 'NONE', #8335, #451 ) ;
#1349 = DIRECTION ( 'NONE',  ( 1.000000000000000000, -0.000000000000000000, 0.000000000000000000 ) ) ;
#1350 = EDGE_CURVE ( 'NONE', #6243, #5300, #6655, .T. ) ;
#1351 = ORIENTED_EDGE ( 'NONE', *, *, #2447, .F. ) ;
#1352 = VECTOR ( 'NONE', #8454, 1000.000000000000000 ) ;
#1353 = EDGE_CURVE ( 'NONE', #3799, #3433, #4519, .T. ) ;
#1354 = LINE ( 'NONE', #2098, #219 ) ;
#1355 = MECHANICAL_DESIGN_GEOMETRIC_PRESENTATION_REPRESENTATION (  '', ( #2953 ), #2811 ) ;
#1356 = COLOUR_RGB ( '',0.6470588235294117974, 0.6196078431372549211, 0.5882352941176470784 ) ;
#1357 = VECTOR ( 'NONE', #2705, 1000.000000000000000 ) ;
#1358 = ORIENTED_EDGE ( 'NONE', *, *, #1280, .T. ) ;
#1359 = AXIS2_PLACEMENT_3D ( 'NONE', #5272, #4535, #287 ) ;
#1360 = VECTOR ( 'NONE', #248, 1000.000000000000000 ) ;
#1361 = PRESENTATION_LAYER_ASSIGNMENT (  '', '', ( #5749 ) ) ;
#1362 = MECHANICAL_DESIGN_GEOMETRIC_PRESENTATION_REPRESENTATION (  '', ( #3407 ), #203 ) ;
#1363 =( NAMED_UNIT ( * ) SI_UNIT ( $, .STERADIAN. ) SOLID_ANGLE_UNIT ( ) );
#1364 = DIRECTION ( 'NONE',  ( -3.469446951953614189E-16, 0.000000000000000000, 1.000000000000000000 ) ) ;
#1365 = VECTOR ( 'NONE', #1652, 1000.000000000000000 ) ;
#1366 = PLANE ( 'NONE',  #5742 ) ;
#1367 = SURFACE_STYLE_FILL_AREA ( #2833 ) ;
#1368 = VECTOR ( 'NONE', #1789, 1000.000000000000000 ) ;
#1369 = PRESENTATION_LAYER_ASSIGNMENT (  '', '', ( #1813 ) ) ;
#1370 = LINE ( 'NONE', #6223, #7498 ) ;
#1371 = EDGE_CURVE ( 'NONE', #7403, #8119, #1185, .T. ) ;
#1372 = DIRECTION ( 'NONE',  ( 0.000000000000000000, 0.000000000000000000, -1.000000000000000000 ) ) ;
#1373 = EDGE_LOOP ( 'NONE', ( #2230, #625, #2064, #2616 ) ) ;
#1374 = EDGE_CURVE ( 'NONE', #3725, #3721, #4576, .T. ) ;
#1375 = EDGE_LOOP ( 'NONE', ( #3241, #3246, #6725, #2306, #7712, #228 ) ) ;
#1376 = ORIENTED_EDGE ( 'NONE', *, *, #960, .F. ) ;
#1377 = LINE ( 'NONE', #4059, #7544 ) ;
#1378 = PRESENTATION_LAYER_ASSIGNMENT (  '', '', ( #7938 ) ) ;
#1379 = AXIS2_PLACEMENT_3D ( 'NONE', #6387, #8479, #3637 ) ;
#1380 = EDGE_CURVE ( 'NONE', #3989, #6144, #368, .T. ) ;
#1381 = DIRECTION ( 'NONE',  ( -0.000000000000000000, 0.000000000000000000, -1.000000000000000000 ) ) ;
#1382 =( LENGTH_UNIT ( ) NAMED_UNIT ( * ) SI_UNIT ( .MILLI., .METRE. ) );
#1383 =( GEOMETRIC_REPRESENTATION_CONTEXT ( 3 ) GLOBAL_UNCERTAINTY_ASSIGNED_CONTEXT ( ( #8474 ) ) GLOBAL_UNIT_ASSIGNED_CONTEXT ( ( #6924, #9048, #3366 ) ) REPRESENTATION_CONTEXT ( 'NONE', 'WORKASPACE' ) );
#1384 = ORIENTED_EDGE ( 'NONE', *, *, #4215, .F. ) ;
#1385 = MECHANICAL_DESIGN_GEOMETRIC_PRESENTATION_REPRESENTATION (  '', ( #2276 ), #2000 ) ;
#1386 = ORIENTED_EDGE ( 'NONE', *, *, #655, .F. ) ;
#1387 = SURFACE_STYLE_FILL_AREA ( #5047 ) ;
#1388 = DIRECTION ( 'NONE',  ( 0.000000000000000000, 0.000000000000000000, 1.000000000000000000 ) ) ;
#1389 = CARTESIAN_POINT ( 'NONE',  ( -1.629999999999998561, 0.000000000000000000, -2.969702453438674006 ) ) ;
#1390 = LINE ( 'NONE', #4173, #2457 ) ;
#1391 = VERTEX_POINT ( 'NONE', #8172 ) ;
#1392 = ORIENTED_EDGE ( 'NONE', *, *, #7876, .T. ) ;
#1393 = DIRECTION ( 'NONE',  ( 0.000000000000000000, -1.000000000000000000, 0.000000000000000000 ) ) ;
#1394 = DIRECTION ( 'NONE',  ( 0.000000000000000000, 1.000000000000000000, 0.000000000000000000 ) ) ;
#1395 = CARTESIAN_POINT ( 'NONE',  ( 0.3600000000000000977, 1.500000000000000000, 1.999999999999999556 ) ) ;
#1396 = EDGE_CURVE ( 'NONE', #8957, #4895, #1929, .T. ) ;
#1397 = CARTESIAN_POINT ( 'NONE',  ( 0.3600000000000000977, 1.399999999999999911, -1.262607324199603642 ) ) ;
#1398 = SURFACE_STYLE_USAGE ( .BOTH. , #1448 ) ;
#1399 = FILL_AREA_STYLE_COLOUR ( '', #6013 ) ;
#1400 = PLANE ( 'NONE',  #7922 ) ;
#1401 = PRESENTATION_LAYER_ASSIGNMENT (  '', '', ( #3591 ) ) ;
#1402 = EDGE_CURVE ( 'NONE', #19, #2773, #2541, .T. ) ;
#1403 = ADVANCED_FACE ( 'NONE', ( #5947 ), #1236, .T. ) ;
#1404 = PRESENTATION_STYLE_ASSIGNMENT (( #94 ) ) ;
#1405 = EDGE_CURVE ( 'NONE', #7421, #7557, #7855, .T. ) ;
#1406 = CARTESIAN_POINT ( 'NONE',  ( -2.179999999999998828, -0.5860456806663989493, 3.558573239897463658 ) ) ;
#1407 = AXIS2_PLACEMENT_3D ( 'NONE', #4190, #3376, #543 ) ;
#1408 =( LENGTH_UNIT ( ) NAMED_UNIT ( * ) SI_UNIT ( .MILLI., .METRE. ) );
#1409 = CARTESIAN_POINT ( 'NONE',  ( -0.8099999999999990541, 1.399999999999999911, -0.6250000000000004441 ) ) ;
#1410 = VECTOR ( 'NONE', #8028, 1000.000000000000000 ) ;
#1411 = PLANE ( 'NONE',  #3504 ) ;
#1412 =( NAMED_UNIT ( * ) PLANE_ANGLE_UNIT ( ) SI_UNIT ( $, .RADIAN. ) );
#1413 = VERTEX_POINT ( 'NONE', #956 ) ;
#1414 =( NAMED_UNIT ( * ) SI_UNIT ( $, .STERADIAN. ) SOLID_ANGLE_UNIT ( ) );
#1415 = FILL_AREA_STYLE ('',( #6173 ) ) ;
#1416 = CARTESIAN_POINT ( 'NONE',  ( -1.629999999999998561, -0.6500000000000000222, -3.651850830482212373 ) ) ;
#1417 = UNCERTAINTY_MEASURE_WITH_UNIT (LENGTH_MEASURE( 1.000000000000000082E-05 ), #2731, 'distance_accuracy_value', 'NONE');
#1418 = DIRECTION ( 'NONE',  ( -0.000000000000000000, 0.000000000000000000, 1.000000000000000000 ) ) ;
#1419 = PLANE ( 'NONE',  #6287 ) ;
#1420 = ORIENTED_EDGE ( 'NONE', *, *, #955, .F. ) ;
#1421 =( NAMED_UNIT ( * ) PLANE_ANGLE_UNIT ( ) SI_UNIT ( $, .RADIAN. ) );
#1422 = ORIENTED_EDGE ( 'NONE', *, *, #6611, .T. ) ;
#1423 = EDGE_LOOP ( 'NONE', ( #3935, #8537, #9068, #2443 ) ) ;
#1424 = CARTESIAN_POINT ( 'NONE',  ( 2.179999999999998828, 1.500000000000000000, -1.262607324199603864 ) ) ;
#1425 = AXIS2_PLACEMENT_3D ( 'NONE', #8212, #4701, #1232 ) ;
#1426 = LINE ( 'NONE', #5586, #4094 ) ;
#1427 = DIRECTION ( 'NONE',  ( -0.08682659386424777803, -0.9924325091389669673, -0.08682659386424779191 ) ) ;
#1428 = DIRECTION ( 'NONE',  ( 0.000000000000000000, 0.000000000000000000, -1.000000000000000000 ) ) ;
#1429 = ORIENTED_EDGE ( 'NONE', *, *, #8435, .T. ) ;
#1430 = LINE ( 'NONE', #8195, #3605 ) ;
#1431 = PRESENTATION_LAYER_ASSIGNMENT (  '', '', ( #119 ) ) ;
#1432 = LINE ( 'NONE', #8418, #5152 ) ;
#1433 = ORIENTED_EDGE ( 'NONE', *, *, #24, .T. ) ;
#1434 = COLOUR_RGB ( '',0.6470588235294117974, 0.6196078431372549211, 0.5882352941176470784 ) ;
#1435 =( LENGTH_UNIT ( ) NAMED_UNIT ( * ) SI_UNIT ( .MILLI., .METRE. ) );
#1436 = VERTEX_POINT ( 'NONE', #7207 ) ;
#1437 = FILL_AREA_STYLE_COLOUR ( '', #3136 ) ;
#1438 = CARTESIAN_POINT ( 'NONE',  ( 1.630000000000001004, -0.7040685209995984906, -3.443371010523358589 ) ) ;
#1439 = LINE ( 'NONE', #7131, #3405 ) ;
#1440 = FACE_OUTER_BOUND ( 'NONE', #3064, .T. ) ;
#1441 = ORIENTED_EDGE ( 'NONE', *, *, #8001, .T. ) ;
#1442 = FILL_AREA_STYLE_COLOUR ( '', #3216 ) ;
#1443 = SURFACE_STYLE_USAGE ( .BOTH. , #6447 ) ;
#1444 = ADVANCED_FACE ( 'NONE', ( #6524 ), #6432, .F. ) ;
#1445 = ORIENTED_EDGE ( 'NONE', *, *, #1807, .T. ) ;
#1446 = DIRECTION ( 'NONE',  ( 0.000000000000000000, 1.000000000000000000, 0.000000000000000000 ) ) ;
#1447 = UNCERTAINTY_MEASURE_WITH_UNIT (LENGTH_MEASURE( 1.000000000000000082E-05 ), #8106, 'distance_accuracy_value', 'NONE');
#1448 = SURFACE_SIDE_STYLE ('',( #5530 ) ) ;
#1449 = CARTESIAN_POINT ( 'NONE',  ( -0.3599999999999990985, -0.6499999999999998002, -3.651850830482212373 ) ) ;
#1450 = VERTEX_POINT ( 'NONE', #1706 ) ;
#1451 = SURFACE_STYLE_USAGE ( .BOTH. , #9055 ) ;
#1452 = DIRECTION ( 'NONE',  ( 0.08715574274765836016, 0.9961946980917455452, -3.436161659330865826E-17 ) ) ;
#1453 = EDGE_LOOP ( 'NONE', ( #5602, #3406, #4106, #3829 ) ) ;
#1454 = LINE ( 'NONE', #2876, #8217 ) ;
#1455 = DIRECTION ( 'NONE',  ( -2.168404344971008868E-16, 0.000000000000000000, -1.000000000000000000 ) ) ;
#1456 = FILL_AREA_STYLE_COLOUR ( '', #8040 ) ;
#1457 = EDGE_LOOP ( 'NONE', ( #9067, #6833, #8672, #7145 ) ) ;
#1458 = DIRECTION ( 'NONE',  ( 1.000000000000000000, 0.000000000000000000, 0.000000000000000000 ) ) ;
#1459 = FILL_AREA_STYLE ('',( #779 ) ) ;
#1460 =( NAMED_UNIT ( * ) PLANE_ANGLE_UNIT ( ) SI_UNIT ( $, .RADIAN. ) );
#1461 = VERTEX_POINT ( 'NONE', #190 ) ;
#1462 = DIRECTION ( 'NONE',  ( 1.000000000000000000, -0.000000000000000000, 0.000000000000000000 ) ) ;
#1463 = VECTOR ( 'NONE', #4226, 1000.000000000000000 ) ;
#1464 = EDGE_LOOP ( 'NONE', ( #7086, #2945, #4996, #7983 ) ) ;
#1465 = EDGE_CURVE ( 'NONE', #6014, #8179, #6565, .T. ) ;
#1466 = PLANE ( 'NONE',  #4870 ) ;
#1467 = DIRECTION ( 'NONE',  ( 0.000000000000000000, 0.000000000000000000, -1.000000000000000000 ) ) ;
#1468 = DIRECTION ( 'NONE',  ( -1.000000000000000000, -0.000000000000000000, -0.000000000000000000 ) ) ;
#1469 = DIRECTION ( 'NONE',  ( 0.000000000000000000, 1.000000000000000000, 0.000000000000000000 ) ) ;
#1470 = LINE ( 'NONE', #3522, #8802 ) ;
#1471 = COLOUR_RGB ( '',0.6470588235294117974, 0.6196078431372549211, 0.5882352941176470784 ) ;
#1472 = SURFACE_SIDE_STYLE ('',( #7734 ) ) ;
#1473 = LINE ( 'NONE', #113, #5598 ) ;
#1474 = CIRCLE ( 'NONE', #2653, 0.09999999999999982514 ) ;
#1475 = STYLED_ITEM ( 'NONE', ( #1866 ), #848 ) ;
#1476 = EDGE_LOOP ( 'NONE', ( #4972, #6488, #7762, #6640 ) ) ;
#1477 = MECHANICAL_DESIGN_GEOMETRIC_PRESENTATION_REPRESENTATION (  '', ( #4983 ), #3374 ) ;
#1478 = DIRECTION ( 'NONE',  ( 0.000000000000000000, 1.000000000000000000, 0.000000000000000000 ) ) ;
#1479 = VERTEX_POINT ( 'NONE', #316 ) ;
#1480 = PRESENTATION_STYLE_ASSIGNMENT (( #5001 ) ) ;
#1481 = CARTESIAN_POINT ( 'NONE',  ( -2.079999999999997851, -0.6500000000000000222, -4.150000000000000355 ) ) ;
#1482 = ORIENTED_EDGE ( 'NONE', *, *, #4705, .T. ) ;
#1483 = ADVANCED_FACE ( 'NONE', ( #3106 ), #5904, .F. ) ;
#1484 = CARTESIAN_POINT ( 'NONE',  ( 1.630000000000001004, -0.2500000000000000000, 4.049999999999999822 ) ) ;
#1485 = EDGE_CURVE ( 'NONE', #3268, #269, #344, .T. ) ;
#1486 = PRESENTATION_LAYER_ASSIGNMENT (  '', '', ( #4261 ) ) ;
#1487 = AXIS2_PLACEMENT_3D ( 'NONE', #1148, #5362, #547 ) ;
#1488 = DIRECTION ( 'NONE',  ( 0.000000000000000000, 0.000000000000000000, 1.000000000000000000 ) ) ;
#1489 = CARTESIAN_POINT ( 'NONE',  ( 2.955000000000000959, -0.1499999999999999944, -2.850380530190825379 ) ) ;
#1490 = CARTESIAN_POINT ( 'NONE',  ( -1.629999999999998561, -0.1499999999999999944, -3.100000000000000089 ) ) ;
#1491 = FACE_OUTER_BOUND ( 'NONE', #4049, .T. ) ;
#1492 = ORIENTED_EDGE ( 'NONE', *, *, #5884, .F. ) ;
#1493 = VECTOR ( 'NONE', #160, 1000.000000000000000 ) ;
#1494 = ORIENTED_EDGE ( 'NONE', *, *, #4768, .T. ) ;
#1495 = LINE ( 'NONE', #8306, #4570 ) ;
#1496 = AXIS2_PLACEMENT_3D ( 'NONE', #4073, #473, #6149 ) ;
#1497 = CARTESIAN_POINT ( 'NONE',  ( 0.9100000000000010303, -0.6500000000000000222, 3.583287396400481217 ) ) ;
#1498 = LINE ( 'NONE', #815, #5051 ) ;
#1499 = CARTESIAN_POINT ( 'NONE',  ( -2.179999999999998828, 0.000000000000000000, -2.969702453438674006 ) ) ;
#1500 = EDGE_LOOP ( 'NONE', ( #968, #4765, #4611, #3355, #6177, #7417, #7113, #7697, #5267, #2790, #9029, #6945 ) ) ;
#1501 =( LENGTH_UNIT ( ) NAMED_UNIT ( * ) SI_UNIT ( .MILLI., .METRE. ) );
#1502 = FACE_OUTER_BOUND ( 'NONE', #2691, .T. ) ;
#1503 = MECHANICAL_DESIGN_GEOMETRIC_PRESENTATION_REPRESENTATION (  '', ( #4411 ), #6909 ) ;
#1504 = AXIS2_PLACEMENT_3D ( 'NONE', #4253, #2166, #8458 ) ;
#1505 = VERTEX_POINT ( 'NONE', #5643 ) ;
#1506 = CARTESIAN_POINT ( 'NONE',  ( 2.180000000000001048, 0.000000000000000000, -2.969702453438674006 ) ) ;
#1507 = CARTESIAN_POINT ( 'NONE',  ( 0.9100000000000010303, -0.1499999999999999667, -3.229259809214934940 ) ) ;
#1508 = CARTESIAN_POINT ( 'NONE',  ( 1.630000000000001004, -0.1499999999999999944, 3.100000000000000089 ) ) ;
#1509 = CARTESIAN_POINT ( 'NONE',  ( -0.3599999999999990985, -0.09593147900040135956, -3.369176195092057569 ) ) ;
#1510 = AXIS2_PLACEMENT_3D ( 'NONE', #6084, #5996, #1289 ) ;
#1511 = VECTOR ( 'NONE', #4899, 1000.000000000000000 ) ;
#1512 = CARTESIAN_POINT ( 'NONE',  ( -3.104999999999999094, 1.500000000000000000, 2.968767004711113433 ) ) ;
#1513 = ADVANCED_FACE ( 'NONE', ( #7732 ), #5681, .T. ) ;
#1514 = DIRECTION ( 'NONE',  ( -1.000000000000000000, 0.000000000000000000, 0.000000000000000000 ) ) ;
#1515 = VECTOR ( 'NONE', #7293, 1000.000000000000000 ) ;
#1516 = EDGE_CURVE ( 'NONE', #8393, #5609, #8960, .T. ) ;
#1517 = VECTOR ( 'NONE', #8355, 1000.000000000000000 ) ;
#1518 = VECTOR ( 'NONE', #3922, 1000.000000000000227 ) ;
#1519 = ORIENTED_EDGE ( 'NONE', *, *, #6062, .T. ) ;
#1520 = DIRECTION ( 'NONE',  ( 1.000000000000000000, 0.000000000000000000, 0.000000000000000000 ) ) ;
#1521 = EDGE_CURVE ( 'NONE', #4295, #7118, #1470, .T. ) ;
#1522 = ORIENTED_EDGE ( 'NONE', *, *, #7398, .F. ) ;
#1523 = ADVANCED_FACE ( 'NONE', ( #4952 ), #7034, .F. ) ;
#1524 =( GEOMETRIC_REPRESENTATION_CONTEXT ( 3 ) GLOBAL_UNCERTAINTY_ASSIGNED_CONTEXT ( ( #7559 ) ) GLOBAL_UNIT_ASSIGNED_CONTEXT ( ( #6517, #7939, #1696 ) ) REPRESENTATION_CONTEXT ( 'NONE', 'WORKASPACE' ) );
#1525 = DIRECTION ( 'NONE',  ( 0.000000000000000000, 1.000000000000000000, 0.000000000000000000 ) ) ;
#1526 =( NAMED_UNIT ( * ) SI_UNIT ( $, .STERADIAN. ) SOLID_ANGLE_UNIT ( ) );
#1527 = DIRECTION ( 'NONE',  ( -1.000000000000000000, 0.000000000000000000, 0.000000000000000000 ) ) ;
#1528 = AXIS2_PLACEMENT_3D ( 'NONE', #6722, #6108, #6834 ) ;
#1529 = CARTESIAN_POINT ( 'NONE',  ( -3.008762470121482568, 1.100000000000000089, -3.100000000000000089 ) ) ;
#1530 =( NAMED_UNIT ( * ) SI_UNIT ( $, .STERADIAN. ) SOLID_ANGLE_UNIT ( ) );
#1531 = DIRECTION ( 'NONE',  ( 0.7071067811865505703, 0.000000000000000000, -0.7071067811865444641 ) ) ;
#1532 = PRESENTATION_LAYER_ASSIGNMENT (  '', '', ( #6769 ) ) ;
#1533 = CYLINDRICAL_SURFACE ( 'NONE', #5193, 0.09999999999999982514 ) ;
#1534 = UNCERTAINTY_MEASURE_WITH_UNIT (LENGTH_MEASURE( 1.000000000000000082E-05 ), #1900, 'distance_accuracy_value', 'NONE');
#1535 = FILL_AREA_STYLE_COLOUR ( '', #4746 ) ;
#1536 = SURFACE_STYLE_FILL_AREA ( #5018 ) ;
#1537 = EDGE_LOOP ( 'NONE', ( #1005, #3623, #2199, #17 ) ) ;
#1538 = ORIENTED_EDGE ( 'NONE', *, *, #4338, .F. ) ;
#1539 = LINE ( 'NONE', #6976, #2232 ) ;
#1540 =( LENGTH_UNIT ( ) NAMED_UNIT ( * ) SI_UNIT ( .MILLI., .METRE. ) );
#1541 = VECTOR ( 'NONE', #8188, 1000.000000000000114 ) ;
#1542 = DIRECTION ( 'NONE',  ( -1.000000000000000000, 0.000000000000000000, 0.000000000000000000 ) ) ;
#1543 = FILL_AREA_STYLE_COLOUR ( '', #8624 ) ;
#1544 = PRESENTATION_STYLE_ASSIGNMENT (( #862 ) ) ;
#1545 = SURFACE_SIDE_STYLE ('',( #7805 ) ) ;
#1546 = ORIENTED_EDGE ( 'NONE', *, *, #5823, .F. ) ;
#1547 = CARTESIAN_POINT ( 'NONE',  ( -0.3599999999999990985, -0.1499999999999999667, 3.229259809214934940 ) ) ;
#1548 = AXIS2_PLACEMENT_3D ( 'NONE', #6248, #5619, #4035 ) ;
#1549 = VERTEX_POINT ( 'NONE', #2890 ) ;
#1550 = DIRECTION ( 'NONE',  ( 0.000000000000000000, -1.000000000000000000, 0.000000000000000000 ) ) ;
#1551 = EDGE_CURVE ( 'NONE', #7234, #4138, #8364, .T. ) ;
#1552 = FILL_AREA_STYLE_COLOUR ( '', #1292 ) ;
#1553 = DIRECTION ( 'NONE',  ( -1.000000000000000000, 0.000000000000000000, -0.000000000000000000 ) ) ;
#1554 = MECHANICAL_DESIGN_GEOMETRIC_PRESENTATION_REPRESENTATION (  '', ( #4037 ), #850 ) ;
#1555 = MECHANICAL_DESIGN_GEOMETRIC_PRESENTATION_REPRESENTATION (  '', ( #3731 ), #8696 ) ;
#1556 = FILL_AREA_STYLE_COLOUR ( '', #7607 ) ;
#1557 = CARTESIAN_POINT ( 'NONE',  ( 0.3600000000000009859, -0.1500000000000001610, 3.160696375133204228 ) ) ;
#1558 = FILL_AREA_STYLE_COLOUR ( '', #6739 ) ;
#1559 = STYLED_ITEM ( 'NONE', ( #4140 ), #6262 ) ;
#1560 = ORIENTED_EDGE ( 'NONE', *, *, #4840, .F. ) ;
#1561 = EDGE_CURVE ( 'NONE', #269, #6663, #1653, .T. ) ;
#1562 = CIRCLE ( 'NONE', #5076, 0.09999999999999982514 ) ;
#1563 = VECTOR ( 'NONE', #8264, 1000.000000000000000 ) ;
#1564 =( BOUNDED_CURVE ( )  B_SPLINE_CURVE ( 3, ( #4967, #20, #2815, #5618 ),
 .UNSPECIFIED., .F., .T. ) 
 B_SPLINE_CURVE_WITH_KNOTS ( ( 4, 4 ),
 ( 0.000000000000000000, 1.570796326794896558 ),
 .UNSPECIFIED. ) 
 CURVE ( )  GEOMETRIC_REPRESENTATION_ITEM ( )  RATIONAL_B_SPLINE_CURVE ( ( 1.000000000000000000, 0.8047378541243649375, 0.8047378541243649375, 1.000000000000000000 ) ) 
 REPRESENTATION_ITEM ( '' )  );
#1565 = PLANE ( 'NONE',  #8539 ) ;
#1566 = CARTESIAN_POINT ( 'NONE',  ( -0.3599999999999990985, 0.000000000000000000, -3.229259809214934052 ) ) ;
#1567 = DIRECTION ( 'NONE',  ( -0.7071067811865505703, -0.000000000000000000, -0.7071067811865444641 ) ) ;
#1568 = FACE_OUTER_BOUND ( 'NONE', #5655, .T. ) ;
#1569 = DIRECTION ( 'NONE',  ( 3.942553354492739094E-16, -0.000000000000000000, 1.000000000000000000 ) ) ;
#1570 = CARTESIAN_POINT ( 'NONE',  ( 0.000000000000000000, 0.000000000000000000, 0.000000000000000000 ) ) ;
#1571 = FACE_OUTER_BOUND ( 'NONE', #1537, .T. ) ;
#1572 = VECTOR ( 'NONE', #8493, 1000.000000000000000 ) ;
#1573 = EDGE_CURVE ( 'NONE', #5213, #1479, #3024, .T. ) ;
#1574 = CARTESIAN_POINT ( 'NONE',  ( -1.638748866352591760, 1.399999999999999911, -1.262607324199603864 ) ) ;
#1575 = CARTESIAN_POINT ( 'NONE',  ( 0.3600000000000009304, -0.1499999999999999944, -3.100000000000000089 ) ) ;
#1576 = CARTESIAN_POINT ( 'NONE',  ( 0.3600000000000009859, -0.7999999999999999334, 4.049999999999999822 ) ) ;
#1577 =( NAMED_UNIT ( * ) SI_UNIT ( $, .STERADIAN. ) SOLID_ANGLE_UNIT ( ) );
#1578 = VERTEX_POINT ( 'NONE', #7294 ) ;
#1579 = VERTEX_POINT ( 'NONE', #5173 ) ;
#1580 = PLANE ( 'NONE',  #4117 ) ;
#1581 = UNCERTAINTY_MEASURE_WITH_UNIT (LENGTH_MEASURE( 1.000000000000000082E-05 ), #5425, 'distance_accuracy_value', 'NONE');
#1582 = SURFACE_STYLE_USAGE ( .BOTH. , #4329 ) ;
#1583 = ORIENTED_EDGE ( 'NONE', *, *, #3655, .T. ) ;
#1584 = SURFACE_STYLE_FILL_AREA ( #1634 ) ;
#1585 = DIRECTION ( 'NONE',  ( -1.000000000000000000, -0.000000000000000000, -0.000000000000000000 ) ) ;
#1586 = ORIENTED_EDGE ( 'NONE', *, *, #2016, .F. ) ;
#1587 = CARTESIAN_POINT ( 'NONE',  ( 0.3600000000000009859, -0.6499999999999998002, 3.651850830482212373 ) ) ;
#1588 = LINE ( 'NONE', #7850, #6869 ) ;
#1589 = ORIENTED_EDGE ( 'NONE', *, *, #1019, .T. ) ;
#1590 = EDGE_CURVE ( 'NONE', #3723, #3729, #1748, .T. ) ;
#1591 = DIRECTION ( 'NONE',  ( 0.7071067811865444641, -0.000000000000000000, 0.7071067811865505703 ) ) ;
#1592 = EDGE_CURVE ( 'NONE', #3766, #3514, #1712, .T. ) ;
#1593 = FILL_AREA_STYLE_COLOUR ( '', #1224 ) ;
#1594 = SURFACE_STYLE_USAGE ( .BOTH. , #5982 ) ;
#1595 = ADVANCED_FACE ( 'NONE', ( #6800 ), #8856, .T. ) ;
#1596 = COLOUR_RGB ( '',0.6470588235294117974, 0.6196078431372549211, 0.5882352941176470784 ) ;
#1597 = CARTESIAN_POINT ( 'NONE',  ( -2.954999999999999183, -0.1499999999999999944, -2.949999999999999734 ) ) ;
#1598 = CARTESIAN_POINT ( 'NONE',  ( -1.629999999999998561, -0.7999999999999999334, -4.049999999999998046 ) ) ;
#1599 = ORIENTED_EDGE ( 'NONE', *, *, #4935, .F. ) ;
#1600 = SURFACE_STYLE_FILL_AREA ( #3706 ) ;
#1601 = AXIS2_PLACEMENT_3D ( 'NONE', #1854, #1760, #8739 ) ;
#1602 = EDGE_LOOP ( 'NONE', ( #3760, #3285, #5372, #6700 ) ) ;
#1603 = FILL_AREA_STYLE_COLOUR ( '', #4455 ) ;
#1604 = ADVANCED_FACE ( 'NONE', ( #8070 ), #8191, .T. ) ;
#1605 = CARTESIAN_POINT ( 'NONE',  ( -1.771421356237308453, 1.500000000000000000, -0.5835786437626909740 ) ) ;
#1606 = DIRECTION ( 'NONE',  ( 0.7071067811865475727, 0.000000000000000000, 0.7071067811865475727 ) ) ;
#1607 = DIRECTION ( 'NONE',  ( 0.000000000000000000, 0.000000000000000000, 1.000000000000000000 ) ) ;
#1608 = SURFACE_STYLE_FILL_AREA ( #3664 ) ;
#1609 =( GEOMETRIC_REPRESENTATION_CONTEXT ( 3 ) GLOBAL_UNCERTAINTY_ASSIGNED_CONTEXT ( ( #8274 ) ) GLOBAL_UNIT_ASSIGNED_CONTEXT ( ( #4516, #272, #6471 ) ) REPRESENTATION_CONTEXT ( 'NONE', 'WORKASPACE' ) );
#1610 =( NAMED_UNIT ( * ) PLANE_ANGLE_UNIT ( ) SI_UNIT ( $, .RADIAN. ) );
#1611 = VECTOR ( 'NONE', #5855, 1000.000000000000000 ) ;
#1612 = CYLINDRICAL_SURFACE ( 'NONE', #7699, 0.1000000000000001027 ) ;
#1613 = VECTOR ( 'NONE', #1960, 1000.000000000000000 ) ;
#1614 = STYLED_ITEM ( 'NONE', ( #2878 ), #667 ) ;
#1615 = ORIENTED_EDGE ( 'NONE', *, *, #2614, .T. ) ;
#1616 = FILL_AREA_STYLE ('',( #214 ) ) ;
#1617 = CARTESIAN_POINT ( 'NONE',  ( 2.955000000000000959, -0.1499999999999999944, 2.908827693562530570 ) ) ;
#1618 = SURFACE_STYLE_FILL_AREA ( #7879 ) ;
#1619 = ADVANCED_FACE ( 'NONE', ( #1106 ), #6671, .T. ) ;
#1620 = ORIENTED_EDGE ( 'NONE', *, *, #3248, .T. ) ;
#1621 = PRESENTATION_STYLE_ASSIGNMENT (( #7882 ) ) ;
#1622 = ORIENTED_EDGE ( 'NONE', *, *, #4650, .F. ) ;
#1623 = FACE_OUTER_BOUND ( 'NONE', #6245, .T. ) ;
#1624 = ORIENTED_EDGE ( 'NONE', *, *, #8992, .F. ) ;
#1625 = LINE ( 'NONE', #2951, #3704 ) ;
#1626 = EDGE_CURVE ( 'NONE', #8111, #8027, #5470, .T. ) ;
#1627 = ORIENTED_EDGE ( 'NONE', *, *, #6784, .F. ) ;
#1628 = LINE ( 'NONE', #1689, #3839 ) ;
#1629 = ORIENTED_EDGE ( 'NONE', *, *, #738, .T. ) ;
#1630 = DIRECTION ( 'NONE',  ( -1.000000000000000000, -0.000000000000000000, -0.000000000000000000 ) ) ;
#1631 = MECHANICAL_DESIGN_GEOMETRIC_PRESENTATION_REPRESENTATION (  '', ( #766 ), #1343 ) ;
#1632 = EDGE_CURVE ( 'NONE', #8027, #6053, #7934, .T. ) ;
#1633 = COLOUR_RGB ( '',0.6470588235294117974, 0.6196078431372549211, 0.5882352941176470784 ) ;
#1634 = FILL_AREA_STYLE ('',( #7845 ) ) ;
#1635 = CARTESIAN_POINT ( 'NONE',  ( 1.630000000000001004, 0.000000000000000000, -3.100000000000000089 ) ) ;
#1636 = AXIS2_PLACEMENT_3D ( 'NONE', #9066, #7726, #1550 ) ;
#1637 = CARTESIAN_POINT ( 'NONE',  ( 0.3600000000000009859, -0.6500000000000000222, 4.049999999999999822 ) ) ;
#1638 = ORIENTED_EDGE ( 'NONE', *, *, #4906, .F. ) ;
#1639 = DIRECTION ( 'NONE',  ( -0.7071067811865474617, 0.000000000000000000, 0.7071067811865474617 ) ) ;
#1640 =( NAMED_UNIT ( * ) SI_UNIT ( $, .STERADIAN. ) SOLID_ANGLE_UNIT ( ) );
#1641 = ORIENTED_EDGE ( 'NONE', *, *, #5500, .T. ) ;
#1642 = DIRECTION ( 'NONE',  ( 1.000000000000000000, 0.000000000000000000, 0.000000000000000000 ) ) ;
#1643 = MECHANICAL_DESIGN_GEOMETRIC_PRESENTATION_REPRESENTATION (  '', ( #1954 ), #2527 ) ;
#1644 = AXIS2_PLACEMENT_3D ( 'NONE', #2033, #8972, #5497 ) ;
#1646 = PLANE ( 'NONE',  #828 ) ;
#1645 =( GEOMETRIC_REPRESENTATION_CONTEXT ( 3 ) GLOBAL_UNCERTAINTY_ASSIGNED_CONTEXT ( ( #4018 ) ) GLOBAL_UNIT_ASSIGNED_CONTEXT ( ( #187, #1703, #7946 ) ) REPRESENTATION_CONTEXT ( 'NONE', 'WORKASPACE' ) );
#1647 = DIRECTION ( 'NONE',  ( -1.000000000000000000, 0.000000000000000000, -3.469446951953623557E-16 ) ) ;
#1648 = LINE ( 'NONE', #7994, #4025 ) ;
#1649 = CARTESIAN_POINT ( 'NONE',  ( 2.180000000000001048, -0.7999999999999999334, -3.583287396400482105 ) ) ;
#1650 =( NAMED_UNIT ( * ) PLANE_ANGLE_UNIT ( ) SI_UNIT ( $, .RADIAN. ) );
#1651 = FACE_OUTER_BOUND ( 'NONE', #6716, .T. ) ;
#1652 = DIRECTION ( 'NONE',  ( -1.000000000000000000, -0.000000000000000000, -0.000000000000000000 ) ) ;
#1653 = LINE ( 'NONE', #5912, #5610 ) ;
#1654 = EDGE_CURVE ( 'NONE', #732, #27, #8147, .T. ) ;
#1655 = VECTOR ( 'NONE', #8461, 1000.000000000000000 ) ;
#1656 =( GEOMETRIC_REPRESENTATION_CONTEXT ( 3 ) GLOBAL_UNCERTAINTY_ASSIGNED_CONTEXT ( ( #8374 ) ) GLOBAL_UNIT_ASSIGNED_CONTEXT ( ( #4193, #6122, #2661 ) ) REPRESENTATION_CONTEXT ( 'NONE', 'WORKASPACE' ) );
#1657 = DIRECTION ( 'NONE',  ( 0.000000000000000000, -0.000000000000000000, 1.000000000000000000 ) ) ;
#1658 = MECHANICAL_DESIGN_GEOMETRIC_PRESENTATION_REPRESENTATION (  '', ( #3541 ), #4413 ) ;
#1659 = EDGE_CURVE ( 'NONE', #2344, #7103, #6710, .T. ) ;
#1660 = LINE ( 'NONE', #7860, #8507 ) ;
#1661 = ORIENTED_EDGE ( 'NONE', *, *, #8308, .F. ) ;
#1662 = ORIENTED_EDGE ( 'NONE', *, *, #4080, .T. ) ;
#1663 = ORIENTED_EDGE ( 'NONE', *, *, #8935, .T. ) ;
#1664 =( NAMED_UNIT ( * ) PLANE_ANGLE_UNIT ( ) SI_UNIT ( $, .RADIAN. ) );
#1665 = MECHANICAL_DESIGN_GEOMETRIC_PRESENTATION_REPRESENTATION (  '', ( #341 ), #2964 ) ;
#1666 = ORIENTED_EDGE ( 'NONE', *, *, #185, .T. ) ;
#1667 = PRESENTATION_LAYER_ASSIGNMENT (  '', '', ( #2107 ) ) ;
#1668 = STYLED_ITEM ( 'NONE', ( #7992 ), #1403 ) ;
#1669 = EDGE_CURVE ( 'NONE', #3375, #7341, #8784, .T. ) ;
#1670 = CARTESIAN_POINT ( 'NONE',  ( -0.9099999999999991429, -0.1500000000000001610, 3.160696375133204228 ) ) ;
#1671 = PLANE ( 'NONE',  #7489 ) ;
#1672 = AXIS2_PLACEMENT_3D ( 'NONE', #8737, #2496, #4586 ) ;
#1673 = DIRECTION ( 'NONE',  ( 0.000000000000000000, 1.000000000000000000, 0.000000000000000000 ) ) ;
#1674 = VECTOR ( 'NONE', #8701, 1000.000000000000000 ) ;
#1675 = EDGE_CURVE ( 'NONE', #8845, #3784, #6768, .T. ) ;
#1676 = PRESENTATION_LAYER_ASSIGNMENT (  '', '', ( #5622 ) ) ;
#1677 = FACE_BOUND ( 'NONE', #7277, .T. ) ;
#1678 = CARTESIAN_POINT ( 'NONE',  ( 0.5014213562373094346, 1.500000000000000000, 0.5835786437626900858 ) ) ;
#1679 = CARTESIAN_POINT ( 'NONE',  ( -0.3599999999999990985, -0.2139543193336009841, 3.253973965717952943 ) ) ;
#1680 = DIRECTION ( 'NONE',  ( 0.000000000000000000, -1.000000000000000000, 0.000000000000000000 ) ) ;
#1681 =( GEOMETRIC_REPRESENTATION_CONTEXT ( 3 ) GLOBAL_UNCERTAINTY_ASSIGNED_CONTEXT ( ( #8143 ) ) GLOBAL_UNIT_ASSIGNED_CONTEXT ( ( #2659, #6217, #1363 ) ) REPRESENTATION_CONTEXT ( 'NONE', 'WORKASPACE' ) );
#1682 = ORIENTED_EDGE ( 'NONE', *, *, #482, .F. ) ;
#1683 = LINE ( 'NONE', #3269, #1674 ) ;
#1684 = STYLED_ITEM ( 'NONE', ( #5527 ), #4076 ) ;
#1685 = DIRECTION ( 'NONE',  ( 0.000000000000000000, 0.08715574274765820750, -0.9961946980917454342 ) ) ;
#1686 = ORIENTED_EDGE ( 'NONE', *, *, #1981, .T. ) ;
#1687 = UNCERTAINTY_MEASURE_WITH_UNIT (LENGTH_MEASURE( 1.000000000000000082E-05 ), #8533, 'distance_accuracy_value', 'NONE');
#1688 = ORIENTED_EDGE ( 'NONE', *, *, #2735, .T. ) ;
#1689 = CARTESIAN_POINT ( 'NONE',  ( -2.079999999999998739, 1.100000000000000089, 0.6249999999999995559 ) ) ;
#1690 = EDGE_CURVE ( 'NONE', #7357, #2320, #632, .T. ) ;
#1691 = EDGE_CURVE ( 'NONE', #5930, #2551, #7465, .T. ) ;
#1692 = PRESENTATION_LAYER_ASSIGNMENT (  '', '', ( #5638 ) ) ;
#1693 = SURFACE_STYLE_FILL_AREA ( #3807 ) ;
#1694 = UNCERTAINTY_MEASURE_WITH_UNIT (LENGTH_MEASURE( 1.000000000000000082E-05 ), #8527, 'distance_accuracy_value', 'NONE');
#1695 = CARTESIAN_POINT ( 'NONE',  ( 2.819622550835296337, -0.5587155742747659248, -2.914242020644469910 ) ) ;
#1696 =( NAMED_UNIT ( * ) SI_UNIT ( $, .STERADIAN. ) SOLID_ANGLE_UNIT ( ) );
#1697 = PLANE ( 'NONE',  #5734 ) ;
#1698 = LINE ( 'NONE', #4468, #2889 ) ;
#1699 = ORIENTED_EDGE ( 'NONE', *, *, #2588, .T. ) ;
#1700 = DIRECTION ( 'NONE',  ( 0.000000000000000000, -0.08715574274765820750, 0.9961946980917454342 ) ) ;
#1701 = ADVANCED_FACE ( 'NONE', ( #3353 ), #8929, .F. ) ;
#1702 = ORIENTED_EDGE ( 'NONE', *, *, #3027, .F. ) ;
#1703 =( NAMED_UNIT ( * ) PLANE_ANGLE_UNIT ( ) SI_UNIT ( $, .RADIAN. ) );
#1704 = AXIS2_PLACEMENT_3D ( 'NONE', #5324, #8833, #6186 ) ;
#1705 = ADVANCED_FACE ( 'NONE', ( #7085 ), #5732, .F. ) ;
#1706 = CARTESIAN_POINT ( 'NONE',  ( 3.008762470121484345, 1.100000000000000089, -2.326575187293961733 ) ) ;
#1707 = FILL_AREA_STYLE ('',( #2387 ) ) ;
#1708 = EDGE_CURVE ( 'NONE', #3050, #8393, #4530, .T. ) ;
#1709 = FACE_OUTER_BOUND ( 'NONE', #2345, .T. ) ;
#1710 = CARTESIAN_POINT ( 'NONE',  ( 0.9100000000000010303, -0.2139543193336009841, 3.253973965717952943 ) ) ;
#1711 = DIRECTION ( 'NONE',  ( -0.7071067811865444641, 0.000000000000000000, 0.7071067811865505703 ) ) ;
#1712 = LINE ( 'NONE', #2573, #8649 ) ;
#1713 = CYLINDRICAL_SURFACE ( 'NONE', #5056, 0.09999999999999982514 ) ;
#1714 = FILL_AREA_STYLE_COLOUR ( '', #2252 ) ;
#1715 = ORIENTED_EDGE ( 'NONE', *, *, #7842, .F. ) ;
#1716 = ORIENTED_EDGE ( 'NONE', *, *, #852, .F. ) ;
#1717 = VERTEX_POINT ( 'NONE', #6131 ) ;
#1718 = VECTOR ( 'NONE', #3608, 1000.000000000000000 ) ;
#1719 =( NAMED_UNIT ( * ) PLANE_ANGLE_UNIT ( ) SI_UNIT ( $, .RADIAN. ) );
#1720 = PLANE ( 'NONE',  #4733 ) ;
#1721 = VECTOR ( 'NONE', #8677, 1000.000000000000114 ) ;
#1722 = CARTESIAN_POINT ( 'NONE',  ( -0.9099999999999993650, 1.500000000000000000, 1.999999999999999556 ) ) ;
#1723 = AXIS2_PLACEMENT_3D ( 'NONE', #6415, #4918, #2940 ) ;
#1724 = CARTESIAN_POINT ( 'NONE',  ( -2.819622550835294561, -0.5587155742747659248, 2.914242020644469910 ) ) ;
#1725 = VECTOR ( 'NONE', #329, 1000.000000000000114 ) ;
#1726 = AXIS2_PLACEMENT_3D ( 'NONE', #6009, #3081, #8790 ) ;
#1727 = VECTOR ( 'NONE', #5981, 1000.000000000000000 ) ;
#1728 = DIRECTION ( 'NONE',  ( -0.000000000000000000, -1.000000000000000000, -0.000000000000000000 ) ) ;
#1729 = CARTESIAN_POINT ( 'NONE',  ( 0.4599999999999999090, 1.458578643762690419, 0.6249999999999994449 ) ) ;
#1730 = EDGE_CURVE ( 'NONE', #8108, #7927, #8004, .T. ) ;
#1731 = ORIENTED_EDGE ( 'NONE', *, *, #7211, .F. ) ;
#1732 = SURFACE_SIDE_STYLE ('',( #5201 ) ) ;
#1733 =( GEOMETRIC_REPRESENTATION_CONTEXT ( 3 ) GLOBAL_UNCERTAINTY_ASSIGNED_CONTEXT ( ( #3925 ) ) GLOBAL_UNIT_ASSIGNED_CONTEXT ( ( #910, #3694, #6475 ) ) REPRESENTATION_CONTEXT ( 'NONE', 'WORKASPACE' ) );
#1734 = SURFACE_STYLE_USAGE ( .BOTH. , #264 ) ;
#1735 = VERTEX_POINT ( 'NONE', #8734 ) ;
#1736 = ORIENTED_EDGE ( 'NONE', *, *, #655, .T. ) ;
#1737 = LINE ( 'NONE', #6061, #4192 ) ;
#1738 = PLANE ( 'NONE',  #787 ) ;
#1739 = FACE_OUTER_BOUND ( 'NONE', #407, .T. ) ;
#1740 = VERTEX_POINT ( 'NONE', #461 ) ;
#1741 = LINE ( 'NONE', #270, #4179 ) ;
#1742 = ORIENTED_EDGE ( 'NONE', *, *, #185, .F. ) ;
#1743 = DIRECTION ( 'NONE',  ( -0.000000000000000000, -1.000000000000000000, -0.000000000000000000 ) ) ;
#1744 = SURFACE_SIDE_STYLE ('',( #5218 ) ) ;
#1745 = CARTESIAN_POINT ( 'NONE',  ( 1.629999999999999449, 1.500000000000000000, 1.999999999999999556 ) ) ;
#1746 = LINE ( 'NONE', #4431, #1941 ) ;
#1747 = LINE ( 'NONE', #2302, #7507 ) ;
#1748 = LINE ( 'NONE', #8090, #1970 ) ;
#1749 = PLANE ( 'NONE',  #243 ) ;
#1750 = CARTESIAN_POINT ( 'NONE',  ( -0.3599999999999990985, -0.2139543193336009841, -3.253973965717952943 ) ) ;
#1751 = VERTEX_POINT ( 'NONE', #1942 ) ;
#1752 = EDGE_CURVE ( 'NONE', #5269, #3208, #3160, .T. ) ;
#1753 = ORIENTED_EDGE ( 'NONE', *, *, #2757, .T. ) ;
#1754 = ORIENTED_EDGE ( 'NONE', *, *, #5646, .F. ) ;
#1755 = DIRECTION ( 'NONE',  ( 1.000000000000000000, 0.000000000000000000, 0.000000000000000000 ) ) ;
#1756 = CARTESIAN_POINT ( 'NONE',  ( 1.630000000000001004, -0.5860456806663989493, -3.558573239897463658 ) ) ;
#1757 = LINE ( 'NONE', #5401, #6160 ) ;
#1758 = DIRECTION ( 'NONE',  ( 0.000000000000000000, -0.08715574274765836016, 0.9961946980917455452 ) ) ;
#1759 = CARTESIAN_POINT ( 'NONE',  ( -3.104999999999999094, 0.000000000000000000, 3.100000000000000089 ) ) ;
#1760 = DIRECTION ( 'NONE',  ( -1.000000000000000000, -0.000000000000000000, -0.000000000000000000 ) ) ;
#1761 = STYLED_ITEM ( 'NONE', ( #7174 ), #21 ) ;
#1762 = DIRECTION ( 'NONE',  ( 0.000000000000000000, 0.9327759058474841547, -0.3604568066639957102 ) ) ;
#1763 = DIRECTION ( 'NONE',  ( 0.000000000000000000, 0.000000000000000000, 1.000000000000000000 ) ) ;
#1764 = LINE ( 'NONE', #8012, #3602 ) ;
#1765 = ADVANCED_FACE ( 'NONE', ( #7300 ), #3912, .F. ) ;
#1766 = ORIENTED_EDGE ( 'NONE', *, *, #7200, .F. ) ;
#1767 = LINE ( 'NONE', #8748, #7454 ) ;
#1768 = CARTESIAN_POINT ( 'NONE',  ( 0.3600000000000009859, -0.7999999999999999334, 3.583287396400482105 ) ) ;
#1769 = EDGE_CURVE ( 'NONE', #1938, #8870, #4154, .T. ) ;
#1770 = ORIENTED_EDGE ( 'NONE', *, *, #2492, .F. ) ;
#1771 = DIRECTION ( 'NONE',  ( 1.000000000000000000, 0.000000000000000000, -0.000000000000000000 ) ) ;
#1772 = ORIENTED_EDGE ( 'NONE', *, *, #5867, .T. ) ;
#1773 = ORIENTED_EDGE ( 'NONE', *, *, #5115, .T. ) ;
#1774 = VECTOR ( 'NONE', #6921, 1000.000000000000000 ) ;
#1775 = PRESENTATION_STYLE_ASSIGNMENT (( #3325 ) ) ;
#1776 = ADVANCED_FACE ( 'NONE', ( #2794 ), #2125, .T. ) ;
#1777 =( NAMED_UNIT ( * ) SI_UNIT ( $, .STERADIAN. ) SOLID_ANGLE_UNIT ( ) );
#1778 =( NAMED_UNIT ( * ) SI_UNIT ( $, .STERADIAN. ) SOLID_ANGLE_UNIT ( ) );
#1779 =( NAMED_UNIT ( * ) SI_UNIT ( $, .STERADIAN. ) SOLID_ANGLE_UNIT ( ) );
#1780 = DIRECTION ( 'NONE',  ( -1.000000000000000000, -0.000000000000000000, -0.000000000000000000 ) ) ;
#1781 = ORIENTED_EDGE ( 'NONE', *, *, #5660, .T. ) ;
#1782 = MECHANICAL_DESIGN_GEOMETRIC_PRESENTATION_REPRESENTATION (  '', ( #2213 ), #3663 ) ;
#1783 = AXIS2_PLACEMENT_3D ( 'NONE', #4950, #4989, #7730 ) ;
#1784 = ORIENTED_EDGE ( 'NONE', *, *, #7669, .T. ) ;
#1785 = FACE_OUTER_BOUND ( 'NONE', #1077, .T. ) ;
#1786 = VECTOR ( 'NONE', #3038, 1000.000000000000000 ) ;
#1787 = DIRECTION ( 'NONE',  ( 0.000000000000000000, 0.9327759058474844878, -0.3604568066639949886 ) ) ;
#1788 = DIRECTION ( 'NONE',  ( 0.000000000000000000, -0.9327759058474842657, -0.3604568066639957102 ) ) ;
#1789 = DIRECTION ( 'NONE',  ( -0.000000000000000000, -0.000000000000000000, -1.000000000000000000 ) ) ;
#1790 = ORIENTED_EDGE ( 'NONE', *, *, #1626, .T. ) ;
#1791 =( GEOMETRIC_REPRESENTATION_CONTEXT ( 3 ) GLOBAL_UNCERTAINTY_ASSIGNED_CONTEXT ( ( #7142 ) ) GLOBAL_UNIT_ASSIGNED_CONTEXT ( ( #1972, #3459, #3988 ) ) REPRESENTATION_CONTEXT ( 'NONE', 'WORKASPACE' ) );
#1792 =( GEOMETRIC_REPRESENTATION_CONTEXT ( 3 ) GLOBAL_UNCERTAINTY_ASSIGNED_CONTEXT ( ( #1957 ) ) GLOBAL_UNIT_ASSIGNED_CONTEXT ( ( #4248, #1421, #2887 ) ) REPRESENTATION_CONTEXT ( 'NONE', 'WORKASPACE' ) );
#1793 = ORIENTED_EDGE ( 'NONE', *, *, #2588, .F. ) ;
#1794 = ORIENTED_EDGE ( 'NONE', *, *, #6072, .F. ) ;
#1795 = EDGE_CURVE ( 'NONE', #3911, #3566, #3517, .T. ) ;
#1796 = VECTOR ( 'NONE', #5198, 1000.000000000000114 ) ;
#1797 = EDGE_CURVE ( 'NONE', #2699, #2292, #2842, .T. ) ;
#1798 =( GEOMETRIC_REPRESENTATION_CONTEXT ( 3 ) GLOBAL_UNCERTAINTY_ASSIGNED_CONTEXT ( ( #2325 ) ) GLOBAL_UNIT_ASSIGNED_CONTEXT ( ( #857, #7186, #7929 ) ) REPRESENTATION_CONTEXT ( 'NONE', 'WORKASPACE' ) );
#1799 = SURFACE_SIDE_STYLE ('',( #8041 ) ) ;
#1800 = FACE_OUTER_BOUND ( 'NONE', #5687, .T. ) ;
#1801 = CARTESIAN_POINT ( 'NONE',  ( -0.9099999999999991429, -0.7999999999999999334, -3.583287396400482105 ) ) ;
#1802 = VECTOR ( 'NONE', #5700, 1000.000000000000000 ) ;
#1803 = AXIS2_PLACEMENT_3D ( 'NONE', #2585, #3303, #7408 ) ;
#1804 = ADVANCED_FACE ( 'NONE', ( #6180 ), #1466, .F. ) ;
#1805 = MECHANICAL_DESIGN_GEOMETRIC_PRESENTATION_REPRESENTATION (  '', ( #611 ), #2543 ) ;
#1806 = SURFACE_STYLE_FILL_AREA ( #6508 ) ;
#1807 = EDGE_CURVE ( 'NONE', #1436, #3977, #598, .T. ) ;
#1808 = SURFACE_SIDE_STYLE ('',( #8052 ) ) ;
#1809 = ADVANCED_FACE ( 'NONE', ( #2717 ), #5078, .F. ) ;
#1810 = DIRECTION ( 'NONE',  ( -1.000000000000000000, -0.000000000000000000, -0.000000000000000000 ) ) ;
#1811 = DIRECTION ( 'NONE',  ( -1.000000000000000000, -0.000000000000000000, -0.000000000000000000 ) ) ;
#1812 = VECTOR ( 'NONE', #7956, 1000.000000000000000 ) ;
#1813 = STYLED_ITEM ( 'NONE', ( #2491 ), #1765 ) ;
#1814 = CARTESIAN_POINT ( 'NONE',  ( 0.3600000000000009859, -0.2500000000000000000, 3.160696375133204672 ) ) ;
#1815 = ORIENTED_EDGE ( 'NONE', *, *, #6784, .T. ) ;
#1816 = CARTESIAN_POINT ( 'NONE',  ( 1.729999999999999094, 1.458578643762690419, 0.6249999999999994449 ) ) ;
#1817 = CARTESIAN_POINT ( 'NONE',  ( -0.9099999999999991429, -0.7040685209995984906, -3.443371010523358589 ) ) ;
#1818 = ORIENTED_EDGE ( 'NONE', *, *, #2864, .T. ) ;
#1819 = VECTOR ( 'NONE', #8714, 1000.000000000000000 ) ;
#1820 = VECTOR ( 'NONE', #3933, 1000.000000000000000 ) ;
#1821 =( GEOMETRIC_REPRESENTATION_CONTEXT ( 3 ) GLOBAL_UNCERTAINTY_ASSIGNED_CONTEXT ( ( #3770 ) ) GLOBAL_UNIT_ASSIGNED_CONTEXT ( ( #2908, #7800, #2153 ) ) REPRESENTATION_CONTEXT ( 'NONE', 'WORKASPACE' ) );
#1822 = SURFACE_SIDE_STYLE ('',( #3768 ) ) ;
#1823 = COLOUR_RGB ( '',0.6470588235294117974, 0.6196078431372549211, 0.5882352941176470784 ) ;
#1824 = DIRECTION ( 'NONE',  ( -0.7071067811865471286, 0.000000000000000000, -0.7071067811865479058 ) ) ;
#1825 = FILL_AREA_STYLE ('',( #1129 ) ) ;
#1826 = VECTOR ( 'NONE', #5839, 1000.000000000000000 ) ;
#1827 = DIRECTION ( 'NONE',  ( 0.000000000000000000, -0.000000000000000000, -1.000000000000000000 ) ) ;
#1828 = DIRECTION ( 'NONE',  ( 2.168404344971008868E-16, 0.000000000000000000, 1.000000000000000000 ) ) ;
#1829 = CARTESIAN_POINT ( 'NONE',  ( 2.180000000000001048, -0.1499999999999999667, 3.229259809214934940 ) ) ;
#1830 = ORIENTED_EDGE ( 'NONE', *, *, #7457, .F. ) ;
#1831 = PLANE ( 'NONE',  #6657 ) ;
#1832 = CARTESIAN_POINT ( 'NONE',  ( 0.9100000000000010303, -0.7040685209995984906, -3.443371010523358589 ) ) ;
#1833 = EDGE_LOOP ( 'NONE', ( #4700, #2282, #2915, #6049 ) ) ;
#1834 = FILL_AREA_STYLE ('',( #2337 ) ) ;
#1835 = LINE ( 'NONE', #1141, #6233 ) ;
#1836 = CARTESIAN_POINT ( 'NONE',  ( 0.9100000000000010303, -0.09593147900040142895, 3.369176195092057569 ) ) ;
#1837 = CARTESIAN_POINT ( 'NONE',  ( -0.3599999999999990985, -0.7999999999999999334, 3.583287396400482105 ) ) ;
#1838 = DIRECTION ( 'NONE',  ( 0.000000000000000000, 0.9327759058474844878, -0.3604568066639949886 ) ) ;
#1839 = DIRECTION ( 'NONE',  ( -0.7071067811865471286, 0.000000000000000000, -0.7071067811865479058 ) ) ;
#1840 = CARTESIAN_POINT ( 'NONE',  ( -2.179999999999998828, 0.000000000000000000, -3.229259809214934052 ) ) ;
#1841 = LINE ( 'NONE', #2711, #3599 ) ;
#1842 = STYLED_ITEM ( 'NONE', ( #6444 ), #4479 ) ;
#1843 = CARTESIAN_POINT ( 'NONE',  ( 2.079999999999999183, 1.399999999999999911, 0.6249999999999995559 ) ) ;
#1844 = ORIENTED_EDGE ( 'NONE', *, *, #6017, .F. ) ;
#1845 = EDGE_CURVE ( 'NONE', #1099, #4552, #32, .T. ) ;
#1846 = VERTEX_POINT ( 'NONE', #5705 ) ;
#1847 = ORIENTED_EDGE ( 'NONE', *, *, #7124, .T. ) ;
#1848 = FILL_AREA_STYLE_COLOUR ( '', #2834 ) ;
#1849 = COLOUR_RGB ( '',0.6470588235294117974, 0.6196078431372549211, 0.5882352941176470784 ) ;
#1850 = UNCERTAINTY_MEASURE_WITH_UNIT (LENGTH_MEASURE( 1.000000000000000082E-05 ), #5397, 'distance_accuracy_value', 'NONE');
#1851 = SURFACE_SIDE_STYLE ('',( #3917 ) ) ;
#1852 = FILL_AREA_STYLE_COLOUR ( '', #3249 ) ;
#1853 = AXIS2_PLACEMENT_3D ( 'NONE', #4662, #8630, #4383 ) ;
#1854 = CARTESIAN_POINT ( 'NONE',  ( 2.180000000000001048, -0.2500000000000000000, -3.160696375133204672 ) ) ;
#1855 = VERTEX_POINT ( 'NONE', #7063 ) ;
#1856 = CARTESIAN_POINT ( 'NONE',  ( 1.729999999999999760, 1.100000000000000089, -0.6250000000000004441 ) ) ;
#1857 = UNCERTAINTY_MEASURE_WITH_UNIT (LENGTH_MEASURE( 1.000000000000000082E-05 ), #8068, 'distance_accuracy_value', 'NONE');
#1858 = MECHANICAL_DESIGN_GEOMETRIC_PRESENTATION_REPRESENTATION (  '', ( #1559 ), #8121 ) ;
#1859 = AXIS2_PLACEMENT_3D ( 'NONE', #6685, #1277, #7431 ) ;
#1860 = ORIENTED_EDGE ( 'NONE', *, *, #7354, .F. ) ;
#1861 = LINE ( 'NONE', #3840, #2997 ) ;
#1862 = CARTESIAN_POINT ( 'NONE',  ( 1.630000000000001004, 0.000000000000000000, 2.969702453438674006 ) ) ;
#1863 = SURFACE_STYLE_FILL_AREA ( #6417 ) ;
#1864 = DIRECTION ( 'NONE',  ( 0.000000000000000000, 0.000000000000000000, 1.000000000000000000 ) ) ;
#1865 = ORIENTED_EDGE ( 'NONE', *, *, #3211, .T. ) ;
#1866 = PRESENTATION_STYLE_ASSIGNMENT (( #2642 ) ) ;
#1867 = FILL_AREA_STYLE_COLOUR ( '', #6330 ) ;
#1868 = EDGE_CURVE ( 'NONE', #3767, #8963, #2284, .T. ) ;
#1869 = MECHANICAL_DESIGN_GEOMETRIC_PRESENTATION_REPRESENTATION (  '', ( #7245 ), #3029 ) ;
#1870 = ORIENTED_EDGE ( 'NONE', *, *, #8407, .T. ) ;
#1871 = VECTOR ( 'NONE', #8892, 1000.000000000000000 ) ;
#1872 = ORIENTED_EDGE ( 'NONE', *, *, #5768, .T. ) ;
#1873 = CARTESIAN_POINT ( 'NONE',  ( -0.3599999999999990985, -0.7999999999999999334, -4.049999999999998046 ) ) ;
#1874 = DIRECTION ( 'NONE',  ( 0.9961946980917455452, -0.08715574274765836016, -2.160152911779223387E-16 ) ) ;
#1875 =( NAMED_UNIT ( * ) SI_UNIT ( $, .STERADIAN. ) SOLID_ANGLE_UNIT ( ) );
#1876 = LINE ( 'NONE', #8857, #3727 ) ;
#1877 = LINE ( 'NONE', #486, #1 ) ;
#1878 = VECTOR ( 'NONE', #872, 1000.000000000000000 ) ;
#1879 =( NAMED_UNIT ( * ) PLANE_ANGLE_UNIT ( ) SI_UNIT ( $, .RADIAN. ) );
#1880 =( NAMED_UNIT ( * ) SI_UNIT ( $, .STERADIAN. ) SOLID_ANGLE_UNIT ( ) );
#1881 = VERTEX_POINT ( 'NONE', #5101 ) ;
#1882 = LINE ( 'NONE', #8762, #8122 ) ;
#1883 = ORIENTED_EDGE ( 'NONE', *, *, #5727, .T. ) ;
#1884 = CARTESIAN_POINT ( 'NONE',  ( -0.8750045345896301230, 1.100000000000000089, 1.897363634673489354E-16 ) ) ;
#1885 = FACE_OUTER_BOUND ( 'NONE', #2772, .T. ) ;
#1886 = ORIENTED_EDGE ( 'NONE', *, *, #6926, .F. ) ;
#1887 = CARTESIAN_POINT ( 'NONE',  ( -0.9099999999999991429, -0.6499999999999998002, -3.651850830482212373 ) ) ;
#1888 = FILL_AREA_STYLE ('',( #1147 ) ) ;
#1889 = CARTESIAN_POINT ( 'NONE',  ( -2.179999999999998828, -0.09593147900040135956, -3.369176195092057569 ) ) ;
#1890 = ORIENTED_EDGE ( 'NONE', *, *, #7124, .F. ) ;
#1891 = CARTESIAN_POINT ( 'NONE',  ( -1.629999999999998561, -0.7999999999999999334, -4.049999999999998046 ) ) ;
#1892 = DIRECTION ( 'NONE',  ( 0.000000000000000000, 1.000000000000000000, 0.000000000000000000 ) ) ;
#1893 = ADVANCED_FACE ( 'NONE', ( #5625 ), #4928, .T. ) ;
#1894 =( NAMED_UNIT ( * ) SI_UNIT ( $, .STERADIAN. ) SOLID_ANGLE_UNIT ( ) );
#1895 = EDGE_CURVE ( 'NONE', #2545, #6365, #7755, .T. ) ;
#1896 = EDGE_LOOP ( 'NONE', ( #1111, #158, #91, #1294 ) ) ;
#1897 = DIRECTION ( 'NONE',  ( 0.000000000000000000, -0.000000000000000000, -1.000000000000000000 ) ) ;
#1898 = EDGE_CURVE ( 'NONE', #6292, #8845, #1625, .T. ) ;
#1899 = SURFACE_SIDE_STYLE ('',( #6762 ) ) ;
#1900 =( LENGTH_UNIT ( ) NAMED_UNIT ( * ) SI_UNIT ( .MILLI., .METRE. ) );
#1901 = SURFACE_STYLE_USAGE ( .BOTH. , #6763 ) ;
#1902 = EDGE_CURVE ( 'NONE', #4299, #7550, #4408, .T. ) ;
#1903 = PLANE ( 'NONE',  #5748 ) ;
#1904 = VERTEX_POINT ( 'NONE', #93 ) ;
#1905 = CARTESIAN_POINT ( 'NONE',  ( 0.3600000000000009859, -0.1499999999999999667, 3.229259809214934940 ) ) ;
#1906 = ORIENTED_EDGE ( 'NONE', *, *, #6636, .F. ) ;
#1907 = VERTEX_POINT ( 'NONE', #2873 ) ;
#1908 = PLANE ( 'NONE',  #8386 ) ;
#1909 = UNCERTAINTY_MEASURE_WITH_UNIT (LENGTH_MEASURE( 1.000000000000000082E-05 ), #4130, 'distance_accuracy_value', 'NONE');
#1910 =( NAMED_UNIT ( * ) PLANE_ANGLE_UNIT ( ) SI_UNIT ( $, .RADIAN. ) );
#1911 = ORIENTED_EDGE ( 'NONE', *, *, #8898, .T. ) ;
#1912 = DIRECTION ( 'NONE',  ( 0.000000000000000000, 0.000000000000000000, -1.000000000000000000 ) ) ;
#1913 = COLOUR_RGB ( '',0.6470588235294117974, 0.6196078431372549211, 0.5882352941176470784 ) ;
#1914 = CARTESIAN_POINT ( 'NONE',  ( -2.079999999999999183, 1.458578643762690419, 0.6249999999999994449 ) ) ;
#1915 = VERTEX_POINT ( 'NONE', #5665 ) ;
#1916 = ORIENTED_EDGE ( 'NONE', *, *, #5994, .T. ) ;
#1917 = DIRECTION ( 'NONE',  ( -0.000000000000000000, 1.000000000000000000, 0.000000000000000000 ) ) ;
#1918 = DIRECTION ( 'NONE',  ( 0.000000000000000000, -1.000000000000000000, 0.000000000000000000 ) ) ;
#1919 = CARTESIAN_POINT ( 'NONE',  ( 0.4600000000000004086, -0.6500000000000000222, -4.150000000000000355 ) ) ;
#1920 = ADVANCED_FACE ( 'NONE', ( #8441 ), #132, .F. ) ;
#1921 = DIRECTION ( 'NONE',  ( 2.168404344971008868E-16, 0.000000000000000000, 1.000000000000000000 ) ) ;
#1922 = FILL_AREA_STYLE_COLOUR ( '', #6338 ) ;
#1923 = FACE_BOUND ( 'NONE', #353, .T. ) ;
#1924 = VERTEX_POINT ( 'NONE', #5751 ) ;
#1925 = ADVANCED_FACE ( 'NONE', ( #8519 ), #8203, .F. ) ;
#1926 = VECTOR ( 'NONE', #8795, 1000.000000000000114 ) ;
#1927 = VERTEX_POINT ( 'NONE', #2506 ) ;
#1928 = SURFACE_STYLE_FILL_AREA ( #8219 ) ;
#1929 = LINE ( 'NONE', #6120, #60 ) ;
#1930 = VERTEX_POINT ( 'NONE', #573 ) ;
#1931 = EDGE_CURVE ( 'NONE', #8845, #7103, #7531, .T. ) ;
#1932 = CARTESIAN_POINT ( 'NONE',  ( 1.629999999999999449, 1.500000000000000000, 1.999999999999999556 ) ) ;
#1933 = AXIS2_PLACEMENT_3D ( 'NONE', #7576, #6203, #8996 ) ;
#1934 = VECTOR ( 'NONE', #241, 1000.000000000000000 ) ;
#1935 = CARTESIAN_POINT ( 'NONE',  ( 0.9100000000000010303, -0.6500000000000000222, -4.049999999999998046 ) ) ;
#1936 = SURFACE_SIDE_STYLE ('',( #5992 ) ) ;
#1937 = DIRECTION ( 'NONE',  ( 3.469446951953614189E-16, 0.000000000000000000, -1.000000000000000000 ) ) ;
#1938 = VERTEX_POINT ( 'NONE', #2011 ) ;
#1939 =( LENGTH_UNIT ( ) NAMED_UNIT ( * ) SI_UNIT ( .MILLI., .METRE. ) );
#1940 = LINE ( 'NONE', #7594, #3698 ) ;
#1941 = VECTOR ( 'NONE', #5037, 1000.000000000000000 ) ;
#1942 = CARTESIAN_POINT ( 'NONE',  ( -2.079999999999998739, 1.100000000000000089, 0.6249999999999995559 ) ) ;
#1943 = LINE ( 'NONE', #2126, #128 ) ;
#1944 = VECTOR ( 'NONE', #8132, 1000.000000000000000 ) ;
#1945 = DIRECTION ( 'NONE',  ( -1.000000000000000000, 4.336808689942015369E-15, -3.794215962506405244E-16 ) ) ;
#1946 = FACE_OUTER_BOUND ( 'NONE', #6095, .T. ) ;
#1947 = EDGE_CURVE ( 'NONE', #7466, #793, #6093, .T. ) ;
#1948 = DIRECTION ( 'NONE',  ( -1.000000000000000000, 0.000000000000000000, -0.000000000000000000 ) ) ;
#1949 = FILL_AREA_STYLE ('',( #8780 ) ) ;
#1950 = AXIS2_PLACEMENT_3D ( 'NONE', #1085, #3225, #1178 ) ;
#1951 =( LENGTH_UNIT ( ) NAMED_UNIT ( * ) SI_UNIT ( .MILLI., .METRE. ) );
#1952 = ORIENTED_EDGE ( 'NONE', *, *, #5685, .F. ) ;
#1953 = SURFACE_STYLE_USAGE ( .BOTH. , #7568 ) ;
#1954 = STYLED_ITEM ( 'NONE', ( #4022 ), #7796 ) ;
#1955 = VERTEX_POINT ( 'NONE', #3007 ) ;
#1956 = DIRECTION ( 'NONE',  ( -1.000000000000000000, -0.000000000000000000, -0.000000000000000000 ) ) ;
#1957 = UNCERTAINTY_MEASURE_WITH_UNIT (LENGTH_MEASURE( 1.000000000000000082E-05 ), #4248, 'distance_accuracy_value', 'NONE');
#1958 = VERTEX_POINT ( 'NONE', #3804 ) ;
#1959 =( NAMED_UNIT ( * ) PLANE_ANGLE_UNIT ( ) SI_UNIT ( $, .RADIAN. ) );
#1960 = DIRECTION ( 'NONE',  ( 0.000000000000000000, -1.000000000000000000, 0.000000000000000000 ) ) ;
#1961 = DIRECTION ( 'NONE',  ( -0.08715574274765836016, -0.9961946980917455452, 3.436161659330867058E-17 ) ) ;
#1962 = CIRCLE ( 'NONE', #45, 0.1499999999999999667 ) ;
#1963 = ORIENTED_EDGE ( 'NONE', *, *, #6535, .F. ) ;
#1964 = VECTOR ( 'NONE', #1364, 1000.000000000000000 ) ;
#1965 = VECTOR ( 'NONE', #2783, 1000.000000000000000 ) ;
#1966 = DIRECTION ( 'NONE',  ( -1.000000000000000000, -0.000000000000000000, 3.942553354492739094E-16 ) ) ;
#1967 = VERTEX_POINT ( 'NONE', #135 ) ;
#1968 = VECTOR ( 'NONE', #6643, 1000.000000000000000 ) ;
#1969 = VECTOR ( 'NONE', #5224, 1000.000000000000000 ) ;
#1970 = VECTOR ( 'NONE', #8631, 1000.000000000000000 ) ;
#1971 = CARTESIAN_POINT ( 'NONE',  ( -2.179999999999998828, -0.1499999999999999667, 3.229259809214934940 ) ) ;
#1972 =( LENGTH_UNIT ( ) NAMED_UNIT ( * ) SI_UNIT ( .MILLI., .METRE. ) );
#1973 = ORIENTED_EDGE ( 'NONE', *, *, #3588, .T. ) ;
#1974 = CARTESIAN_POINT ( 'NONE',  ( 0.9100000000000010303, -0.09593147900040135956, -3.369176195092057569 ) ) ;
#1975 = AXIS2_PLACEMENT_3D ( 'NONE', #87, #2868, #7751 ) ;
#1976 = ORIENTED_EDGE ( 'NONE', *, *, #3126, .T. ) ;
#1977 = AXIS2_PLACEMENT_3D ( 'NONE', #1075, #5386, #6550 ) ;
#1978 = VECTOR ( 'NONE', #8977, 1000.000000000000000 ) ;
#1979 = ORIENTED_EDGE ( 'NONE', *, *, #3420, .F. ) ;
#1980 = EDGE_CURVE ( 'NONE', #8173, #2380, #5103, .T. ) ;
#1981 = EDGE_CURVE ( 'NONE', #1751, #3195, #1628, .T. ) ;
#1982 = ORIENTED_EDGE ( 'NONE', *, *, #8593, .T. ) ;
#1983 = VECTOR ( 'NONE', #3367, 1000.000000000000000 ) ;
#1984 = DIRECTION ( 'NONE',  ( 0.000000000000000000, 0.000000000000000000, 1.000000000000000000 ) ) ;
#1985 = LINE ( 'NONE', #635, #49 ) ;
#1986 = VERTEX_POINT ( 'NONE', #2286 ) ;
#1987 = CARTESIAN_POINT ( 'NONE',  ( 2.180000000000001048, -0.7999999999999999334, -4.049999999999999822 ) ) ;
#1988 = UNCERTAINTY_MEASURE_WITH_UNIT (LENGTH_MEASURE( 1.000000000000000082E-05 ), #7787, 'distance_accuracy_value', 'NONE');
#1989 = CARTESIAN_POINT ( 'NONE',  ( 0.4600000000000003531, 1.500000000000000000, -0.6250000000000004441 ) ) ;
#1990 =( NAMED_UNIT ( * ) PLANE_ANGLE_UNIT ( ) SI_UNIT ( $, .RADIAN. ) );
#1991 = ADVANCED_FACE ( 'NONE', ( #5066 ), #3424, .T. ) ;
#1992 = ORIENTED_EDGE ( 'NONE', *, *, #1000, .T. ) ;
#1993 = AXIS2_PLACEMENT_3D ( 'NONE', #2645, #8949, #1312 ) ;
#1994 = ADVANCED_FACE ( 'NONE', ( #6979 ), #5573, .T. ) ;
#1995 = ORIENTED_EDGE ( 'NONE', *, *, #4257, .T. ) ;
#1996 = VERTEX_POINT ( 'NONE', #6391 ) ;
#1997 = CARTESIAN_POINT ( 'NONE',  ( -0.8099999999999990541, 1.500000000000000000, -0.6250000000000004441 ) ) ;
#1998 = ORIENTED_EDGE ( 'NONE', *, *, #1283, .F. ) ;
#1999 = UNCERTAINTY_MEASURE_WITH_UNIT (LENGTH_MEASURE( 1.000000000000000082E-05 ), #3640, 'distance_accuracy_value', 'NONE');
#2000 =( GEOMETRIC_REPRESENTATION_CONTEXT ( 3 ) GLOBAL_UNCERTAINTY_ASSIGNED_CONTEXT ( ( #4917 ) ) GLOBAL_UNIT_ASSIGNED_CONTEXT ( ( #6366, #6408, #8505 ) ) REPRESENTATION_CONTEXT ( 'NONE', 'WORKASPACE' ) );
#2001 = PRESENTATION_STYLE_ASSIGNMENT (( #3964 ) ) ;
#2002 = VERTEX_POINT ( 'NONE', #1409 ) ;
#2003 = ORIENTED_EDGE ( 'NONE', *, *, #6474, .F. ) ;
#2004 = ORIENTED_EDGE ( 'NONE', *, *, #2802, .T. ) ;
#2005 = FILL_AREA_STYLE_COLOUR ( '', #3172 ) ;
#2006 = DIRECTION ( 'NONE',  ( -0.000000000000000000, 0.9327759058474841547, 0.3604568066639957102 ) ) ;
#2007 = PRESENTATION_LAYER_ASSIGNMENT (  '', '', ( #820 ) ) ;
#2008 = LINE ( 'NONE', #8993, #8951 ) ;
#2009 = FACE_OUTER_BOUND ( 'NONE', #3463, .T. ) ;
#2010 = ORIENTED_EDGE ( 'NONE', *, *, #1795, .F. ) ;
#2011 = CARTESIAN_POINT ( 'NONE',  ( 2.145004534589628697, 1.100000000000000089, -1.262607324199603864 ) ) ;
#2012 = DIRECTION ( 'NONE',  ( 1.000000000000000000, 0.000000000000000000, -3.942553354492737614E-16 ) ) ;
#2013 = ORIENTED_EDGE ( 'NONE', *, *, #8126, .F. ) ;
#2014 =( GEOMETRIC_REPRESENTATION_CONTEXT ( 3 ) GLOBAL_UNCERTAINTY_ASSIGNED_CONTEXT ( ( #4277 ) ) GLOBAL_UNIT_ASSIGNED_CONTEXT ( ( #1939, #4714, #455 ) ) REPRESENTATION_CONTEXT ( 'NONE', 'WORKASPACE' ) );
#2015 =( NAMED_UNIT ( * ) PLANE_ANGLE_UNIT ( ) SI_UNIT ( $, .RADIAN. ) );
#2016 = EDGE_CURVE ( 'NONE', #8179, #6807, #4142, .T. ) ;
#2017 = FACE_BOUND ( 'NONE', #1100, .T. ) ;
#2018 = ORIENTED_EDGE ( 'NONE', *, *, #6934, .F. ) ;
#2019 = VECTOR ( 'NONE', #3327, 1000.000000000000114 ) ;
#2020 = PRESENTATION_LAYER_ASSIGNMENT (  '', '', ( #114 ) ) ;
#2021 = ORIENTED_EDGE ( 'NONE', *, *, #6823, .T. ) ;
#2022 = FACE_OUTER_BOUND ( 'NONE', #8292, .T. ) ;
#2023 = CARTESIAN_POINT ( 'NONE',  ( 0.9100000000000010303, -0.7999999999999999334, -4.049999999999998046 ) ) ;
#2024 = AXIS2_PLACEMENT_3D ( 'NONE', #995, #1771, #3181 ) ;
#2025 = VECTOR ( 'NONE', #1093, 1000.000000000000000 ) ;
#2026 = FILL_AREA_STYLE_COLOUR ( '', #3876 ) ;
#2027 =( NAMED_UNIT ( * ) SI_UNIT ( $, .STERADIAN. ) SOLID_ANGLE_UNIT ( ) );
#2028 = CARTESIAN_POINT ( 'NONE',  ( -0.3599999999999990985, -0.09593147900040142895, 3.369176195092057569 ) ) ;
#2029 = SURFACE_SIDE_STYLE ('',( #8270 ) ) ;
#2030 = VERTEX_POINT ( 'NONE', #8310 ) ;
#2031 = PRESENTATION_STYLE_ASSIGNMENT (( #8272 ) ) ;
#2032 = SURFACE_STYLE_FILL_AREA ( #1415 ) ;
#2033 = CARTESIAN_POINT ( 'NONE',  ( 2.180000000000001048, -0.6500000000000000222, 3.583287396400481217 ) ) ;
#2034 = PLANE ( 'NONE',  #1223 ) ;
#2035 = ORIENTED_EDGE ( 'NONE', *, *, #3300, .T. ) ;
#2036 = AXIS2_PLACEMENT_3D ( 'NONE', #8620, #3231, #411 ) ;
#2037 = VERTEX_POINT ( 'NONE', #5629 ) ;
#2038 = CARTESIAN_POINT ( 'NONE',  ( 0.9100000000000010303, -0.7999999999999999334, 4.049999999999999822 ) ) ;
#2039 = DIRECTION ( 'NONE',  ( 0.000000000000000000, 1.000000000000000000, 0.000000000000000000 ) ) ;
#2040 = DIRECTION ( 'NONE',  ( 0.000000000000000000, -0.9327759058474844878, 0.3604568066639949886 ) ) ;
#2041 =( LENGTH_UNIT ( ) NAMED_UNIT ( * ) SI_UNIT ( .MILLI., .METRE. ) );
#2042 = EDGE_CURVE ( 'NONE', #1056, #7505, #2155, .T. ) ;
#2043 = DIRECTION ( 'NONE',  ( -1.000000000000000000, 0.000000000000000000, -0.000000000000000000 ) ) ;
#2044 = ORIENTED_EDGE ( 'NONE', *, *, #1659, .F. ) ;
#2045 = VERTEX_POINT ( 'NONE', #5710 ) ;
#2046 = LINE ( 'NONE', #7523, #7985 ) ;
#2047 = PLANE ( 'NONE',  #1496 ) ;
#2048 = EDGE_LOOP ( 'NONE', ( #8297, #4307, #8947, #7323 ) ) ;
#2049 = CARTESIAN_POINT ( 'NONE',  ( -2.179999999999999716, 1.100000000000000089, -1.262607324199603642 ) ) ;
#2050 = EDGE_LOOP ( 'NONE', ( #7602, #3111, #5245, #6317, #4668, #7187 ) ) ;
#2051 = SURFACE_SIDE_STYLE ('',( #6880 ) ) ;
#2052 = EDGE_CURVE ( 'NONE', #5677, #7163, #4937, .T. ) ;
#2053 = EDGE_CURVE ( 'NONE', #142, #6607, #6892, .T. ) ;
#2054 = FACE_OUTER_BOUND ( 'NONE', #7105, .T. ) ;
#2055 = VERTEX_POINT ( 'NONE', #5537 ) ;
#2056 = VERTEX_POINT ( 'NONE', #1635 ) ;
#2057 = DIRECTION ( 'NONE',  ( 0.000000000000000000, 1.000000000000000000, 0.000000000000000000 ) ) ;
#2058 = ADVANCED_FACE ( 'NONE', ( #4585 ), #331, .F. ) ;
#2059 = ORIENTED_EDGE ( 'NONE', *, *, #459, .F. ) ;
#2060 = STYLED_ITEM ( 'NONE', ( #3021 ), #2991 ) ;
#2061 =( NAMED_UNIT ( * ) PLANE_ANGLE_UNIT ( ) SI_UNIT ( $, .RADIAN. ) );
#2062 = CARTESIAN_POINT ( 'NONE',  ( 0.3687488663525924082, 1.399999999999999911, 1.262607324199603642 ) ) ;
#2063 = MECHANICAL_DESIGN_GEOMETRIC_PRESENTATION_REPRESENTATION (  '', ( #1475 ), #3521 ) ;
#2064 = ORIENTED_EDGE ( 'NONE', *, *, #3248, .F. ) ;
#2065 = SURFACE_STYLE_USAGE ( .BOTH. , #2962 ) ;
#2066 = STYLED_ITEM ( 'NONE', ( #641 ), #304 ) ;
#2067 = UNCERTAINTY_MEASURE_WITH_UNIT (LENGTH_MEASURE( 1.000000000000000082E-05 ), #8917, 'distance_accuracy_value', 'NONE');
#2068 = DIRECTION ( 'NONE',  ( 0.000000000000000000, 0.000000000000000000, -1.000000000000000000 ) ) ;
#2069 = CARTESIAN_POINT ( 'NONE',  ( 0.000000000000000000, 1.500000000000000000, 0.000000000000000000 ) ) ;
#2070 = EDGE_LOOP ( 'NONE', ( #7356, #6699, #520, #6112 ) ) ;
#2071 = LINE ( 'NONE', #2791, #7476 ) ;
#2072 = EDGE_LOOP ( 'NONE', ( #1015, #6532, #950, #7151 ) ) ;
#2073 = ORIENTED_EDGE ( 'NONE', *, *, #4728, .T. ) ;
#2074 =( LENGTH_UNIT ( ) NAMED_UNIT ( * ) SI_UNIT ( .MILLI., .METRE. ) );
#2075 = CARTESIAN_POINT ( 'NONE',  ( 2.819622550835296337, -0.5500000000000001554, 2.814622550835295556 ) ) ;
#2076 = AXIS2_PLACEMENT_3D ( 'NONE', #79, #4789, #2859 ) ;
#2077 = MECHANICAL_DESIGN_GEOMETRIC_PRESENTATION_REPRESENTATION (  '', ( #1614 ), #5127 ) ;
#2078 = DIRECTION ( 'NONE',  ( 1.000000000000000000, -0.000000000000000000, -0.000000000000000000 ) ) ;
#2079 = LINE ( 'NONE', #4903, #8064 ) ;
#2080 = AXIS2_PLACEMENT_3D ( 'NONE', #4416, #7247, #6516 ) ;
#2081 = CIRCLE ( 'NONE', #2222, 0.09999999999999982514 ) ;
#2082 =( NAMED_UNIT ( * ) PLANE_ANGLE_UNIT ( ) SI_UNIT ( $, .RADIAN. ) );
#2083 = ORIENTED_EDGE ( 'NONE', *, *, #3273, .F. ) ;
#2084 = UNCERTAINTY_MEASURE_WITH_UNIT (LENGTH_MEASURE( 1.000000000000000082E-05 ), #1540, 'distance_accuracy_value', 'NONE');
#2085 = EDGE_CURVE ( 'NONE', #4501, #7450, #2081, .T. ) ;
#2086 = ORIENTED_EDGE ( 'NONE', *, *, #7503, .F. ) ;
#2087 = AXIS2_PLACEMENT_3D ( 'NONE', #7536, #719, #6210 ) ;
#2088 =( NAMED_UNIT ( * ) SI_UNIT ( $, .STERADIAN. ) SOLID_ANGLE_UNIT ( ) );
#2089 = DIRECTION ( 'NONE',  ( 0.000000000000000000, 0.000000000000000000, -1.000000000000000000 ) ) ;
#2090 = DIRECTION ( 'NONE',  ( -1.000000000000000000, -0.000000000000000000, -0.000000000000000000 ) ) ;
#2091 = VERTEX_POINT ( 'NONE', #3950 ) ;
#2092 = EDGE_CURVE ( 'NONE', #8307, #2586, #4046, .T. ) ;
#2093 = EDGE_CURVE ( 'NONE', #2551, #1735, #8873, .T. ) ;
#2094 = DIRECTION ( 'NONE',  ( -0.7071067811865505703, 0.000000000000000000, 0.7071067811865444641 ) ) ;
#2095 = EDGE_CURVE ( 'NONE', #3826, #7711, #6848, .T. ) ;
#2096 = VERTEX_POINT ( 'NONE', #4623 ) ;
#2097 = VECTOR ( 'NONE', #7388, 1000.000000000000000 ) ;
#2098 = CARTESIAN_POINT ( 'NONE',  ( 2.180000000000001048, -0.09593147900040142895, -3.369176195092057569 ) ) ;
#2099 = AXIS2_PLACEMENT_3D ( 'NONE', #7918, #7868, #3075 ) ;
#2100 = LINE ( 'NONE', #1397, #1267 ) ;
#2101 = AXIS2_PLACEMENT_3D ( 'NONE', #943, #7106, #4405 ) ;
#2102 = DIRECTION ( 'NONE',  ( 1.000000000000000000, 0.000000000000000000, -0.000000000000000000 ) ) ;
#2103 = SURFACE_STYLE_USAGE ( .BOTH. , #531 ) ;
#2104 = VERTEX_POINT ( 'NONE', #7393 ) ;
#2105 = CARTESIAN_POINT ( 'NONE',  ( 0.9100000000000010303, -0.6500000000000000222, -4.049999999999998046 ) ) ;
#2106 =( GEOMETRIC_REPRESENTATION_CONTEXT ( 3 ) GLOBAL_UNCERTAINTY_ASSIGNED_CONTEXT ( ( #6761 ) ) GLOBAL_UNIT_ASSIGNED_CONTEXT ( ( #8710, #7480, #1778 ) ) REPRESENTATION_CONTEXT ( 'NONE', 'WORKASPACE' ) );
#2107 = STYLED_ITEM ( 'NONE', ( #2665 ), #8707 ) ;
#2108 =( GEOMETRIC_REPRESENTATION_CONTEXT ( 3 ) GLOBAL_UNCERTAINTY_ASSIGNED_CONTEXT ( ( #518 ) ) GLOBAL_UNIT_ASSIGNED_CONTEXT ( ( #7155, #5850, #8622 ) ) REPRESENTATION_CONTEXT ( 'NONE', 'WORKASPACE' ) );
#2109 = CARTESIAN_POINT ( 'NONE',  ( 0.3600000000000004863, 1.399999999999999911, 1.262607324199603642 ) ) ;
#2110 = CARTESIAN_POINT ( 'NONE',  ( 2.180000000000001048, -0.09593147900040135956, 3.369176195092057569 ) ) ;
#2111 = COLOUR_RGB ( '',0.6470588235294117974, 0.6196078431372549211, 0.5882352941176470784 ) ;
#2112 = CYLINDRICAL_SURFACE ( 'NONE', #4252, 0.09999999999999982514 ) ;
#2113 = CARTESIAN_POINT ( 'NONE',  ( -1.664995465410368469, 1.100000000000000089, 1.262607324199603420 ) ) ;
#2114 = AXIS2_PLACEMENT_3D ( 'NONE', #8510, #5696, #4225 ) ;
#2115 = AXIS2_PLACEMENT_3D ( 'NONE', #1905, #6821, #5414 ) ;
#2116 = ORIENTED_EDGE ( 'NONE', *, *, #4414, .T. ) ;
#2117 = CARTESIAN_POINT ( 'NONE',  ( 2.180000000000001048, -0.6500000000000000222, -3.583287396400481217 ) ) ;
#2118 = PLANE ( 'NONE',  #4994 ) ;
#2119 = CARTESIAN_POINT ( 'NONE',  ( -0.9099999999999991429, -0.5499999999999999334, -3.651850830482211929 ) ) ;
#2120 = CARTESIAN_POINT ( 'NONE',  ( -0.3599999999999990985, 0.000000000000000000, 2.969702453438674006 ) ) ;
#2121 = ORIENTED_EDGE ( 'NONE', *, *, #3762, .T. ) ;
#2122 = CARTESIAN_POINT ( 'NONE',  ( 0.3949954654103696172, 1.100000000000000089, 1.262607324199603642 ) ) ;
#2123 = ORIENTED_EDGE ( 'NONE', *, *, #8470, .T. ) ;
#2124 = EDGE_LOOP ( 'NONE', ( #224, #7028, #1865, #6195 ) ) ;
#2125 = CYLINDRICAL_SURFACE ( 'NONE', #7055, 0.1000000000000000472 ) ;
#2126 = CARTESIAN_POINT ( 'NONE',  ( 1.629999999999999893, 1.399999999999999911, -1.262607324199603642 ) ) ;
#2127 = PRESENTATION_LAYER_ASSIGNMENT (  '', '', ( #360 ) ) ;
#2128 = DIRECTION ( 'NONE',  ( 0.000000000000000000, 0.000000000000000000, -1.000000000000000000 ) ) ;
#2129 = CARTESIAN_POINT ( 'NONE',  ( 2.180000000000001048, -0.7999999999999999334, 4.150000000000000355 ) ) ;
#2130 = FILL_AREA_STYLE_COLOUR ( '', #7672 ) ;
#2131 = EDGE_CURVE ( 'NONE', #6420, #6663, #5574, .T. ) ;
#2132 = VECTOR ( 'NONE', #2999, 1000.000000000000000 ) ;
#2133 = VERTEX_POINT ( 'NONE', #1191 ) ;
#2134 = CARTESIAN_POINT ( 'NONE',  ( 2.179999999999998828, 1.500000000000000000, -2.000000000000000444 ) ) ;
#2135 = VERTEX_POINT ( 'NONE', #6745 ) ;
#2136 = CARTESIAN_POINT ( 'NONE',  ( 0.000000000000000000, 1.100000000000000089, 0.000000000000000000 ) ) ;
#2137 =( LENGTH_UNIT ( ) NAMED_UNIT ( * ) SI_UNIT ( .MILLI., .METRE. ) );
#2138 = CARTESIAN_POINT ( 'NONE',  ( -1.629999999999998561, -0.7999999999999999334, 3.583287396400482105 ) ) ;
#2139 = ORIENTED_EDGE ( 'NONE', *, *, #852, .T. ) ;
#2140 = CARTESIAN_POINT ( 'NONE',  ( 2.819622550835296781, -0.5500000000000001554, 2.814622550835295556 ) ) ;
#2141 =( GEOMETRIC_REPRESENTATION_CONTEXT ( 3 ) GLOBAL_UNCERTAINTY_ASSIGNED_CONTEXT ( ( #2274 ) ) GLOBAL_UNIT_ASSIGNED_CONTEXT ( ( #6705, #5409, #604 ) ) REPRESENTATION_CONTEXT ( 'NONE', 'WORKASPACE' ) );
#2142 = VECTOR ( 'NONE', #4805, 1000.000000000000227 ) ;
#2143 = VECTOR ( 'NONE', #861, 1000.000000000000000 ) ;
#2144 = AXIS2_PLACEMENT_3D ( 'NONE', #3154, #5951, #1788 ) ;
#2145 = SURFACE_STYLE_FILL_AREA ( #5745 ) ;
#2146 = DIRECTION ( 'NONE',  ( -0.7071067811865444641, 0.000000000000000000, 0.7071067811865505703 ) ) ;
#2147 = DIRECTION ( 'NONE',  ( -1.000000000000000000, -0.000000000000000000, -0.000000000000000000 ) ) ;
#2148 = EDGE_CURVE ( 'NONE', #2792, #4923, #6434, .T. ) ;
#2149 = EDGE_LOOP ( 'NONE', ( #2160, #8390, #2013, #5147 ) ) ;
#2150 = ORIENTED_EDGE ( 'NONE', *, *, #8100, .F. ) ;
#2151 = CARTESIAN_POINT ( 'NONE',  ( -1.629999999999998561, -0.6500000000000000222, -3.583287396400481217 ) ) ;
#2152 = COLOUR_RGB ( '',0.6470588235294117974, 0.6196078431372549211, 0.5882352941176470784 ) ;
#2153 =( NAMED_UNIT ( * ) SI_UNIT ( $, .STERADIAN. ) SOLID_ANGLE_UNIT ( ) );
#2154 = PRESENTATION_STYLE_ASSIGNMENT (( #5627 ) ) ;
#2155 = LINE ( 'NONE', #9059, #6064 ) ;
#2156 = CARTESIAN_POINT ( 'NONE',  ( -0.4599999999999994649, 1.458578643762690419, -0.6250000000000005551 ) ) ;
#2157 = CARTESIAN_POINT ( 'NONE',  ( 0.9100000000000010303, -0.7999999999999999334, -4.150000000000000355 ) ) ;
#2158 = ORIENTED_EDGE ( 'NONE', *, *, #7696, .T. ) ;
#2159 =( LENGTH_UNIT ( ) NAMED_UNIT ( * ) SI_UNIT ( .MILLI., .METRE. ) );
#2160 = ORIENTED_EDGE ( 'NONE', *, *, #6911, .F. ) ;
#2161 = LINE ( 'NONE', #106, #2675 ) ;
#2162 = CIRCLE ( 'NONE', #2024, 0.09999999999999982514 ) ;
#2163 = EDGE_LOOP ( 'NONE', ( #2809, #6101, #5060, #8504 ) ) ;
#2164 = STYLED_ITEM ( 'NONE', ( #8647 ), #6448 ) ;
#2165 = ORIENTED_EDGE ( 'NONE', *, *, #7880, .T. ) ;
#2166 = DIRECTION ( 'NONE',  ( 3.469446951953614189E-16, 0.000000000000000000, -1.000000000000000000 ) ) ;
#2167 = PLANE ( 'NONE',  #6377 ) ;
#2168 = FILL_AREA_STYLE ('',( #4210 ) ) ;
#2169 = EDGE_CURVE ( 'NONE', #5930, #3401, #498, .T. ) ;
#2170 = EDGE_CURVE ( 'NONE', #5313, #1924, #2619, .T. ) ;
#2171 = VECTOR ( 'NONE', #2972, 1000.000000000000000 ) ;
#2172 = DIRECTION ( 'NONE',  ( -1.000000000000000000, -0.000000000000000000, -0.000000000000000000 ) ) ;
#2173 = VERTEX_POINT ( 'NONE', #1935 ) ;
#2174 = ORIENTED_EDGE ( 'NONE', *, *, #7912, .T. ) ;
#2175 = DIRECTION ( 'NONE',  ( 0.000000000000000000, -1.000000000000000000, 0.000000000000000000 ) ) ;
#2176 =( LENGTH_UNIT ( ) NAMED_UNIT ( * ) SI_UNIT ( .MILLI., .METRE. ) );
#2177 = FILL_AREA_STYLE ('',( #7047 ) ) ;
#2178 = CARTESIAN_POINT ( 'NONE',  ( -0.3600000000000001532, 1.500000000000000000, -1.262607324199603864 ) ) ;
#2179 = ORIENTED_EDGE ( 'NONE', *, *, #8126, .T. ) ;
#2180 = DIRECTION ( 'NONE',  ( 1.000000000000000000, 0.000000000000000000, 0.000000000000000000 ) ) ;
#2181 = CARTESIAN_POINT ( 'NONE',  ( -3.104999999999999094, 0.000000000000000000, 3.100000000000000089 ) ) ;
#2182 = UNCERTAINTY_MEASURE_WITH_UNIT (LENGTH_MEASURE( 1.000000000000000082E-05 ), #7483, 'distance_accuracy_value', 'NONE');
#2183 = LINE ( 'NONE', #891, #3737 ) ;
#2184 = CARTESIAN_POINT ( 'NONE',  ( -0.3599999999999990985, -0.2139543193336009841, -3.253973965717952943 ) ) ;
#2185 = CARTESIAN_POINT ( 'NONE',  ( 0.9100000000000010303, -0.6500000000000000222, -3.651850830482212373 ) ) ;
#2186 = DIRECTION ( 'NONE',  ( -1.000000000000000000, 0.000000000000000000, 3.942553354492737614E-16 ) ) ;
#2187 = ORIENTED_EDGE ( 'NONE', *, *, #744, .T. ) ;
#2188 = DIRECTION ( 'NONE',  ( 0.000000000000000000, -0.000000000000000000, 1.000000000000000000 ) ) ;
#2189 = ADVANCED_FACE ( 'NONE', ( #1239 ), #3377, .T. ) ;
#2190 = FACE_OUTER_BOUND ( 'NONE', #7438, .T. ) ;
#2191 = CARTESIAN_POINT ( 'NONE',  ( 0.4600000000000003531, 1.500000000000000000, -0.6250000000000004441 ) ) ;
#2192 = CARTESIAN_POINT ( 'NONE',  ( -0.3599999999999990985, -0.2500000000000000000, -3.160696375133204672 ) ) ;
#2193 = DIRECTION ( 'NONE',  ( 0.000000000000000000, 0.9961946980917455452, -0.08715574274765836016 ) ) ;
#2194 = EDGE_CURVE ( 'NONE', #6225, #2104, #2516, .T. ) ;
#2195 = ORIENTED_EDGE ( 'NONE', *, *, #7616, .T. ) ;
#2196 = LINE ( 'NONE', #4296, #4778 ) ;
#2197 = FACE_OUTER_BOUND ( 'NONE', #322, .T. ) ;
#2198 = DIRECTION ( 'NONE',  ( 0.7071067811865505703, 0.000000000000000000, 0.7071067811865444641 ) ) ;
#2199 = ORIENTED_EDGE ( 'NONE', *, *, #8443, .F. ) ;
#2200 = DIRECTION ( 'NONE',  ( 0.000000000000000000, 0.000000000000000000, 1.000000000000000000 ) ) ;
#2201 = ADVANCED_FACE ( 'NONE', ( #4105 ), #6811, .T. ) ;
#2202 = CARTESIAN_POINT ( 'NONE',  ( -2.079999999999998295, 1.100000000000000089, -0.6250000000000004441 ) ) ;
#2203 = PLANE ( 'NONE',  #1783 ) ;
#2204 = PLANE ( 'NONE',  #6942 ) ;
#2205 = CARTESIAN_POINT ( 'NONE',  ( 0.000000000000000000, -0.5500000000000001554, 2.814622550835295556 ) ) ;
#2206 = EDGE_LOOP ( 'NONE', ( #5378, #3972, #8614, #8716 ) ) ;
#2207 = VECTOR ( 'NONE', #6944, 1000.000000000000000 ) ;
#2208 = EDGE_CURVE ( 'NONE', #661, #5313, #8319, .T. ) ;
#2209 = ORIENTED_EDGE ( 'NONE', *, *, #6510, .F. ) ;
#2210 = DIRECTION ( 'NONE',  ( 0.000000000000000000, 0.9327759058474844878, 0.3604568066639949886 ) ) ;
#2211 = FACE_OUTER_BOUND ( 'NONE', #2785, .T. ) ;
#2212 = DIRECTION ( 'NONE',  ( 0.08682659386424763925, -0.9924325091389671893, -0.08682659386424762538 ) ) ;
#2213 = STYLED_ITEM ( 'NONE', ( #4880 ), #682 ) ;
#2214 = VECTOR ( 'NONE', #8411, 1000.000000000000000 ) ;
#2215 = LINE ( 'NONE', #1529, #7631 ) ;
#2216 = FILL_AREA_STYLE_COLOUR ( '', #8468 ) ;
#2217 = VERTEX_POINT ( 'NONE', #6268 ) ;
#2218 = DIRECTION ( 'NONE',  ( -0.000000000000000000, 0.9327759058474841547, 0.3604568066639957102 ) ) ;
#2219 = CARTESIAN_POINT ( 'NONE',  ( 0.9012511336474067214, 1.399999999999999911, -1.991251133647408134 ) ) ;
#2220 = SURFACE_SIDE_STYLE ('',( #2937 ) ) ;
#2221 = VECTOR ( 'NONE', #8330, 1000.000000000000000 ) ;
#2222 = AXIS2_PLACEMENT_3D ( 'NONE', #453, #2524, #7545 ) ;
#2223 = LINE ( 'NONE', #5094, #2271 ) ;
#2224 = CARTESIAN_POINT ( 'NONE',  ( -0.9099999999999991429, -0.2139543193336009841, -3.253973965717952943 ) ) ;
#2225 = CARTESIAN_POINT ( 'NONE',  ( 0.9100000000000010303, 0.000000000000000000, -3.100000000000000089 ) ) ;
#2226 = DIRECTION ( 'NONE',  ( 0.000000000000000000, 0.000000000000000000, 1.000000000000000000 ) ) ;
#2227 = EDGE_CURVE ( 'NONE', #2768, #1030, #1426, .T. ) ;
#2228 = AXIS2_PLACEMENT_3D ( 'NONE', #1004, #2564, #5208 ) ;
#2229 = VECTOR ( 'NONE', #1642, 1000.000000000000000 ) ;
#2230 = ORIENTED_EDGE ( 'NONE', *, *, #7715, .T. ) ;
#2231 = VECTOR ( 'NONE', #3266, 1000.000000000000000 ) ;
#2232 = VECTOR ( 'NONE', #6295, 1000.000000000000000 ) ;
#2233 = CARTESIAN_POINT ( 'NONE',  ( -0.4599999999999994649, 1.500000000000000000, -0.6250000000000004441 ) ) ;
#2234 = CARTESIAN_POINT ( 'NONE',  ( -0.8099999999999990541, 1.100000000000000089, -0.6250000000000004441 ) ) ;
#2235 = DIRECTION ( 'NONE',  ( 1.000000000000000000, -0.000000000000000000, 3.469446951953614189E-16 ) ) ;
#2236 = SURFACE_SIDE_STYLE ('',( #8485 ) ) ;
#2237 = PRESENTATION_STYLE_ASSIGNMENT (( #7068 ) ) ;
#2238 = ORIENTED_EDGE ( 'NONE', *, *, #3921, .F. ) ;
#2239 = CARTESIAN_POINT ( 'NONE',  ( 1.630000000000001004, -0.7999999999999999334, -4.049999999999999822 ) ) ;
#2240 = DIRECTION ( 'NONE',  ( -1.000000000000000000, -0.000000000000000000, -0.000000000000000000 ) ) ;
#2241 = AXIS2_PLACEMENT_3D ( 'NONE', #6580, #1607, #2406 ) ;
#2242 = AXIS2_PLACEMENT_3D ( 'NONE', #1204, #3049, #4640 ) ;
#2243 = ORIENTED_EDGE ( 'NONE', *, *, #4260, .T. ) ;
#2244 = SURFACE_STYLE_USAGE ( .BOTH. , #5723 ) ;
#2245 = EDGE_CURVE ( 'NONE', #3609, #2670, #4205, .T. ) ;
#2246 = VECTOR ( 'NONE', #5451, 1000.000000000000000 ) ;
#2247 = CARTESIAN_POINT ( 'NONE',  ( 2.180000000000001048, -0.5860456806663989493, 3.558573239897463658 ) ) ;
#2248 = VERTEX_POINT ( 'NONE', #957 ) ;
#2249 = VECTOR ( 'NONE', #8638, 1000.000000000000000 ) ;
#2250 =( NAMED_UNIT ( * ) PLANE_ANGLE_UNIT ( ) SI_UNIT ( $, .RADIAN. ) );
#2251 = DIRECTION ( 'NONE',  ( 0.08715574274765836016, -0.9961946980917455452, -3.436161659330865826E-17 ) ) ;
#2252 = COLOUR_RGB ( '',0.2980392156862745057, 0.2980392156862745057, 0.2980392156862745057 ) ;
#2253 = AXIS2_PLACEMENT_3D ( 'NONE', #3005, #768, #3600 ) ;
#2254 = CARTESIAN_POINT ( 'NONE',  ( -1.396643698200239703, -0.7999999999999999334, 3.816643698200238521 ) ) ;
#2255 = EDGE_CURVE ( 'NONE', #6624, #5098, #233, .T. ) ;
#2256 = EDGE_CURVE ( 'NONE', #6903, #5755, #4251, .T. ) ;
#2257 = MECHANICAL_DESIGN_GEOMETRIC_PRESENTATION_REPRESENTATION (  '', ( #2546 ), #7652 ) ;
#2258 = LINE ( 'NONE', #4386, #4838 ) ;
#2259 = PRESENTATION_LAYER_ASSIGNMENT (  '', '', ( #5327 ) ) ;
#2260 = ORIENTED_EDGE ( 'NONE', *, *, #7841, .T. ) ;
#2261 = FILL_AREA_STYLE ('',( #3622 ) ) ;
#2262 = DIRECTION ( 'NONE',  ( 1.000000000000000000, 0.000000000000000000, -0.000000000000000000 ) ) ;
#2263 = EDGE_LOOP ( 'NONE', ( #561, #5503, #3413, #3567 ) ) ;
#2264 = COLOUR_RGB ( '',0.6470588235294117974, 0.6196078431372549211, 0.5882352941176470784 ) ;
#2265 = FILL_AREA_STYLE ('',( #2805 ) ) ;
#2266 = CARTESIAN_POINT ( 'NONE',  ( -0.3599999999999990985, -0.7999999999999999334, 4.049999999999999822 ) ) ;
#2267 = CARTESIAN_POINT ( 'NONE',  ( 0.9100000000000010303, -0.1500000000000001610, -3.160696375133204228 ) ) ;
#2268 = DIRECTION ( 'NONE',  ( 0.000000000000000000, -1.000000000000000000, 0.000000000000000000 ) ) ;
#2269 = CARTESIAN_POINT ( 'NONE',  ( 0.5599999999999999423, 1.500000000000000000, 0.5249999999999995781 ) ) ;
#2270 = PRESENTATION_STYLE_ASSIGNMENT (( #1443 ) ) ;
#2271 = VECTOR ( 'NONE', #2901, 1000.000000000000000 ) ;
#2272 = AXIS2_PLACEMENT_3D ( 'NONE', #3556, #7717, #5669 ) ;
#2273 = DIRECTION ( 'NONE',  ( 0.000000000000000000, 0.000000000000000000, 1.000000000000000000 ) ) ;
#2274 = UNCERTAINTY_MEASURE_WITH_UNIT (LENGTH_MEASURE( 1.000000000000000082E-05 ), #6705, 'distance_accuracy_value', 'NONE');
#2275 = DIRECTION ( 'NONE',  ( -1.000000000000000000, -0.000000000000000000, -0.000000000000000000 ) ) ;
#2276 = STYLED_ITEM ( 'NONE', ( #4168 ), #4443 ) ;
#2277 =( NAMED_UNIT ( * ) SI_UNIT ( $, .STERADIAN. ) SOLID_ANGLE_UNIT ( ) );
#2278 = DIRECTION ( 'NONE',  ( -1.000000000000000000, -0.000000000000000000, -0.000000000000000000 ) ) ;
#2279 = PRESENTATION_LAYER_ASSIGNMENT (  '', '', ( #9000 ) ) ;
#2280 = ORIENTED_EDGE ( 'NONE', *, *, #7310, .T. ) ;
#2281 = ADVANCED_FACE ( 'NONE', ( #7767 ), #2203, .F. ) ;
#2282 = ORIENTED_EDGE ( 'NONE', *, *, #7057, .F. ) ;
#2283 = LINE ( 'NONE', #897, #6178 ) ;
#2284 = LINE ( 'NONE', #7143, #4584 ) ;
#2285 = ORIENTED_EDGE ( 'NONE', *, *, #2706, .F. ) ;
#2286 = CARTESIAN_POINT ( 'NONE',  ( -0.4599999999999993539, -0.6500000000000000222, 4.150000000000000355 ) ) ;
#2287 =( LENGTH_UNIT ( ) NAMED_UNIT ( * ) SI_UNIT ( .MILLI., .METRE. ) );
#2288 = VERTEX_POINT ( 'NONE', #1508 ) ;
#2289 = EDGE_CURVE ( 'NONE', #6639, #3989, #7856, .T. ) ;
#2290 = DIRECTION ( 'NONE',  ( -1.000000000000000000, -0.000000000000000000, -0.000000000000000000 ) ) ;
#2291 = FACE_OUTER_BOUND ( 'NONE', #7890, .T. ) ;
#2292 = VERTEX_POINT ( 'NONE', #3616 ) ;
#2293 = FACE_OUTER_BOUND ( 'NONE', #1234, .T. ) ;
#2294 = STYLED_ITEM ( 'NONE', ( #237 ), #4657 ) ;
#2295 = ORIENTED_EDGE ( 'NONE', *, *, #8593, .F. ) ;
#2296 = CARTESIAN_POINT ( 'NONE',  ( 0.000000000000000000, -0.1499999999999999944, 0.000000000000000000 ) ) ;
#2297 = EDGE_CURVE ( 'NONE', #1291, #4196, #5082, .T. ) ;
#2298 = PRESENTATION_LAYER_ASSIGNMENT (  '', '', ( #826 ) ) ;
#2299 = CARTESIAN_POINT ( 'NONE',  ( 1.638748866352591094, 1.399999999999999911, -2.000000000000000444 ) ) ;
#2300 = VECTOR ( 'NONE', #3389, 1000.000000000000000 ) ;
#2301 = CARTESIAN_POINT ( 'NONE',  ( -0.9099999999999991429, -0.2500000000000000000, 4.049999999999999822 ) ) ;
#2302 = CARTESIAN_POINT ( 'NONE',  ( 0.3600000000000009859, -0.1499999999999999944, 2.969702453438674006 ) ) ;
#2303 = DIRECTION ( 'NONE',  ( -1.000000000000000000, -0.000000000000000000, -0.000000000000000000 ) ) ;
#2304 =( GEOMETRIC_REPRESENTATION_CONTEXT ( 3 ) GLOBAL_UNCERTAINTY_ASSIGNED_CONTEXT ( ( #8893 ) ) GLOBAL_UNIT_ASSIGNED_CONTEXT ( ( #8164, #4032, #4133 ) ) REPRESENTATION_CONTEXT ( 'NONE', 'WORKASPACE' ) );
#2305 = VECTOR ( 'NONE', #340, 1000.000000000000000 ) ;
#2306 = ORIENTED_EDGE ( 'NONE', *, *, #3223, .T. ) ;
#2307 = VECTOR ( 'NONE', #1427, 1000.000000000000114 ) ;
#2308 = VERTEX_POINT ( 'NONE', #7079 ) ;
#2309 = ADVANCED_FACE ( 'NONE', ( #5641 ), #6401, .F. ) ;
#2310 = PRESENTATION_LAYER_ASSIGNMENT (  '', '', ( #8425 ) ) ;
#2311 = DIRECTION ( 'NONE',  ( -0.000000000000000000, -1.000000000000000000, -0.000000000000000000 ) ) ;
#2312 = CARTESIAN_POINT ( 'NONE',  ( -1.664995465410369357, 1.100000000000000089, -1.262607324199603864 ) ) ;
#2313 =( NAMED_UNIT ( * ) SI_UNIT ( $, .STERADIAN. ) SOLID_ANGLE_UNIT ( ) );
#2314 = EDGE_CURVE ( 'NONE', #2320, #5889, #4380, .T. ) ;
#2315 = FILL_AREA_STYLE_COLOUR ( '', #7150 ) ;
#2316 = PRESENTATION_STYLE_ASSIGNMENT (( #8512 ) ) ;
#2317 = CARTESIAN_POINT ( 'NONE',  ( -2.856131547168185403, -0.1327002623937375003, -2.851131547168185953 ) ) ;
#2318 = CARTESIAN_POINT ( 'NONE',  ( -2.179999999999998828, -0.7999999999999999334, 3.583287396400482105 ) ) ;
#2319 = FILL_AREA_STYLE_COLOUR ( '', #3816 ) ;
#2320 = VERTEX_POINT ( 'NONE', #3695 ) ;
#2321 = PRESENTATION_STYLE_ASSIGNMENT (( #8313 ) ) ;
#2322 = ORIENTED_EDGE ( 'NONE', *, *, #3033, .F. ) ;
#2323 = SURFACE_STYLE_USAGE ( .BOTH. , #6459 ) ;
#2324 = ORIENTED_EDGE ( 'NONE', *, *, #7487, .T. ) ;
#2325 = UNCERTAINTY_MEASURE_WITH_UNIT (LENGTH_MEASURE( 1.000000000000000082E-05 ), #857, 'distance_accuracy_value', 'NONE');
#2326 = VERTEX_POINT ( 'NONE', #6478 ) ;
#2327 = ADVANCED_FACE ( 'NONE', ( #3017 ), #5813, .T. ) ;
#2328 = EDGE_CURVE ( 'NONE', #3748, #1717, #7209, .T. ) ;
#2329 = CARTESIAN_POINT ( 'NONE',  ( -0.9100000000000002531, 1.500000000000000000, -2.000000000000000444 ) ) ;
#2330 = FILL_AREA_STYLE ('',( #8484 ) ) ;
#2331 = SURFACE_STYLE_USAGE ( .BOTH. , #8575 ) ;
#2332 = CARTESIAN_POINT ( 'NONE',  ( -0.9099999999999991429, -0.2139543193336009841, 3.253973965717952943 ) ) ;
#2333 = ORIENTED_EDGE ( 'NONE', *, *, #5122, .F. ) ;
#2334 = FILL_AREA_STYLE ('',( #3684 ) ) ;
#2335 = ADVANCED_FACE ( 'NONE', ( #1946 ), #6259, .T. ) ;
#2336 = ORIENTED_EDGE ( 'NONE', *, *, #3916, .F. ) ;
#2337 = FILL_AREA_STYLE_COLOUR ( '', #5593 ) ;
#2338 = SURFACE_SIDE_STYLE ('',( #8541 ) ) ;
#2339 = SURFACE_STYLE_USAGE ( .BOTH. , #8494 ) ;
#2340 = CARTESIAN_POINT ( 'NONE',  ( -0.8099999999999990541, 1.500000000000000000, -0.6250000000000004441 ) ) ;
#2341 = EDGE_CURVE ( 'NONE', #683, #5182, #7722, .T. ) ;
#2342 = PLANE ( 'NONE',  #3304 ) ;
#2343 = CARTESIAN_POINT ( 'NONE',  ( 1.638748866352591760, 1.399999999999999911, 1.262607324199603642 ) ) ;
#2344 = VERTEX_POINT ( 'NONE', #866 ) ;
#2345 = EDGE_LOOP ( 'NONE', ( #617, #7839, #6782, #6602 ) ) ;
#2346 = VECTOR ( 'NONE', #8758, 1000.000000000000000 ) ;
#2347 = PRESENTATION_STYLE_ASSIGNMENT (( #7864 ) ) ;
#2348 = CARTESIAN_POINT ( 'NONE',  ( -2.954999999999999183, -0.1499999999999999944, -2.850380530190824491 ) ) ;
#2349 = LINE ( 'NONE', #5235, #4575 ) ;
#2350 = VECTOR ( 'NONE', #3178, 1000.000000000000000 ) ;
#2351 = AXIS2_PLACEMENT_3D ( 'NONE', #4564, #8671, #7944 ) ;
#2352 = EDGE_CURVE ( 'NONE', #2292, #1907, #7029, .T. ) ;
#2353 = COLOUR_RGB ( '',0.6470588235294117974, 0.6196078431372549211, 0.5882352941176470784 ) ;
#2354 = SURFACE_SIDE_STYLE ('',( #4450 ) ) ;
#2355 = COLOUR_RGB ( '',0.6470588235294117974, 0.6196078431372549211, 0.5882352941176470784 ) ;
#2356 = ORIENTED_EDGE ( 'NONE', *, *, #7261, .F. ) ;
#2357 = FACE_OUTER_BOUND ( 'NONE', #469, .T. ) ;
#2358 = EDGE_CURVE ( 'NONE', #1578, #7403, #6395, .T. ) ;
#2359 = EDGE_CURVE ( 'NONE', #6639, #7421, #7115, .T. ) ;
#2360 = LINE ( 'NONE', #8476, #2850 ) ;
#2361 = DIRECTION ( 'NONE',  ( 0.08682659386424777803, 0.9924325091389669673, -0.08682659386424779191 ) ) ;
#2363 = ORIENTED_EDGE ( 'NONE', *, *, #8283, .F. ) ;
#2362 = EDGE_CURVE ( 'NONE', #1259, #4923, #3469, .T. ) ;
#2364 = ADVANCED_FACE ( 'NONE', ( #2197 ), #2118, .F. ) ;
#2365 = VERTEX_POINT ( 'NONE', #4197 ) ;
#2366 = DIRECTION ( 'NONE',  ( 1.000000000000000000, 0.000000000000000000, 0.000000000000000000 ) ) ;
#2367 = DIRECTION ( 'NONE',  ( 0.000000000000000000, 0.000000000000000000, 1.000000000000000000 ) ) ;
#2368 = ORIENTED_EDGE ( 'NONE', *, *, #4933, .F. ) ;
#2369 = VECTOR ( 'NONE', #4303, 1000.000000000000000 ) ;
#2370 = CARTESIAN_POINT ( 'NONE',  ( -3.104999999999999094, 0.000000000000000000, -3.100000000000000089 ) ) ;
#2371 = ORIENTED_EDGE ( 'NONE', *, *, #932, .T. ) ;
#2372 = SURFACE_STYLE_FILL_AREA ( #1032 ) ;
#2373 = DIRECTION ( 'NONE',  ( 0.7071067811865444641, -0.000000000000000000, 0.7071067811865505703 ) ) ;
#2374 = DIRECTION ( 'NONE',  ( -1.000000000000000000, -0.000000000000000000, -0.000000000000000000 ) ) ;
#2375 = VECTOR ( 'NONE', #7741, 1000.000000000000000 ) ;
#2376 = SURFACE_SIDE_STYLE ('',( #179 ) ) ;
#2377 = FILL_AREA_STYLE ('',( #5804 ) ) ;
#2378 = DIRECTION ( 'NONE',  ( -0.7071067811865474617, 0.000000000000000000, 0.7071067811865474617 ) ) ;
#2379 = CARTESIAN_POINT ( 'NONE',  ( -0.4599999999999993539, -0.7999999999999999334, 4.150000000000000355 ) ) ;
#2380 = VERTEX_POINT ( 'NONE', #7760 ) ;
#2381 =( LENGTH_UNIT ( ) NAMED_UNIT ( * ) SI_UNIT ( .MILLI., .METRE. ) );
#2382 = ORIENTED_EDGE ( 'NONE', *, *, #5268, .T. ) ;
#2383 = DIRECTION ( 'NONE',  ( 0.000000000000000000, 0.000000000000000000, -1.000000000000000000 ) ) ;
#2384 = AXIS2_PLACEMENT_3D ( 'NONE', #3719, #6337, #2186 ) ;
#2386 = CARTESIAN_POINT ( 'NONE',  ( -0.3599999999999990985, -0.6500000000000000222, 4.049999999999999822 ) ) ;
#2385 =( GEOMETRIC_REPRESENTATION_CONTEXT ( 3 ) GLOBAL_UNCERTAINTY_ASSIGNED_CONTEXT ( ( #4596 ) ) GLOBAL_UNIT_ASSIGNED_CONTEXT ( ( #4973, #92, #811 ) ) REPRESENTATION_CONTEXT ( 'NONE', 'WORKASPACE' ) );
#2387 = FILL_AREA_STYLE_COLOUR ( '', #1434 ) ;
#2388 = DIRECTION ( 'NONE',  ( -0.08682659386424780579, 0.9924325091389669673, -0.08682659386424779191 ) ) ;
#2389 = CARTESIAN_POINT ( 'NONE',  ( 0.9100000000000010303, -0.6500000000000000222, 3.651850830482212373 ) ) ;
#2390 = SURFACE_STYLE_USAGE ( .BOTH. , #148 ) ;
#2391 = LINE ( 'NONE', #2254, #64 ) ;
#2392 = VECTOR ( 'NONE', #2538, 1000.000000000000000 ) ;
#2393 = PLANE ( 'NONE',  #6034 ) ;
#2394 = EDGE_LOOP ( 'NONE', ( #4742, #3476, #6872, #2544 ) ) ;
#2395 = ORIENTED_EDGE ( 'NONE', *, *, #3025, .F. ) ;
#2396 = EDGE_LOOP ( 'NONE', ( #2898, #8732, #244, #3493 ) ) ;
#2397 = VECTOR ( 'NONE', #6389, 1000.000000000000000 ) ;
#2398 = LINE ( 'NONE', #5960, #5522 ) ;
#2399 = ORIENTED_EDGE ( 'NONE', *, *, #7842, .T. ) ;
#2400 = VECTOR ( 'NONE', #7501, 1000.000000000000000 ) ;
#2401 = AXIS2_PLACEMENT_3D ( 'NONE', #7949, #1553, #145 ) ;
#2402 = EDGE_CURVE ( 'NONE', #654, #2365, #728, .T. ) ;
#2403 = CARTESIAN_POINT ( 'NONE',  ( 0.4599999999999999090, 1.500000000000000000, 0.6249999999999995559 ) ) ;
#2404 =( NAMED_UNIT ( * ) PLANE_ANGLE_UNIT ( ) SI_UNIT ( $, .RADIAN. ) );
#2405 = AXIS2_PLACEMENT_3D ( 'NONE', #3023, #8585, #3781 ) ;
#2406 = DIRECTION ( 'NONE',  ( 1.000000000000000000, 0.000000000000000000, -0.000000000000000000 ) ) ;
#2407 = AXIS2_PLACEMENT_3D ( 'NONE', #7322, #349, #3800 ) ;
#2408 = VECTOR ( 'NONE', #4780, 1000.000000000000000 ) ;
#2409 = PRESENTATION_STYLE_ASSIGNMENT (( #8047 ) ) ;
#2410 = COLOUR_RGB ( '',0.2980392156862745057, 0.2980392156862745057, 0.2980392156862745057 ) ;
#2411 = DIRECTION ( 'NONE',  ( 0.08682659386424780579, 0.9924325091389669673, 0.08682659386424779191 ) ) ;
#2412 = PRESENTATION_STYLE_ASSIGNMENT (( #4647 ) ) ;
#2413 = PLANE ( 'NONE',  #4716 ) ;
#2414 = VERTEX_POINT ( 'NONE', #2239 ) ;
#2415 = FACE_OUTER_BOUND ( 'NONE', #6846, .T. ) ;
#2416 = MECHANICAL_DESIGN_GEOMETRIC_PRESENTATION_REPRESENTATION (  '', ( #6769 ), #505 ) ;
#2417 = EDGE_LOOP ( 'NONE', ( #7885, #1963, #1384, #7599 ) ) ;
#2418 = UNCERTAINTY_MEASURE_WITH_UNIT (LENGTH_MEASURE( 1.000000000000000082E-05 ), #6853, 'distance_accuracy_value', 'NONE');
#2419 = ORIENTED_EDGE ( 'NONE', *, *, #2359, .F. ) ;
#2420 = STYLED_ITEM ( 'NONE', ( #432 ), #4366 ) ;
#2421 = FACE_OUTER_BOUND ( 'NONE', #3880, .T. ) ;
#2422 = EDGE_CURVE ( 'NONE', #3691, #8765, #5735, .T. ) ;
#2423 = UNCERTAINTY_MEASURE_WITH_UNIT (LENGTH_MEASURE( 1.000000000000000082E-05 ), #5289, 'distance_accuracy_value', 'NONE');
#2424 = CARTESIAN_POINT ( 'NONE',  ( 2.180000000000001048, -0.5499999999999999334, -3.651850830482211929 ) ) ;
#2425 = FILL_AREA_STYLE_COLOUR ( '', #5770 ) ;
#2426 = DIRECTION ( 'NONE',  ( 0.000000000000000000, -0.000000000000000000, 1.000000000000000000 ) ) ;
#2427 = ORIENTED_EDGE ( 'NONE', *, *, #2092, .T. ) ;
#2428 = CARTESIAN_POINT ( 'NONE',  ( 2.911255668237038741, -0.6500000000000001332, -2.814622550835295556 ) ) ;
#2429 = SURFACE_STYLE_FILL_AREA ( #3644 ) ;
#2430 = EDGE_LOOP ( 'NONE', ( #1772, #8633, #1038, #6790 ) ) ;
#2431 = PLANE ( 'NONE',  #8051 ) ;
#2432 = AXIS2_PLACEMENT_3D ( 'NONE', #245, #6627, #4534 ) ;
#2433 = CARTESIAN_POINT ( 'NONE',  ( 2.079999999999999183, 1.399999999999999911, 0.6249999999999995559 ) ) ;
#2434 = CARTESIAN_POINT ( 'NONE',  ( 2.180000000000001048, -0.09593147900040142895, 3.369176195092057569 ) ) ;
#2435 = LINE ( 'NONE', #7210, #4492 ) ;
#2436 = DIRECTION ( 'NONE',  ( -1.000000000000000000, 0.000000000000000000, 0.000000000000000000 ) ) ;
#2437 = DIRECTION ( 'NONE',  ( -3.469446951953614189E-16, 0.000000000000000000, 1.000000000000000000 ) ) ;
#2438 =( GEOMETRIC_REPRESENTATION_CONTEXT ( 3 ) GLOBAL_UNCERTAINTY_ASSIGNED_CONTEXT ( ( #168 ) ) GLOBAL_UNIT_ASSIGNED_CONTEXT ( ( #6482, #4434, #5349 ) ) REPRESENTATION_CONTEXT ( 'NONE', 'WORKASPACE' ) );
#2439 = DIRECTION ( 'NONE',  ( -1.000000000000000000, -0.000000000000000000, -0.000000000000000000 ) ) ;
#2440 = CARTESIAN_POINT ( 'NONE',  ( 2.179999999999998828, 1.500000000000000000, -2.000000000000000444 ) ) ;
#2441 = ORIENTED_EDGE ( 'NONE', *, *, #6564, .F. ) ;
#2442 = EDGE_LOOP ( 'NONE', ( #3260, #4460, #5473, #7911 ) ) ;
#2443 = ORIENTED_EDGE ( 'NONE', *, *, #6156, .F. ) ;
#2444 =( LENGTH_UNIT ( ) NAMED_UNIT ( * ) SI_UNIT ( .MILLI., .METRE. ) );
#2445 = CARTESIAN_POINT ( 'NONE',  ( -1.629999999999998561, -0.7999999999999999334, -3.583287396400482105 ) ) ;
#2446 = ADVANCED_FACE ( 'NONE', ( #8536 ), #6941, .F. ) ;
#2447 = EDGE_CURVE ( 'NONE', #7434, #3936, #2712, .T. ) ;
#2448 = DIRECTION ( 'NONE',  ( 0.000000000000000000, 1.000000000000000000, -0.000000000000000000 ) ) ;
#2449 = DIRECTION ( 'NONE',  ( 0.000000000000000000, 0.000000000000000000, -1.000000000000000000 ) ) ;
#2450 = CARTESIAN_POINT ( 'NONE',  ( 2.080000000000001403, -0.7999999999999999334, 4.150000000000000355 ) ) ;
#2451 = VECTOR ( 'NONE', #913, 1000.000000000000000 ) ;
#2452 = DIRECTION ( 'NONE',  ( 2.168404344971008868E-16, 0.000000000000000000, 1.000000000000000000 ) ) ;
#2453 = CARTESIAN_POINT ( 'NONE',  ( -0.3599999999999990985, -0.7999999999999999334, 4.049999999999999822 ) ) ;
#2454 = EDGE_CURVE ( 'NONE', #3401, #5953, #5592, .T. ) ;
#2455 = MECHANICAL_DESIGN_GEOMETRIC_PRESENTATION_REPRESENTATION (  '', ( #8868 ), #7396 ) ;
#2456 = CIRCLE ( 'NONE', #3612, 0.09999999999999982514 ) ;
#2457 = VECTOR ( 'NONE', #3404, 1000.000000000000000 ) ;
#2458 = CARTESIAN_POINT ( 'NONE',  ( -0.3599999999999990985, -0.6500000000000000222, -3.651850830482212373 ) ) ;
#2459 = DIRECTION ( 'NONE',  ( 0.000000000000000000, 0.000000000000000000, 1.000000000000000000 ) ) ;
#2460 = SURFACE_STYLE_FILL_AREA ( #7416 ) ;
#2461 = SURFACE_STYLE_USAGE ( .BOTH. , #8615 ) ;
#2462 = ORIENTED_EDGE ( 'NONE', *, *, #4803, .F. ) ;
#2463 = DIRECTION ( 'NONE',  ( -1.000000000000000000, -0.000000000000000000, -0.000000000000000000 ) ) ;
#2464 = FILL_AREA_STYLE ('',( #1867 ) ) ;
#2465 = PRESENTATION_LAYER_ASSIGNMENT (  '', '', ( #3615 ) ) ;
#2466 = EDGE_LOOP ( 'NONE', ( #5916, #584, #6940, #5412 ) ) ;
#2467 = ORIENTED_EDGE ( 'NONE', *, *, #6384, .T. ) ;
#2468 = DIRECTION ( 'NONE',  ( -1.000000000000000000, -0.000000000000000000, 3.942553354492739094E-16 ) ) ;
#2469 = SURFACE_STYLE_USAGE ( .BOTH. , #4559 ) ;
#2470 =( NAMED_UNIT ( * ) PLANE_ANGLE_UNIT ( ) SI_UNIT ( $, .RADIAN. ) );
#2471 = CARTESIAN_POINT ( 'NONE',  ( -0.9099999999999991429, -0.5860456806663989493, -3.558573239897463658 ) ) ;
#2472 = ORIENTED_EDGE ( 'NONE', *, *, #3759, .F. ) ;
#2473 = DIRECTION ( 'NONE',  ( -1.000000000000000000, -0.000000000000000000, -0.000000000000000000 ) ) ;
#2474 = ORIENTED_EDGE ( 'NONE', *, *, #1013, .F. ) ;
#2475 = CARTESIAN_POINT ( 'NONE',  ( 1.979999999999999538, 1.500000000000000000, -0.6250000000000004441 ) ) ;
#2476 = EDGE_CURVE ( 'NONE', #7353, #6053, #456, .T. ) ;
#2477 = SURFACE_SIDE_STYLE ('',( #3735 ) ) ;
#2478 = CARTESIAN_POINT ( 'NONE',  ( -0.9099999999999993650, 1.100000000000000089, 1.262607324199603642 ) ) ;
#2479 = FACE_OUTER_BOUND ( 'NONE', #2206, .T. ) ;
#2480 = LINE ( 'NONE', #5989, #2025 ) ;
#2481 = EDGE_CURVE ( 'NONE', #661, #7451, #5365, .T. ) ;
#2482 = LINE ( 'NONE', #414, #4237 ) ;
#2483 = SURFACE_STYLE_FILL_AREA ( #1888 ) ;
#2484 = EDGE_CURVE ( 'NONE', #591, #4963, #6583, .T. ) ;
#2485 = DIRECTION ( 'NONE',  ( 0.000000000000000000, 0.000000000000000000, 1.000000000000000000 ) ) ;
#2486 = DIRECTION ( 'NONE',  ( 0.7071067811865474617, 0.000000000000000000, -0.7071067811865474617 ) ) ;
#2487 = ORIENTED_EDGE ( 'NONE', *, *, #715, .T. ) ;
#2488 = EDGE_CURVE ( 'NONE', #7537, #645, #1328, .T. ) ;
#2489 = ORIENTED_EDGE ( 'NONE', *, *, #4158, .T. ) ;
#2490 = ORIENTED_EDGE ( 'NONE', *, *, #8660, .F. ) ;
#2491 = PRESENTATION_STYLE_ASSIGNMENT (( #5959 ) ) ;
#2492 = EDGE_CURVE ( 'NONE', #793, #2985, #3292, .T. ) ;
#2493 = ORIENTED_EDGE ( 'NONE', *, *, #4496, .F. ) ;
#2494 = PRESENTATION_LAYER_ASSIGNMENT (  '', '', ( #8014 ) ) ;
#2495 = DIRECTION ( 'NONE',  ( 0.000000000000000000, 0.000000000000000000, -1.000000000000000000 ) ) ;
#2496 = DIRECTION ( 'NONE',  ( -1.000000000000000000, -0.000000000000000000, -0.000000000000000000 ) ) ;
#2497 = LINE ( 'NONE', #3873, #6184 ) ;
#2498 = AXIS2_PLACEMENT_3D ( 'NONE', #6599, #6646, #7380 ) ;
#2499 = FILL_AREA_STYLE_COLOUR ( '', #7239 ) ;
#2500 = VECTOR ( 'NONE', #8676, 1000.000000000000000 ) ;
#2501 = CARTESIAN_POINT ( 'NONE',  ( 2.079999999999999183, 1.500000000000000000, -0.6250000000000004441 ) ) ;
#2502 = CARTESIAN_POINT ( 'NONE',  ( 0.9100000000000010303, -0.5499999999999999334, -3.651850830482211929 ) ) ;
#2503 = AXIS2_PLACEMENT_3D ( 'NONE', #5283, #5975, #8700 ) ;
#2504 = VECTOR ( 'NONE', #4337, 1000.000000000000000 ) ;
#2505 = ORIENTED_EDGE ( 'NONE', *, *, #7871, .T. ) ;
#2506 = CARTESIAN_POINT ( 'NONE',  ( 2.819622550835296337, -0.5587155742747659248, 2.914242020644469910 ) ) ;
#2507 = CARTESIAN_POINT ( 'NONE',  ( 0.3600000000000004863, 1.100000000000000089, 1.262607324199603642 ) ) ;
#2508 = UNCERTAINTY_MEASURE_WITH_UNIT (LENGTH_MEASURE( 1.000000000000000082E-05 ), #2041, 'distance_accuracy_value', 'NONE');
#2509 = PRESENTATION_STYLE_ASSIGNMENT (( #2555 ) ) ;
#2510 = EDGE_CURVE ( 'NONE', #7353, #8957, #9016, .T. ) ;
#2511 = FACE_OUTER_BOUND ( 'NONE', #5585, .T. ) ;
#2512 = DIRECTION ( 'NONE',  ( -0.000000000000000000, 0.000000000000000000, -1.000000000000000000 ) ) ;
#2513 = LINE ( 'NONE', #362, #3666 ) ;
#2514 = ORIENTED_EDGE ( 'NONE', *, *, #6104, .F. ) ;
#2515 = CARTESIAN_POINT ( 'NONE',  ( 0.3599999999999992095, 1.500000000000000000, -2.000000000000000444 ) ) ;
#2516 = CIRCLE ( 'NONE', #8338, 0.1000000000000000472 ) ;
#2517 = EDGE_LOOP ( 'NONE', ( #5833, #4503, #1830, #6531 ) ) ;
#2518 = LINE ( 'NONE', #6027, #2682 ) ;
#2519 =( NAMED_UNIT ( * ) SI_UNIT ( $, .STERADIAN. ) SOLID_ANGLE_UNIT ( ) );
#2520 = STYLED_ITEM ( 'NONE', ( #5568 ), #7619 ) ;
#2521 = CARTESIAN_POINT ( 'NONE',  ( 0.5599999999999999423, 1.500000000000000000, 0.6249999999999995559 ) ) ;
#2522 = LINE ( 'NONE', #5360, #6566 ) ;
#2523 = PLANE ( 'NONE',  #4259 ) ;
#2524 = DIRECTION ( 'NONE',  ( 1.000000000000000000, -0.000000000000000000, 0.000000000000000000 ) ) ;
#2525 = ADVANCED_FACE ( 'NONE', ( #2537 ), #7407, .F. ) ;
#2526 = ORIENTED_EDGE ( 'NONE', *, *, #8554, .T. ) ;
#2527 =( GEOMETRIC_REPRESENTATION_CONTEXT ( 3 ) GLOBAL_UNCERTAINTY_ASSIGNED_CONTEXT ( ( #1581 ) ) GLOBAL_UNIT_ASSIGNED_CONTEXT ( ( #5425, #1910, #8200 ) ) REPRESENTATION_CONTEXT ( 'NONE', 'WORKASPACE' ) );
#2528 =( GEOMETRIC_REPRESENTATION_CONTEXT ( 3 ) GLOBAL_UNCERTAINTY_ASSIGNED_CONTEXT ( ( #566 ) ) GLOBAL_UNIT_ASSIGNED_CONTEXT ( ( #6608, #366, #4566 ) ) REPRESENTATION_CONTEXT ( 'NONE', 'WORKASPACE' ) );
#2529 = EDGE_LOOP ( 'NONE', ( #564, #3863, #4023, #1195 ) ) ;
#2530 = ORIENTED_EDGE ( 'NONE', *, *, #4126, .T. ) ;
#2531 = CARTESIAN_POINT ( 'NONE',  ( 0.3599999999999992095, 1.500000000000000000, -2.000000000000000444 ) ) ;
#2532 = ORIENTED_EDGE ( 'NONE', *, *, #4935, .T. ) ;
#2533 = COLOUR_RGB ( '',0.2980392156862745057, 0.2980392156862745057, 0.2980392156862745057 ) ;
#2534 = SURFACE_STYLE_FILL_AREA ( #3871 ) ;
#2535 = ADVANCED_FACE ( 'NONE', ( #7496 ), #1366, .F. ) ;
#2536 = SURFACE_STYLE_FILL_AREA ( #8782 ) ;
#2537 = FACE_OUTER_BOUND ( 'NONE', #2394, .T. ) ;
#2538 = DIRECTION ( 'NONE',  ( 0.7071067811865444641, -0.000000000000000000, 0.7071067811865505703 ) ) ;
#2539 = COLOUR_RGB ( '',0.6470588235294117974, 0.6196078431372549211, 0.5882352941176470784 ) ;
#2540 = AXIS2_PLACEMENT_3D ( 'NONE', #4820, #1158, #1257 ) ;
#2541 = CIRCLE ( 'NONE', #7181, 0.09999999999999982514 ) ;
#2542 = DIRECTION ( 'NONE',  ( 0.7071067811865475727, 0.000000000000000000, 0.7071067811865475727 ) ) ;
#2543 =( GEOMETRIC_REPRESENTATION_CONTEXT ( 3 ) GLOBAL_UNCERTAINTY_ASSIGNED_CONTEXT ( ( #5148 ) ) GLOBAL_UNIT_ASSIGNED_CONTEXT ( ( #4446, #8556, #3752 ) ) REPRESENTATION_CONTEXT ( 'NONE', 'WORKASPACE' ) );
#2544 = ORIENTED_EDGE ( 'NONE', *, *, #7315, .T. ) ;
#2545 = VERTEX_POINT ( 'NONE', #2312 ) ;
#2546 = STYLED_ITEM ( 'NONE', ( #1192 ), #3720 ) ;
#2547 = DIRECTION ( 'NONE',  ( -0.08682659386424779191, -0.9924325091389669673, -0.08682659386424779191 ) ) ;
#2548 = ORIENTED_EDGE ( 'NONE', *, *, #4686, .F. ) ;
#2549 = LINE ( 'NONE', #6012, #8923 ) ;
#2550 =( LENGTH_UNIT ( ) NAMED_UNIT ( * ) SI_UNIT ( .MILLI., .METRE. ) );
#2551 = VERTEX_POINT ( 'NONE', #7867 ) ;
#2552 = VECTOR ( 'NONE', #8339, 1000.000000000000000 ) ;
#2553 = EDGE_LOOP ( 'NONE', ( #3384, #7976, #5416, #3068, #666, #6623 ) ) ;
#2554 = FILL_AREA_STYLE ('',( #7478 ) ) ;
#2555 = SURFACE_STYLE_USAGE ( .BOTH. , #1822 ) ;
#2556 = EDGE_CURVE ( 'NONE', #2655, #68, #5130, .T. ) ;
#2557 = VECTOR ( 'NONE', #6553, 1000.000000000000114 ) ;
#2558 = CARTESIAN_POINT ( 'NONE',  ( -0.5599999999999994982, 1.500000000000000000, -0.6250000000000004441 ) ) ;
#2559 = DIRECTION ( 'NONE',  ( -0.08715574274765837404, 0.9961946980917455452, 0.000000000000000000 ) ) ;
#2560 = CARTESIAN_POINT ( 'NONE',  ( -1.729999999999997984, -0.6500000000000000222, 4.150000000000000355 ) ) ;
#2561 = EDGE_CURVE ( 'NONE', #1578, #555, #7170, .T. ) ;
#2562 = CARTESIAN_POINT ( 'NONE',  ( -0.3599999999999990985, -0.2139543193336009841, 3.253973965717952943 ) ) ;
#2563 = SURFACE_STYLE_FILL_AREA ( #1134 ) ;
#2564 = DIRECTION ( 'NONE',  ( -1.000000000000000000, 0.000000000000000000, 0.000000000000000000 ) ) ;
#2565 = ORIENTED_EDGE ( 'NONE', *, *, #67, .T. ) ;
#2566 = FILL_AREA_STYLE_COLOUR ( '', #972 ) ;
#2567 = CARTESIAN_POINT ( 'NONE',  ( -1.629999999999998561, 0.000000000000000000, 2.969702453438674006 ) ) ;
#2568 = ADVANCED_FACE ( 'NONE', ( #4447, #7225 ), #8008, .T. ) ;
#2569 = ORIENTED_EDGE ( 'NONE', *, *, #8435, .F. ) ;
#2570 = DIRECTION ( 'NONE',  ( -0.000000000000000000, 0.000000000000000000, 1.000000000000000000 ) ) ;
#2571 = ADVANCED_FACE ( 'NONE', ( #334 ), #5922, .F. ) ;
#2572 = CARTESIAN_POINT ( 'NONE',  ( 2.954999999999999627, -0.1499999999999999944, -2.908827693562531014 ) ) ;
#2573 = CARTESIAN_POINT ( 'NONE',  ( -0.9099999999999991429, -0.6500000000000000222, 3.651850830482212373 ) ) ;
#2574 = DIRECTION ( 'NONE',  ( -1.000000000000000000, -0.000000000000000000, -0.000000000000000000 ) ) ;
#2575 = AXIS2_PLACEMENT_3D ( 'NONE', #3652, #1381, #4157 ) ;
#2576 = DIRECTION ( 'NONE',  ( 3.469446951953614189E-16, 0.000000000000000000, -1.000000000000000000 ) ) ;
#2577 = ORIENTED_EDGE ( 'NONE', *, *, #5122, .T. ) ;
#2578 = ORIENTED_EDGE ( 'NONE', *, *, #2971, .F. ) ;
#2579 =( NAMED_UNIT ( * ) PLANE_ANGLE_UNIT ( ) SI_UNIT ( $, .RADIAN. ) );
#2580 = VECTOR ( 'NONE', #5761, 1000.000000000000000 ) ;
#2581 = VECTOR ( 'NONE', #5816, 1000.000000000000000 ) ;
#2582 = UNCERTAINTY_MEASURE_WITH_UNIT (LENGTH_MEASURE( 1.000000000000000082E-05 ), #6465, 'distance_accuracy_value', 'NONE');
#2583 = SURFACE_STYLE_FILL_AREA ( #4108 ) ;
#2584 = DIRECTION ( 'NONE',  ( 0.000000000000000000, 0.000000000000000000, 1.000000000000000000 ) ) ;
#2585 = CARTESIAN_POINT ( 'NONE',  ( -2.819622550835295005, -0.5500000000000001554, -2.814622550835295112 ) ) ;
#2586 = VERTEX_POINT ( 'NONE', #1575 ) ;
#2587 = DIRECTION ( 'NONE',  ( 1.000000000000000000, -0.000000000000000000, 0.000000000000000000 ) ) ;
#2588 = EDGE_CURVE ( 'NONE', #879, #6653, #5136, .T. ) ;
#2589 = EDGE_LOOP ( 'NONE', ( #4982, #3638, #4222, #6504 ) ) ;
#2590 = FACE_OUTER_BOUND ( 'NONE', #5570, .T. ) ;
#2591 = UNCERTAINTY_MEASURE_WITH_UNIT (LENGTH_MEASURE( 1.000000000000000082E-05 ), #5012, 'distance_accuracy_value', 'NONE');
#2592 = STYLED_ITEM ( 'NONE', ( #2621 ), #5006 ) ;
#2593 = ORIENTED_EDGE ( 'NONE', *, *, #1208, .F. ) ;
#2594 = CYLINDRICAL_SURFACE ( 'NONE', #544, 0.1000000000000000472 ) ;
#2595 = LINE ( 'NONE', #6718, #1613 ) ;
#2596 = EDGE_CURVE ( 'NONE', #6086, #1311, #7182, .T. ) ;
#2597 = DIRECTION ( 'NONE',  ( -2.168404344971008868E-16, 0.000000000000000000, -1.000000000000000000 ) ) ;
#2598 = CARTESIAN_POINT ( 'NONE',  ( -0.9099999999999991429, -0.1500000000000001610, -3.160696375133204228 ) ) ;
#2599 = EDGE_LOOP ( 'NONE', ( #2280, #647, #3054, #4821, #2467, #1916, #4702, #784, #7942, #6735, #2858, #6406 ) ) ;
#2600 =( NAMED_UNIT ( * ) SI_UNIT ( $, .STERADIAN. ) SOLID_ANGLE_UNIT ( ) );
#2601 = ADVANCED_FACE ( 'NONE', ( #2998 ), #3287, .F. ) ;
#2602 = COLOUR_RGB ( '',0.2980392156862745057, 0.2980392156862745057, 0.2980392156862745057 ) ;
#2603 = MECHANICAL_DESIGN_GEOMETRIC_PRESENTATION_REPRESENTATION (  '', ( #114 ), #251 ) ;
#2604 =( GEOMETRIC_REPRESENTATION_CONTEXT ( 3 ) GLOBAL_UNCERTAINTY_ASSIGNED_CONTEXT ( ( #2423 ) ) GLOBAL_UNIT_ASSIGNED_CONTEXT ( ( #5289, #5980, #6680 ) ) REPRESENTATION_CONTEXT ( 'NONE', 'WORKASPACE' ) );
#2605 =( NAMED_UNIT ( * ) SI_UNIT ( $, .STERADIAN. ) SOLID_ANGLE_UNIT ( ) );
#2606 = PLANE ( 'NONE',  #4723 ) ;
#2607 =( LENGTH_UNIT ( ) NAMED_UNIT ( * ) SI_UNIT ( .MILLI., .METRE. ) );
#2608 = EDGE_LOOP ( 'NONE', ( #7387, #5454, #4397, #4580 ) ) ;
#2609 = LINE ( 'NONE', #6116, #3019 ) ;
#2610 =( NAMED_UNIT ( * ) PLANE_ANGLE_UNIT ( ) SI_UNIT ( $, .RADIAN. ) );
#2611 = ORIENTED_EDGE ( 'NONE', *, *, #156, .F. ) ;
#2612 = LINE ( 'NONE', #1140, #5455 ) ;
#2613 = EDGE_CURVE ( 'NONE', #1391, #7759, #4569, .T. ) ;
#2614 = EDGE_CURVE ( 'NONE', #4895, #27, #679, .T. ) ;
#2615 = CARTESIAN_POINT ( 'NONE',  ( 2.180000000000001048, -0.6499999999999998002, -3.651850830482212373 ) ) ;
#2616 = ORIENTED_EDGE ( 'NONE', *, *, #8167, .T. ) ;
#2617 = CARTESIAN_POINT ( 'NONE',  ( -1.829999999999998961, 1.500000000000000000, -0.5250000000000004663 ) ) ;
#2618 = PLANE ( 'NONE',  #6740 ) ;
#2619 = LINE ( 'NONE', #5399, #3227 ) ;
#2620 = LINE ( 'NONE', #6799, #8985 ) ;
#2621 = PRESENTATION_STYLE_ASSIGNMENT (( #7446 ) ) ;
#2622 = EDGE_CURVE ( 'NONE', #2365, #794, #7494, .T. ) ;
#2623 = DIRECTION ( 'NONE',  ( -1.000000000000000000, -0.000000000000000000, -0.000000000000000000 ) ) ;
#2624 = CARTESIAN_POINT ( 'NONE',  ( -1.629999999999998561, -0.2139543193336009841, -3.253973965717952943 ) ) ;
#2625 = ORIENTED_EDGE ( 'NONE', *, *, #677, .F. ) ;
#2626 = EDGE_LOOP ( 'NONE', ( #898, #3673, #4151, #3763, #5144, #8883, #1216, #139 ) ) ;
#2627 = CYLINDRICAL_SURFACE ( 'NONE', #1109, 0.09999999999999982514 ) ;
#2628 = ADVANCED_FACE ( 'NONE', ( #6798 ), #2618, .T. ) ;
#2629 = EDGE_CURVE ( 'NONE', #1136, #3031, #8309, .T. ) ;
#2630 = CARTESIAN_POINT ( 'NONE',  ( -1.629999999999999671, 1.500000000000000000, -2.000000000000000444 ) ) ;
#2631 = LINE ( 'NONE', #6817, #3116 ) ;
#2632 = PRESENTATION_STYLE_ASSIGNMENT (( #5377 ) ) ;
#2633 = ORIENTED_EDGE ( 'NONE', *, *, #425, .T. ) ;
#2634 =( LENGTH_UNIT ( ) NAMED_UNIT ( * ) SI_UNIT ( .MILLI., .METRE. ) );
#2635 = LINE ( 'NONE', #6236, #4532 ) ;
#2636 = ORIENTED_EDGE ( 'NONE', *, *, #4330, .F. ) ;
#2637 = FACE_OUTER_BOUND ( 'NONE', #8891, .T. ) ;
#2638 = ORIENTED_EDGE ( 'NONE', *, *, #4229, .T. ) ;
#2639 = CARTESIAN_POINT ( 'NONE',  ( -0.9099999999999993650, 0.000000000000000000, 3.100000000000000089 ) ) ;
#2640 = ADVANCED_FACE ( 'NONE', ( #6253 ), #9058, .F. ) ;
#2641 = EDGE_LOOP ( 'NONE', ( #7287, #6770, #8788, #5543 ) ) ;
#2642 = SURFACE_STYLE_USAGE ( .BOTH. , #7320 ) ;
#2643 = STYLED_ITEM ( 'NONE', ( #2316 ), #9 ) ;
#2644 = ORIENTED_EDGE ( 'NONE', *, *, #744, .F. ) ;
#2645 = CARTESIAN_POINT ( 'NONE',  ( 0.5600000000000001643, 1.399999999999999911, 1.942890293094024439E-16 ) ) ;
#2646 = EDGE_CURVE ( 'NONE', #525, #142, #6426, .T. ) ;
#2647 = DIRECTION ( 'NONE',  ( 0.000000000000000000, -1.000000000000000000, 0.000000000000000000 ) ) ;
#2648 =( NAMED_UNIT ( * ) SI_UNIT ( $, .STERADIAN. ) SOLID_ANGLE_UNIT ( ) );
#2649 = DIRECTION ( 'NONE',  ( 0.000000000000000000, 0.000000000000000000, 1.000000000000000000 ) ) ;
#2650 = EDGE_CURVE ( 'NONE', #5390, #7873, #1454, .T. ) ;
#2651 = ORIENTED_EDGE ( 'NONE', *, *, #459, .T. ) ;
#2652 = CARTESIAN_POINT ( 'NONE',  ( -2.145004534589629586, 1.100000000000000089, -1.262607324199603642 ) ) ;
#2653 = AXIS2_PLACEMENT_3D ( 'NONE', #8872, #4673, #7291 ) ;
#2654 = SURFACE_STYLE_FILL_AREA ( #1138 ) ;
#2655 = VERTEX_POINT ( 'NONE', #4333 ) ;
#2656 = FACE_OUTER_BOUND ( 'NONE', #6808, .T. ) ;
#2657 = ORIENTED_EDGE ( 'NONE', *, *, #4362, .T. ) ;
#2658 = LINE ( 'NONE', #8908, #5220 ) ;
#2659 =( LENGTH_UNIT ( ) NAMED_UNIT ( * ) SI_UNIT ( .MILLI., .METRE. ) );
#2660 = DIRECTION ( 'NONE',  ( -0.000000000000000000, 0.000000000000000000, 1.000000000000000000 ) ) ;
#2661 =( NAMED_UNIT ( * ) SI_UNIT ( $, .STERADIAN. ) SOLID_ANGLE_UNIT ( ) );
#2662 = AXIS2_PLACEMENT_3D ( 'NONE', #5299, #4667, #6025 ) ;
#2663 = SURFACE_STYLE_USAGE ( .BOTH. , #8910 ) ;
#2664 = DIRECTION ( 'NONE',  ( -1.000000000000000000, 0.000000000000000000, 4.336808689942025625E-15 ) ) ;
#2665 = PRESENTATION_STYLE_ASSIGNMENT (( #4813 ) ) ;
#2666 = ORIENTED_EDGE ( 'NONE', *, *, #2930, .T. ) ;
#2667 = VERTEX_POINT ( 'NONE', #3555 ) ;
#2668 = CARTESIAN_POINT ( 'NONE',  ( 0.000000000000000000, 1.399999999999999911, -0.5250000000000004663 ) ) ;
#2669 = CARTESIAN_POINT ( 'NONE',  ( 0.9100000000000010303, -0.1499999999999999944, -3.100000000000000089 ) ) ;
#2670 = VERTEX_POINT ( 'NONE', #3505 ) ;
#2671 = FILL_AREA_STYLE_COLOUR ( '', #4317 ) ;
#2672 = DIRECTION ( 'NONE',  ( -2.168404344971008868E-16, 0.000000000000000000, -1.000000000000000000 ) ) ;
#2673 = SURFACE_SIDE_STYLE ('',( #2534 ) ) ;
#2674 = VECTOR ( 'NONE', #8117, 1000.000000000000000 ) ;
#2675 = VECTOR ( 'NONE', #2200, 1000.000000000000000 ) ;
#2676 = EDGE_LOOP ( 'NONE', ( #3452, #3490, #4216, #6702, #6472, #5270 ) ) ;
#2677 = FILL_AREA_STYLE_COLOUR ( '', #5171 ) ;
#2678 = PLANE ( 'NONE',  #1318 ) ;
#2679 = ADVANCED_FACE ( 'NONE', ( #96 ), #4372, .T. ) ;
#2680 = AXIS2_PLACEMENT_3D ( 'NONE', #5138, #4545, #7317 ) ;
#2681 = PRESENTATION_LAYER_ASSIGNMENT (  '', '', ( #330 ) ) ;
#2682 = VECTOR ( 'NONE', #5301, 1000.000000000000000 ) ;
#2683 = VERTEX_POINT ( 'NONE', #4235 ) ;
#2684 = UNCERTAINTY_MEASURE_WITH_UNIT (LENGTH_MEASURE( 1.000000000000000082E-05 ), #3188, 'distance_accuracy_value', 'NONE');
#2685 = ORIENTED_EDGE ( 'NONE', *, *, #4919, .F. ) ;
#2686 = DIRECTION ( 'NONE',  ( 0.000000000000000000, -1.000000000000000000, 0.000000000000000000 ) ) ;
#2687 = LINE ( 'NONE', #6867, #3371 ) ;
#2688 = CARTESIAN_POINT ( 'NONE',  ( 1.730000000000001315, -0.7999999999999999334, -4.150000000000000355 ) ) ;
#2689 = CARTESIAN_POINT ( 'NONE',  ( 0.9058536284288631890, 1.452606756075222938, 1.995853628428862825 ) ) ;
#2690 = COLOUR_RGB ( '',0.6470588235294117974, 0.6196078431372549211, 0.5882352941176470784 ) ;
#2691 = EDGE_LOOP ( 'NONE', ( #9001, #2243, #8669, #1261 ) ) ;
#2692 = VECTOR ( 'NONE', #6963, 1000.000000000000000 ) ;
#2693 = CARTESIAN_POINT ( 'NONE',  ( 1.629999999999998561, 1.500000000000000000, -2.000000000000000444 ) ) ;
#2694 = ORIENTED_EDGE ( 'NONE', *, *, #530, .F. ) ;
#2695 =( GEOMETRIC_REPRESENTATION_CONTEXT ( 3 ) GLOBAL_UNCERTAINTY_ASSIGNED_CONTEXT ( ( #3199 ) ) GLOBAL_UNIT_ASSIGNED_CONTEXT ( ( #3808, #8257, #8302 ) ) REPRESENTATION_CONTEXT ( 'NONE', 'WORKASPACE' ) );
#2696 = VECTOR ( 'NONE', #1250, 1000.000000000000000 ) ;
#2697 = PRODUCT ( 'TDB04H0SB1R', 'TDB04H0SB1R', '', ( #4964 ) ) ;
#2698 = FACE_OUTER_BOUND ( 'NONE', #5382, .T. ) ;
#2699 = VERTEX_POINT ( 'NONE', #5668 ) ;
#2700 = PRESENTATION_LAYER_ASSIGNMENT (  '', '', ( #5318 ) ) ;
#2701 = CARTESIAN_POINT ( 'NONE',  ( -0.9099999999999993650, -0.1499999999999999944, 3.100000000000000089 ) ) ;
#2702 =( GEOMETRIC_REPRESENTATION_CONTEXT ( 3 ) GLOBAL_UNCERTAINTY_ASSIGNED_CONTEXT ( ( #3765 ) ) GLOBAL_UNIT_ASSIGNED_CONTEXT ( ( #8797, #1169, #7235 ) ) REPRESENTATION_CONTEXT ( 'NONE', 'WORKASPACE' ) );
#2703 =( GEOMETRIC_REPRESENTATION_CONTEXT ( 3 ) GLOBAL_UNCERTAINTY_ASSIGNED_CONTEXT ( ( #6513 ) ) GLOBAL_UNIT_ASSIGNED_CONTEXT ( ( #2444, #6087, #8777 ) ) REPRESENTATION_CONTEXT ( 'NONE', 'WORKASPACE' ) );
#2704 = ORIENTED_EDGE ( 'NONE', *, *, #5219, .T. ) ;
#2705 = DIRECTION ( 'NONE',  ( 2.168404344971008868E-16, 0.000000000000000000, 1.000000000000000000 ) ) ;
#2706 = EDGE_CURVE ( 'NONE', #2929, #1930, #8446, .T. ) ;
#2707 = DIRECTION ( 'NONE',  ( 0.000000000000000000, 0.000000000000000000, 1.000000000000000000 ) ) ;
#2708 = CARTESIAN_POINT ( 'NONE',  ( 2.180000000000001048, -0.2139543193336009841, 3.253973965717952943 ) ) ;
#2709 = CARTESIAN_POINT ( 'NONE',  ( 3.105000000000000870, -0.1499999999999999944, 3.100000000000000089 ) ) ;
#2710 = ORIENTED_EDGE ( 'NONE', *, *, #5987, .T. ) ;
#2711 = CARTESIAN_POINT ( 'NONE',  ( 0.9100000000000010303, -0.5860456806663989493, 3.558573239897463658 ) ) ;
#2712 = LINE ( 'NONE', #3382, #467 ) ;
#2713 = UNCERTAINTY_MEASURE_WITH_UNIT (LENGTH_MEASURE( 1.000000000000000082E-05 ), #4590, 'distance_accuracy_value', 'NONE');
#2714 = LINE ( 'NONE', #5498, #8368 ) ;
#2715 = ORIENTED_EDGE ( 'NONE', *, *, #5716, .F. ) ;
#2716 = EDGE_LOOP ( 'NONE', ( #1334, #4784, #6250, #1519, #5456, #7629, #8157, #515, #3508, #4263, #3898, #3908 ) ) ;
#2717 = FACE_OUTER_BOUND ( 'NONE', #4388, .T. ) ;
#2718 = CARTESIAN_POINT ( 'NONE',  ( -0.8099999999999990541, 1.399999999999999911, -0.6250000000000004441 ) ) ;
#2719 = CARTESIAN_POINT ( 'NONE',  ( 2.855380530190826605, -0.1499999999999999944, -2.949999999999999734 ) ) ;
#2720 = UNCERTAINTY_MEASURE_WITH_UNIT (LENGTH_MEASURE( 1.000000000000000082E-05 ), #5400, 'distance_accuracy_value', 'NONE');
#2721 = VECTOR ( 'NONE', #6545, 1000.000000000000227 ) ;
#2722 = CARTESIAN_POINT ( 'NONE',  ( 0.3599999999999992095, 1.500000000000000000, -2.000000000000000444 ) ) ;
#2723 = DIRECTION ( 'NONE',  ( 0.000000000000000000, 0.000000000000000000, 1.000000000000000000 ) ) ;
#2724 = LINE ( 'NONE', #7566, #6028 ) ;
#2725 = ORIENTED_EDGE ( 'NONE', *, *, #291, .T. ) ;
#2726 = AXIS2_PLACEMENT_3D ( 'NONE', #332, #8688, #1755 ) ;
#2727 = EDGE_CURVE ( 'NONE', #3767, #6664, #774, .T. ) ;
#2728 = ADVANCED_FACE ( 'NONE', ( #2190 ), #7021, .F. ) ;
#2729 = ORIENTED_EDGE ( 'NONE', *, *, #8081, .F. ) ;
#2730 = SURFACE_STYLE_FILL_AREA ( #4785 ) ;
#2731 =( LENGTH_UNIT ( ) NAMED_UNIT ( * ) SI_UNIT ( .MILLI., .METRE. ) );
#2732 = CARTESIAN_POINT ( 'NONE',  ( 0.9100000000000010303, -0.1499999999999999944, 3.100000000000000089 ) ) ;
#2733 = ORIENTED_EDGE ( 'NONE', *, *, #8166, .F. ) ;
#2734 = DIRECTION ( 'NONE',  ( -1.000000000000000000, -0.000000000000000000, -0.000000000000000000 ) ) ;
#2735 = EDGE_CURVE ( 'NONE', #6294, #5544, #6348, .T. ) ;
#2736 = FACE_OUTER_BOUND ( 'NONE', #3538, .T. ) ;
#2737 = EDGE_CURVE ( 'NONE', #6106, #7819, #1498, .T. ) ;
#2738 = ORIENTED_EDGE ( 'NONE', *, *, #8275, .T. ) ;
#2739 =( GEOMETRIC_REPRESENTATION_CONTEXT ( 3 ) GLOBAL_UNCERTAINTY_ASSIGNED_CONTEXT ( ( #6674 ) ) GLOBAL_UNIT_ASSIGNED_CONTEXT ( ( #3348, #1251, #4007 ) ) REPRESENTATION_CONTEXT ( 'NONE', 'WORKASPACE' ) );
#2740 = VECTOR ( 'NONE', #1150, 1000.000000000000000 ) ;
#2741 = DIRECTION ( 'NONE',  ( -0.000000000000000000, 0.000000000000000000, 1.000000000000000000 ) ) ;
#2742 = DIRECTION ( 'NONE',  ( 1.000000000000000000, 0.000000000000000000, -3.942553354492737614E-16 ) ) ;
#2743 = PRESENTATION_STYLE_ASSIGNMENT (( #1398 ) ) ;
#2744 = CARTESIAN_POINT ( 'NONE',  ( 0.3600000000000009859, -0.1499999999999999667, -3.229259809214934940 ) ) ;
#2745 = ORIENTED_EDGE ( 'NONE', *, *, #4616, .F. ) ;
#2746 = COLOUR_RGB ( '',0.6470588235294117974, 0.6196078431372549211, 0.5882352941176470784 ) ;
#2747 = EDGE_LOOP ( 'NONE', ( #7219, #3635, #5863, #1599 ) ) ;
#2748 = CARTESIAN_POINT ( 'NONE',  ( -0.3599999999999990985, 0.000000000000000000, 3.229259809214934052 ) ) ;
#2749 = VECTOR ( 'NONE', #9070, 1000.000000000000000 ) ;
#2750 = VECTOR ( 'NONE', #4709, 1000.000000000000227 ) ;
#2751 = SURFACE_STYLE_FILL_AREA ( #5575 ) ;
#2752 = CARTESIAN_POINT ( 'NONE',  ( -0.9099999999999991429, -0.1499999999999999667, 3.229259809214934940 ) ) ;
#2753 = VERTEX_POINT ( 'NONE', #6390 ) ;
#2754 = CARTESIAN_POINT ( 'NONE',  ( 0.4600000000000004641, 1.458578643762690419, -0.6250000000000005551 ) ) ;
#2755 = FILL_AREA_STYLE_COLOUR ( '', #8225 ) ;
#2756 = DIRECTION ( 'NONE',  ( 0.000000000000000000, -0.000000000000000000, 1.000000000000000000 ) ) ;
#2757 = EDGE_CURVE ( 'NONE', #3566, #8439, #137, .T. ) ;
#2758 = VERTEX_POINT ( 'NONE', #5025 ) ;
#2759 = VERTEX_POINT ( 'NONE', #8395 ) ;
#2760 = ORIENTED_EDGE ( 'NONE', *, *, #2757, .F. ) ;
#2761 = CARTESIAN_POINT ( 'NONE',  ( -1.629999999999998561, -0.7040685209995984906, -3.443371010523358589 ) ) ;
#2762 = CARTESIAN_POINT ( 'NONE',  ( -0.3949954654103695062, 1.100000000000000089, 8.565098834396910459E-17 ) ) ;
#2763 = EDGE_CURVE ( 'NONE', #6225, #4632, #7110, .T. ) ;
#2764 = EDGE_CURVE ( 'NONE', #5623, #8901, #178, .T. ) ;
#2765 = CARTESIAN_POINT ( 'NONE',  ( 0.9100000000000010303, -0.7999999999999999334, -3.583287396400482105 ) ) ;
#2766 = ADVANCED_FACE ( 'NONE', ( #2291 ), #5068, .F. ) ;
#2767 = CARTESIAN_POINT ( 'NONE',  ( -0.8099999999999994982, 1.100000000000000089, 0.6249999999999995559 ) ) ;
#2768 = VERTEX_POINT ( 'NONE', #3892 ) ;
#2769 = ORIENTED_EDGE ( 'NONE', *, *, #7770, .F. ) ;
#2770 = SURFACE_STYLE_FILL_AREA ( #8938 ) ;
#2771 = LINE ( 'NONE', #5558, #7318 ) ;
#2772 = EDGE_LOOP ( 'NONE', ( #1054, #7643, #7739, #6820 ) ) ;
#2773 = VERTEX_POINT ( 'NONE', #1695 ) ;
#2774 = CARTESIAN_POINT ( 'NONE',  ( 2.195077613337302225, -0.4601744095246586563, -3.140260044078143853 ) ) ;
#2775 = PLANE ( 'NONE',  #2982 ) ;
#2776 = VECTOR ( 'NONE', #4521, 1000.000000000000000 ) ;
#2777 = STYLED_ITEM ( 'NONE', ( #7067 ), #53 ) ;
#2778 = DIRECTION ( 'NONE',  ( 0.7071067811865473507, 0.000000000000000000, 0.7071067811865477948 ) ) ;
#2779 = ADVANCED_FACE ( 'NONE', ( #1739 ), #1081, .F. ) ;
#2780 = VECTOR ( 'NONE', #6481, 1000.000000000000114 ) ;
#2781 = SURFACE_STYLE_USAGE ( .BOTH. , #8448 ) ;
#2782 = CARTESIAN_POINT ( 'NONE',  ( 1.979999999999999538, 1.500000000000000000, 0.5249999999999995781 ) ) ;
#2783 = DIRECTION ( 'NONE',  ( -1.000000000000000000, -0.000000000000000000, -0.000000000000000000 ) ) ;
#2784 = AXIS2_PLACEMENT_3D ( 'NONE', #4600, #2463, #8158 ) ;
#2785 = EDGE_LOOP ( 'NONE', ( #1309, #746, #4739 ) ) ;
#2786 = MECHANICAL_DESIGN_GEOMETRIC_PRESENTATION_REPRESENTATION (  '', ( #8327 ), #1609 ) ;
#2787 = UNCERTAINTY_MEASURE_WITH_UNIT (LENGTH_MEASURE( 1.000000000000000082E-05 ), #4125, 'distance_accuracy_value', 'NONE');
#2788 = CARTESIAN_POINT ( 'NONE',  ( 0.3600000000000009859, -0.2139543193336009841, 3.253973965717952943 ) ) ;
#2789 = CARTESIAN_POINT ( 'NONE',  ( -0.3599999999999990985, -0.1499999999999999667, 3.229259809214934940 ) ) ;
#2790 = ORIENTED_EDGE ( 'NONE', *, *, #5684, .T. ) ;
#2791 = CARTESIAN_POINT ( 'NONE',  ( -3.104999999999999094, 0.000000000000000000, 3.100000000000000089 ) ) ;
#2792 = VERTEX_POINT ( 'NONE', #6645 ) ;
#2793 = VERTEX_POINT ( 'NONE', #1130 ) ;
#2794 = FACE_OUTER_BOUND ( 'NONE', #6855, .T. ) ;
#2795 = PRESENTATION_STYLE_ASSIGNMENT (( #5504 ) ) ;
#2796 =( NAMED_UNIT ( * ) PLANE_ANGLE_UNIT ( ) SI_UNIT ( $, .RADIAN. ) );
#2797 =( GEOMETRIC_REPRESENTATION_CONTEXT ( 3 ) GLOBAL_UNCERTAINTY_ASSIGNED_CONTEXT ( ( #2787 ) ) GLOBAL_UNIT_ASSIGNED_CONTEXT ( ( #4125, #9043, #4740 ) ) REPRESENTATION_CONTEXT ( 'NONE', 'WORKASPACE' ) );
#2798 = LINE ( 'NONE', #5594, #8801 ) ;
#2799 = ORIENTED_EDGE ( 'NONE', *, *, #1573, .F. ) ;
#2800 = UNCERTAINTY_MEASURE_WITH_UNIT (LENGTH_MEASURE( 1.000000000000000082E-05 ), #1408, 'distance_accuracy_value', 'NONE');
#2801 = ORIENTED_EDGE ( 'NONE', *, *, #1396, .F. ) ;
#2802 = EDGE_CURVE ( 'NONE', #6530, #5554, #271, .T. ) ;
#2803 = AXIS2_PLACEMENT_3D ( 'NONE', #2744, #5531, #2649 ) ;
#2804 = PRESENTATION_LAYER_ASSIGNMENT (  '', '', ( #6732 ) ) ;
#2805 = FILL_AREA_STYLE_COLOUR ( '', #664 ) ;
#2806 = CARTESIAN_POINT ( 'NONE',  ( -0.4599999999999994649, 1.399999999999999911, 0.6249999999999995559 ) ) ;
#2807 =( NAMED_UNIT ( * ) SI_UNIT ( $, .STERADIAN. ) SOLID_ANGLE_UNIT ( ) );
#2808 = SURFACE_SIDE_STYLE ('',( #1608 ) ) ;
#2809 = ORIENTED_EDGE ( 'NONE', *, *, #4567, .F. ) ;
#2810 = CARTESIAN_POINT ( 'NONE',  ( 0.3687488663525924637, 1.399999999999999911, 1.991251133647407690 ) ) ;
#2811 =( GEOMETRIC_REPRESENTATION_CONTEXT ( 3 ) GLOBAL_UNCERTAINTY_ASSIGNED_CONTEXT ( ( #8705 ) ) GLOBAL_UNIT_ASSIGNED_CONTEXT ( ( #6676, #5280, #6010 ) ) REPRESENTATION_CONTEXT ( 'NONE', 'WORKASPACE' ) );
#2812 = AXIS2_PLACEMENT_3D ( 'NONE', #6803, #8878, #8273 ) ;
#2813 = EDGE_LOOP ( 'NONE', ( #3482, #2852, #3500, #4674 ) ) ;
#2814 = COLOUR_RGB ( '',0.6470588235294117974, 0.6196078431372549211, 0.5882352941176470784 ) ;
#2815 = CARTESIAN_POINT ( 'NONE',  ( -1.771421356237308453, 1.500000000000000000, 0.5835786437626900858 ) ) ;
#2816 = UNCERTAINTY_MEASURE_WITH_UNIT (LENGTH_MEASURE( 1.000000000000000082E-05 ), #6928, 'distance_accuracy_value', 'NONE');
#2817 = LINE ( 'NONE', #8384, #3831 ) ;
#2818 = STYLED_ITEM ( 'NONE', ( #3656 ), #8422 ) ;
#2819 = AXIS2_PLACEMENT_3D ( 'NONE', #5538, #7634, #3289 ) ;
#2820 = CARTESIAN_POINT ( 'NONE',  ( -2.179999999999999716, 1.500000000000000000, -2.000000000000000444 ) ) ;
#2821 = CIRCLE ( 'NONE', #3958, 0.1000000000000001027 ) ;
#2822 = CARTESIAN_POINT ( 'NONE',  ( 1.664995465410368469, 1.100000000000000089, -1.262607324199603642 ) ) ;
#2823 = VERTEX_POINT ( 'NONE', #1144 ) ;
#2824 = CARTESIAN_POINT ( 'NONE',  ( -2.179999999999999716, 1.399999999999999911, -1.262607324199603642 ) ) ;
#2825 = ORIENTED_EDGE ( 'NONE', *, *, #955, .T. ) ;
#2826 = EDGE_CURVE ( 'NONE', #5269, #2894, #6658, .T. ) ;
#2827 = EDGE_CURVE ( 'NONE', #6509, #3910, #5949, .T. ) ;
#2828 = SURFACE_SIDE_STYLE ('',( #36 ) ) ;
#2829 = CARTESIAN_POINT ( 'NONE',  ( 3.105000000000000870, -0.1499999999999999944, 3.100000000000000089 ) ) ;
#2830 = DIRECTION ( 'NONE',  ( -1.000000000000000000, -0.000000000000000000, 0.000000000000000000 ) ) ;
#2831 = CARTESIAN_POINT ( 'NONE',  ( -1.629999999999998561, -0.6500000000000000222, 4.049999999999999822 ) ) ;
#2832 = CARTESIAN_POINT ( 'NONE',  ( -0.4599999999999994649, 1.100000000000000089, -0.6250000000000004441 ) ) ;
#2833 = FILL_AREA_STYLE ('',( #8351 ) ) ;
#2834 = COLOUR_RGB ( '',0.6470588235294117974, 0.6196078431372549211, 0.5882352941176470784 ) ;
#2835 = ORIENTED_EDGE ( 'NONE', *, *, #4919, .T. ) ;
#2836 = EDGE_CURVE ( 'NONE', #1030, #8894, #5852, .T. ) ;
#2837 = FACE_OUTER_BOUND ( 'NONE', #2048, .T. ) ;
#2838 = FACE_OUTER_BOUND ( 'NONE', #9065, .T. ) ;
#2839 = ORIENTED_EDGE ( 'NONE', *, *, #7937, .T. ) ;
#2840 = CARTESIAN_POINT ( 'NONE',  ( -3.104999999999999094, 0.000000000000000000, -3.100000000000000089 ) ) ;
#2841 = VERTEX_POINT ( 'NONE', #8726 ) ;
#2842 = LINE ( 'NONE', #7729, #6192 ) ;
#2843 = DIRECTION ( 'NONE',  ( 1.000000000000000000, -0.000000000000000000, 0.000000000000000000 ) ) ;
#2844 = AXIS2_PLACEMENT_3D ( 'NONE', #6557, #308, #3094 ) ;
#2845 = DIRECTION ( 'NONE',  ( -0.000000000000000000, -0.000000000000000000, 1.000000000000000000 ) ) ;
#2846 = DIRECTION ( 'NONE',  ( 0.000000000000000000, 0.000000000000000000, -1.000000000000000000 ) ) ;
#2847 = DIRECTION ( 'NONE',  ( 0.000000000000000000, -0.9327759058474844878, -0.3604568066639949886 ) ) ;
#2848 =( NAMED_UNIT ( * ) PLANE_ANGLE_UNIT ( ) SI_UNIT ( $, .RADIAN. ) );
#2849 = DIRECTION ( 'NONE',  ( -1.000000000000000000, -0.000000000000000000, -0.000000000000000000 ) ) ;
#2850 = VECTOR ( 'NONE', #7752, 1000.000000000000000 ) ;
#2851 = SURFACE_STYLE_USAGE ( .BOTH. , #63 ) ;
#2852 = ORIENTED_EDGE ( 'NONE', *, *, #8513, .F. ) ;
#2853 =( NAMED_UNIT ( * ) PLANE_ANGLE_UNIT ( ) SI_UNIT ( $, .RADIAN. ) );
#2854 = AXIS2_PLACEMENT_3D ( 'NONE', #7316, #986, #2459 ) ;
#2855 = EDGE_LOOP ( 'NONE', ( #3499, #7499, #2427, #4247 ) ) ;
#2856 = DIRECTION ( 'NONE',  ( -2.168404344971008868E-16, -0.000000000000000000, -1.000000000000000000 ) ) ;
#2857 = CARTESIAN_POINT ( 'NONE',  ( -0.3599999999999990985, -0.2500000000000000000, 3.160696375133204672 ) ) ;
#2858 = ORIENTED_EDGE ( 'NONE', *, *, #3027, .T. ) ;
#2859 = DIRECTION ( 'NONE',  ( 0.08715574274765836016, 0.9961946980917455452, 0.000000000000000000 ) ) ;
#2860 = LINE ( 'NONE', #7705, #4432 ) ;
#2861 = STYLED_ITEM ( 'NONE', ( #2891 ), #4626 ) ;
#2862 = ADVANCED_FACE ( 'NONE', ( #2479 ), #8032, .T. ) ;
#2863 = ORIENTED_EDGE ( 'NONE', *, *, #2245, .T. ) ;
#2864 = EDGE_CURVE ( 'NONE', #3970, #7466, #7543, .T. ) ;
#2865 = VECTOR ( 'NONE', #5565, 1000.000000000000000 ) ;
#2866 = CARTESIAN_POINT ( 'NONE',  ( 0.4600000000000004086, -0.6500000000000000222, -4.150000000000000355 ) ) ;
#2867 = FILL_AREA_STYLE_COLOUR ( '', #5656 ) ;
#2868 = DIRECTION ( 'NONE',  ( -1.000000000000000000, 0.000000000000000000, 0.000000000000000000 ) ) ;
#2869 = SURFACE_STYLE_USAGE ( .BOTH. , #7581 ) ;
#2870 = PLANE ( 'NONE',  #6019 ) ;
#2871 = ADVANCED_FACE ( 'NONE', ( #7328 ), #4463, .T. ) ;
#2872 = EDGE_LOOP ( 'NONE', ( #7932, #8899, #8885, #7475 ) ) ;
#2873 = CARTESIAN_POINT ( 'NONE',  ( -0.9099999999999991429, -0.7999999999999999334, 3.583287396400482105 ) ) ;
#2874 = ORIENTED_EDGE ( 'NONE', *, *, #5613, .F. ) ;
#2875 = AXIS2_PLACEMENT_3D ( 'NONE', #937, #7099, #3632 ) ;
#2876 = CARTESIAN_POINT ( 'NONE',  ( 0.3600000000000009859, -0.2139543193336009841, -3.253973965717952943 ) ) ;
#2877 = DIRECTION ( 'NONE',  ( 0.000000000000000000, 0.000000000000000000, -1.000000000000000000 ) ) ;
#2878 = PRESENTATION_STYLE_ASSIGNMENT (( #9060 ) ) ;
#2879 =( LENGTH_UNIT ( ) NAMED_UNIT ( * ) SI_UNIT ( .MILLI., .METRE. ) );
#2880 = ORIENTED_EDGE ( 'NONE', *, *, #7691, .T. ) ;
#2881 = DIRECTION ( 'NONE',  ( 0.000000000000000000, -0.000000000000000000, 1.000000000000000000 ) ) ;
#2882 = DIRECTION ( 'NONE',  ( -0.08715574274765836016, -0.9961946980917455452, 3.436161659330867058E-17 ) ) ;
#2883 = DIRECTION ( 'NONE',  ( 1.000000000000000000, 0.000000000000000000, 0.000000000000000000 ) ) ;
#2884 = EDGE_CURVE ( 'NONE', #8989, #1098, #415, .T. ) ;
#2885 = CARTESIAN_POINT ( 'NONE',  ( -1.729999999999997984, -0.6500000000000000222, 4.150000000000000355 ) ) ;
#2886 = ORIENTED_EDGE ( 'NONE', *, *, #8136, .F. ) ;
#2887 =( NAMED_UNIT ( * ) SI_UNIT ( $, .STERADIAN. ) SOLID_ANGLE_UNIT ( ) );
#2888 = DIRECTION ( 'NONE',  ( -0.000000000000000000, -0.000000000000000000, 1.000000000000000000 ) ) ;
#2889 = VECTOR ( 'NONE', #8250, 1000.000000000000000 ) ;
#2890 = CARTESIAN_POINT ( 'NONE',  ( -1.629999999999998561, -0.6499999999999998002, -3.651850830482212373 ) ) ;
#2891 = PRESENTATION_STYLE_ASSIGNMENT (( #3523 ) ) ;
#2892 = CIRCLE ( 'NONE', #9009, 0.09999999999999982514 ) ;
#2893 = ORIENTED_EDGE ( 'NONE', *, *, #6672, .F. ) ;
#2894 = VERTEX_POINT ( 'NONE', #6615 ) ;
#2895 = EDGE_CURVE ( 'NONE', #1450, #2793, #4574, .T. ) ;
#2896 = CARTESIAN_POINT ( 'NONE',  ( -2.079999999999998295, 1.500000000000000000, -0.5250000000000004663 ) ) ;
#2897 = PRESENTATION_STYLE_ASSIGNMENT (( #4961 ) ) ;
#2898 = ORIENTED_EDGE ( 'NONE', *, *, #5290, .F. ) ;
#2899 = SURFACE_STYLE_USAGE ( .BOTH. , #163 ) ;
#2900 =( NAMED_UNIT ( * ) PLANE_ANGLE_UNIT ( ) SI_UNIT ( $, .RADIAN. ) );
#2901 = DIRECTION ( 'NONE',  ( -0.000000000000000000, -1.000000000000000000, -0.000000000000000000 ) ) ;
#2902 = UNCERTAINTY_MEASURE_WITH_UNIT (LENGTH_MEASURE( 1.000000000000000082E-05 ), #797, 'distance_accuracy_value', 'NONE');
#2903 = CARTESIAN_POINT ( 'NONE',  ( 1.630000000000001004, -0.5499999999999999334, -3.651850830482211929 ) ) ;
#2904 = EDGE_CURVE ( 'NONE', #2753, #1391, #7347, .T. ) ;
#2905 = CARTESIAN_POINT ( 'NONE',  ( 0.4600000000000004086, -0.6500000000000000222, 4.150000000000000355 ) ) ;
#2906 = CARTESIAN_POINT ( 'NONE',  ( 2.180000000000001048, -0.1499999999999999667, 3.229259809214934940 ) ) ;
#2907 = ORIENTED_EDGE ( 'NONE', *, *, #858, .T. ) ;
#2908 =( LENGTH_UNIT ( ) NAMED_UNIT ( * ) SI_UNIT ( .MILLI., .METRE. ) );
#2909 = VECTOR ( 'NONE', #7344, 1000.000000000000000 ) ;
#2910 = ADVANCED_FACE ( 'NONE', ( #5261 ), #2523, .T. ) ;
#2911 = EDGE_CURVE ( 'NONE', #879, #8102, #1190, .T. ) ;
#2912 = CARTESIAN_POINT ( 'NONE',  ( 0.3600000000000009859, -0.7999999999999999334, -4.049999999999999822 ) ) ;
#2913 = CARTESIAN_POINT ( 'NONE',  ( 2.180000000000001048, -0.2500000000000000000, -3.160696375133204672 ) ) ;
#2914 = CARTESIAN_POINT ( 'NONE',  ( -3.104999999999999094, 0.000000000000000000, -3.100000000000000089 ) ) ;
#2915 = ORIENTED_EDGE ( 'NONE', *, *, #3363, .F. ) ;
#2916 = FACE_OUTER_BOUND ( 'NONE', #5632, .T. ) ;
#2917 = CARTESIAN_POINT ( 'NONE',  ( -1.629999999999998561, -0.7999999999999999334, -3.583287396400482105 ) ) ;
#2918 = SURFACE_STYLE_FILL_AREA ( #3242 ) ;
#2919 = ORIENTED_EDGE ( 'NONE', *, *, #8803, .F. ) ;
#2920 = SURFACE_STYLE_FILL_AREA ( #7763 ) ;
#2921 = CARTESIAN_POINT ( 'NONE',  ( 0.000000000000000000, 1.100000000000000089, 0.000000000000000000 ) ) ;
#2922 = MECHANICAL_DESIGN_GEOMETRIC_PRESENTATION_REPRESENTATION (  '', ( #5706 ), #6703 ) ;
#2923 =( GEOMETRIC_REPRESENTATION_CONTEXT ( 3 ) GLOBAL_UNCERTAINTY_ASSIGNED_CONTEXT ( ( #3342 ) ) GLOBAL_UNIT_ASSIGNED_CONTEXT ( ( #3583, #3909, #1894 ) ) REPRESENTATION_CONTEXT ( 'NONE', 'WORKASPACE' ) );
#2924 = LINE ( 'NONE', #5730, #6191 ) ;
#2925 = PRESENTATION_LAYER_ASSIGNMENT (  '', '', ( #1031 ) ) ;
#2926 = ORIENTED_EDGE ( 'NONE', *, *, #3891, .F. ) ;
#2927 = VECTOR ( 'NONE', #2473, 1000.000000000000000 ) ;
#2928 = SURFACE_STYLE_USAGE ( .BOTH. , #4308 ) ;
#2929 = VERTEX_POINT ( 'NONE', #1710 ) ;
#2930 = EDGE_CURVE ( 'NONE', #3357, #5254, #4480, .T. ) ;
#2931 = LINE ( 'NONE', #6322, #2375 ) ;
#2932 = CARTESIAN_POINT ( 'NONE',  ( -0.3599999999999990985, -0.09593147900040135956, 3.369176195092057569 ) ) ;
#2933 = COLOUR_RGB ( '',0.6470588235294117974, 0.6196078431372549211, 0.5882352941176470784 ) ;
#2934 = DIRECTION ( 'NONE',  ( -1.000000000000000000, -0.000000000000000000, -0.000000000000000000 ) ) ;
#2935 = FILL_AREA_STYLE ('',( #249 ) ) ;
#2936 = EDGE_CURVE ( 'NONE', #1291, #3867, #1746, .T. ) ;
#2937 = SURFACE_STYLE_FILL_AREA ( #4319 ) ;
#2938 = COLOUR_RGB ( '',0.6470588235294117974, 0.6196078431372549211, 0.5882352941176470784 ) ;
#2939 = FILL_AREA_STYLE_COLOUR ( '', #656 ) ;
#2940 = DIRECTION ( 'NONE',  ( 0.000000000000000000, 0.000000000000000000, 1.000000000000000000 ) ) ;
#2941 = DIRECTION ( 'NONE',  ( 0.000000000000000000, -0.9327759058474842657, -0.3604568066639957102 ) ) ;
#2942 = DIRECTION ( 'NONE',  ( 0.000000000000000000, 0.000000000000000000, 1.000000000000000000 ) ) ;
#2943 =( NAMED_UNIT ( * ) SI_UNIT ( $, .STERADIAN. ) SOLID_ANGLE_UNIT ( ) );
#2944 = STYLED_ITEM ( 'NONE', ( #7582 ), #7586 ) ;
#2945 = ORIENTED_EDGE ( 'NONE', *, *, #8344, .T. ) ;
#2946 = VECTOR ( 'NONE', #3473, 1000.000000000000000 ) ;
#2947 =( GEOMETRIC_REPRESENTATION_CONTEXT ( 3 ) GLOBAL_UNCERTAINTY_ASSIGNED_CONTEXT ( ( #6276 ) ) GLOBAL_UNIT_ASSIGNED_CONTEXT ( ( #5725, #7032, #7814 ) ) REPRESENTATION_CONTEXT ( 'NONE', 'WORKASPACE' ) );
#2948 = EDGE_CURVE ( 'NONE', #5074, #8894, #831, .T. ) ;
#2949 = EDGE_LOOP ( 'NONE', ( #4042, #5636, #8375, #8420 ) ) ;
#2950 = LINE ( 'NONE', #7837, #7914 ) ;
#2951 = CARTESIAN_POINT ( 'NONE',  ( 1.829999999999999405, 1.500000000000000000, 0.6249999999999995559 ) ) ;
#2952 = ORIENTED_EDGE ( 'NONE', *, *, #1252, .F. ) ;
#2953 = STYLED_ITEM ( 'NONE', ( #1165 ), #7719 ) ;
#2954 = VECTOR ( 'NONE', #8639, 1000.000000000000000 ) ;
#2955 = PRESENTATION_LAYER_ASSIGNMENT (  '', '', ( #7641 ) ) ;
#2956 = PRESENTATION_STYLE_ASSIGNMENT (( #8480 ) ) ;
#2957 = CARTESIAN_POINT ( 'NONE',  ( -2.179999999999998828, -0.2139543193336009841, 3.253973965717952943 ) ) ;
#2958 = DIRECTION ( 'NONE',  ( -1.000000000000000000, -0.000000000000000000, 0.000000000000000000 ) ) ;
#2959 = FACE_OUTER_BOUND ( 'NONE', #2599, .T. ) ;
#2960 = FILL_AREA_STYLE_COLOUR ( '', #8643 ) ;
#2961 = ORIENTED_EDGE ( 'NONE', *, *, #7696, .F. ) ;
#2962 = SURFACE_SIDE_STYLE ('',( #865 ) ) ;
#2963 = DIRECTION ( 'NONE',  ( 0.000000000000000000, -0.000000000000000000, -1.000000000000000000 ) ) ;
#2964 =( GEOMETRIC_REPRESENTATION_CONTEXT ( 3 ) GLOBAL_UNCERTAINTY_ASSIGNED_CONTEXT ( ( #1197 ) ) GLOBAL_UNIT_ASSIGNED_CONTEXT ( ( #6424, #7803, #949 ) ) REPRESENTATION_CONTEXT ( 'NONE', 'WORKASPACE' ) );
#2965 = DIRECTION ( 'NONE',  ( -3.469446951953614189E-16, 0.000000000000000000, 1.000000000000000000 ) ) ;
#2966 = AXIS2_PLACEMENT_3D ( 'NONE', #3526, #7818, #791 ) ;
#2967 =( GEOMETRIC_REPRESENTATION_CONTEXT ( 3 ) GLOBAL_UNCERTAINTY_ASSIGNED_CONTEXT ( ( #8199 ) ) GLOBAL_UNIT_ASSIGNED_CONTEXT ( ( #1044, #6400, #911 ) ) REPRESENTATION_CONTEXT ( 'NONE', 'WORKASPACE' ) );
#2968 = ORIENTED_EDGE ( 'NONE', *, *, #1980, .F. ) ;
#2969 = DIRECTION ( 'NONE',  ( -3.942553354492737614E-16, 0.000000000000000000, -1.000000000000000000 ) ) ;
#2970 = PRESENTATION_LAYER_ASSIGNMENT (  '', '', ( #3407 ) ) ;
#2971 = EDGE_CURVE ( 'NONE', #1996, #6286, #961, .T. ) ;
#2972 = DIRECTION ( 'NONE',  ( -1.000000000000000000, -0.000000000000000000, -0.000000000000000000 ) ) ;
#2973 = CIRCLE ( 'NONE', #352, 0.1499999999999999667 ) ;
#2974 =( NAMED_UNIT ( * ) PLANE_ANGLE_UNIT ( ) SI_UNIT ( $, .RADIAN. ) );
#2975 = ADVANCED_FACE ( 'NONE', ( #1709 ), #2976, .F. ) ;
#2976 = PLANE ( 'NONE',  #6002 ) ;
#2977 = MECHANICAL_DESIGN_GEOMETRIC_PRESENTATION_REPRESENTATION (  '', ( #2818 ), #4423 ) ;
#2978 = STYLED_ITEM ( 'NONE', ( #5797 ), #1893 ) ;
#2979 =( NAMED_UNIT ( * ) SI_UNIT ( $, .STERADIAN. ) SOLID_ANGLE_UNIT ( ) );
#2980 = FILL_AREA_STYLE_COLOUR ( '', #8659 ) ;
#2981 = SURFACE_STYLE_FILL_AREA ( #5913 ) ;
#2982 = AXIS2_PLACEMENT_3D ( 'NONE', #3548, #579, #2102 ) ;
#2983 = PRESENTATION_LAYER_ASSIGNMENT (  '', '', ( #5909 ) ) ;
#2984 = VECTOR ( 'NONE', #6342, 1000.000000000000000 ) ;
#2985 = VERTEX_POINT ( 'NONE', #915 ) ;
#2986 = DIRECTION ( 'NONE',  ( -1.000000000000000000, 0.000000000000000000, 0.000000000000000000 ) ) ;
#2987 = SURFACE_STYLE_FILL_AREA ( #7001 ) ;
#2988 = ORIENTED_EDGE ( 'NONE', *, *, #4593, .T. ) ;
#2989 = CARTESIAN_POINT ( 'NONE',  ( 0.8099999999999999423, 1.500000000000000000, -0.6250000000000004441 ) ) ;
#2990 = DIRECTION ( 'NONE',  ( -1.000000000000000000, -0.000000000000000000, -0.000000000000000000 ) ) ;
#2991 = ADVANCED_FACE ( 'NONE', ( #3697 ), #7858, .F. ) ;
#2992 = ORIENTED_EDGE ( 'NONE', *, *, #1980, .T. ) ;
#2993 = ADVANCED_FACE ( 'NONE', ( #3151 ), #369, .F. ) ;
#2994 = STYLED_ITEM ( 'NONE', ( #851 ), #4191 ) ;
#2995 = LINE ( 'NONE', #5786, #6376 ) ;
#2996 = EDGE_CURVE ( 'NONE', #4678, #8261, #8909, .T. ) ;
#2997 = VECTOR ( 'NONE', #390, 1000.000000000000000 ) ;
#2998 = FACE_OUTER_BOUND ( 'NONE', #8569, .T. ) ;
#2999 = DIRECTION ( 'NONE',  ( -1.000000000000000000, -0.000000000000000000, -0.000000000000000000 ) ) ;
#3000 = CARTESIAN_POINT ( 'NONE',  ( 0.9100000000000010303, -0.6500000000000000222, 4.150000000000000355 ) ) ;
#3001 = ORIENTED_EDGE ( 'NONE', *, *, #5502, .F. ) ;
#3002 = ORIENTED_EDGE ( 'NONE', *, *, #4558, .F. ) ;
#3003 =( NAMED_UNIT ( * ) PLANE_ANGLE_UNIT ( ) SI_UNIT ( $, .RADIAN. ) );
#3004 = ORIENTED_EDGE ( 'NONE', *, *, #7164, .T. ) ;
#3005 = CARTESIAN_POINT ( 'NONE',  ( 3.105000000000000870, -0.1499999999999999944, -3.100000000000000089 ) ) ;
#3006 = ORIENTED_EDGE ( 'NONE', *, *, #3864, .T. ) ;
#3007 = CARTESIAN_POINT ( 'NONE',  ( 0.9099999999999991429, 1.500000000000000000, -2.000000000000000444 ) ) ;
#3008 =( NAMED_UNIT ( * ) SI_UNIT ( $, .STERADIAN. ) SOLID_ANGLE_UNIT ( ) );
#3009 = COLOUR_RGB ( '',0.2980392156862745057, 0.2980392156862745057, 0.2980392156862745057 ) ;
#3010 = EDGE_LOOP ( 'NONE', ( #204, #8094, #6549, #7577 ) ) ;
#3011 = CARTESIAN_POINT ( 'NONE',  ( -1.729999999999998872, 1.100000000000000089, 0.6249999999999995559 ) ) ;
#3012 = SURFACE_STYLE_FILL_AREA ( #307 ) ;
#3013 = VERTEX_POINT ( 'NONE', #8085 ) ;
#3014 = MECHANICAL_DESIGN_GEOMETRIC_PRESENTATION_REPRESENTATION (  '', ( #4624 ), #4171 ) ;
#3015 = VERTEX_POINT ( 'NONE', #8728 ) ;
#3016 = FACE_OUTER_BOUND ( 'NONE', #6082, .T. ) ;
#3017 = FACE_OUTER_BOUND ( 'NONE', #6363, .T. ) ;
#3018 = PRESENTATION_LAYER_ASSIGNMENT (  '', '', ( #6656 ) ) ;
#3019 = VECTOR ( 'NONE', #6736, 1000.000000000000000 ) ;
#3020 = FACE_OUTER_BOUND ( 'NONE', #5256, .T. ) ;
#3021 = PRESENTATION_STYLE_ASSIGNMENT (( #2390 ) ) ;
#3022 = DIRECTION ( 'NONE',  ( -1.000000000000000000, -0.000000000000000000, -0.000000000000000000 ) ) ;
#3023 = CARTESIAN_POINT ( 'NONE',  ( 0.7099999999999999645, 1.399999999999999911, 0.000000000000000000 ) ) ;
#3024 = LINE ( 'NONE', #5993, #6749 ) ;
#3025 = EDGE_CURVE ( 'NONE', #5609, #3725, #2522, .T. ) ;
#3026 = FACE_OUTER_BOUND ( 'NONE', #8816, .T. ) ;
#3027 = EDGE_CURVE ( 'NONE', #269, #5957, #2482, .T. ) ;
#3028 = CARTESIAN_POINT ( 'NONE',  ( 0.9012511336474067214, 1.399999999999999911, -2.000000000000000444 ) ) ;
#3029 =( GEOMETRIC_REPRESENTATION_CONTEXT ( 3 ) GLOBAL_UNCERTAINTY_ASSIGNED_CONTEXT ( ( #5335 ) ) GLOBAL_UNIT_ASSIGNED_CONTEXT ( ( #5516, #1959, #2088 ) ) REPRESENTATION_CONTEXT ( 'NONE', 'WORKASPACE' ) );
#3030 =( GEOMETRIC_REPRESENTATION_CONTEXT ( 3 ) GLOBAL_UNCERTAINTY_ASSIGNED_CONTEXT ( ( #6052 ) ) GLOBAL_UNIT_ASSIGNED_CONTEXT ( ( #8149, #8366, #788 ) ) REPRESENTATION_CONTEXT ( 'NONE', 'WORKASPACE' ) );
#3031 = VERTEX_POINT ( 'NONE', #3193 ) ;
#3032 = EDGE_CURVE ( 'NONE', #2683, #4552, #8174, .T. ) ;
#3033 = EDGE_CURVE ( 'NONE', #8478, #5930, #1474, .T. ) ;
#3034 =( GEOMETRIC_REPRESENTATION_CONTEXT ( 3 ) GLOBAL_UNCERTAINTY_ASSIGNED_CONTEXT ( ( #7984 ) ) GLOBAL_UNIT_ASSIGNED_CONTEXT ( ( #1435, #2853, #8423 ) ) REPRESENTATION_CONTEXT ( 'NONE', 'WORKASPACE' ) );
#3035 = EDGE_CURVE ( 'NONE', #6357, #5520, #450, .T. ) ;
#3036 =( GEOMETRIC_REPRESENTATION_CONTEXT ( 3 ) GLOBAL_UNCERTAINTY_ASSIGNED_CONTEXT ( ( #1857 ) ) GLOBAL_UNIT_ASSIGNED_CONTEXT ( ( #8068, #6596, #1777 ) ) REPRESENTATION_CONTEXT ( 'NONE', 'WORKASPACE' ) );
#3037 = SURFACE_STYLE_FILL_AREA ( #6538 ) ;
#3038 = DIRECTION ( 'NONE',  ( 0.000000000000000000, 0.000000000000000000, -1.000000000000000000 ) ) ;
#3039 = CYLINDRICAL_SURFACE ( 'NONE', #5309, 0.1000000000000000472 ) ;
#3040 = CARTESIAN_POINT ( 'NONE',  ( 3.105000000000000870, 0.000000000000000000, 3.100000000000000089 ) ) ;
#3041 = AXIS2_PLACEMENT_3D ( 'NONE', #8071, #5838, #3850 ) ;
#3042 = SURFACE_SIDE_STYLE ('',( #7974 ) ) ;
#3043 = ORIENTED_EDGE ( 'NONE', *, *, #1669, .T. ) ;
#3044 =( NAMED_UNIT ( * ) PLANE_ANGLE_UNIT ( ) SI_UNIT ( $, .RADIAN. ) );
#3045 = VERTEX_POINT ( 'NONE', #1047 ) ;
#3046 = DIRECTION ( 'NONE',  ( -0.7071067811865444641, -0.000000000000000000, -0.7071067811865505703 ) ) ;
#3047 = ORIENTED_EDGE ( 'NONE', *, *, #401, .F. ) ;
#3048 = UNCERTAINTY_MEASURE_WITH_UNIT (LENGTH_MEASURE( 1.000000000000000082E-05 ), #3498, 'distance_accuracy_value', 'NONE');
#3049 = DIRECTION ( 'NONE',  ( 0.000000000000000000, 0.000000000000000000, 1.000000000000000000 ) ) ;
#3050 = VERTEX_POINT ( 'NONE', #1146 ) ;
#3051 = DIRECTION ( 'NONE',  ( -0.000000000000000000, -1.000000000000000000, -0.000000000000000000 ) ) ;
#3052 = UNCERTAINTY_MEASURE_WITH_UNIT (LENGTH_MEASURE( 1.000000000000000082E-05 ), #2607, 'distance_accuracy_value', 'NONE');
#3053 = DIRECTION ( 'NONE',  ( 0.000000000000000000, 0.000000000000000000, -1.000000000000000000 ) ) ;
#3054 = ORIENTED_EDGE ( 'NONE', *, *, #133, .T. ) ;
#3055 = DIRECTION ( 'NONE',  ( -1.000000000000000000, 0.000000000000000000, -0.000000000000000000 ) ) ;
#3056 = SURFACE_STYLE_USAGE ( .BOTH. , #951 ) ;
#3057 = ORIENTED_EDGE ( 'NONE', *, *, #5611, .F. ) ;
#3058 = CARTESIAN_POINT ( 'NONE',  ( 1.630000000000001004, -0.09593147900040135956, 3.369176195092057569 ) ) ;
#3059 = ADVANCED_FACE ( 'NONE', ( #6692 ), #6121, .F. ) ;
#3060 = PRESENTATION_STYLE_ASSIGNMENT (( #5849 ) ) ;
#3061 = FILL_AREA_STYLE ('',( #4619 ) ) ;
#3062 =( NAMED_UNIT ( * ) PLANE_ANGLE_UNIT ( ) SI_UNIT ( $, .RADIAN. ) );
#3063 = FACE_OUTER_BOUND ( 'NONE', #409, .T. ) ;
#3064 = EDGE_LOOP ( 'NONE', ( #8227, #4014, #6320, #3774 ) ) ;
#3065 = ORIENTED_EDGE ( 'NONE', *, *, #5387, .F. ) ;
#3066 = VERTEX_POINT ( 'NONE', #1887 ) ;
#3067 = CARTESIAN_POINT ( 'NONE',  ( -0.7099999999999990763, 1.500000000000000000, -0.5250000000000004663 ) ) ;
#3068 = ORIENTED_EDGE ( 'NONE', *, *, #1380, .F. ) ;
#3069 = MECHANICAL_DESIGN_GEOMETRIC_PRESENTATION_REPRESENTATION (  '', ( #4975 ), #8181 ) ;
#3070 = SURFACE_STYLE_USAGE ( .BOTH. , #4445 ) ;
#3071 = FACE_OUTER_BOUND ( 'NONE', #3960, .T. ) ;
#3072 = DIRECTION ( 'NONE',  ( 0.000000000000000000, 0.000000000000000000, -1.000000000000000000 ) ) ;
#3073 = AXIS2_PLACEMENT_3D ( 'NONE', #1932, #4573, #5950 ) ;
#3074 = CARTESIAN_POINT ( 'NONE',  ( 1.630000000000001004, -0.7999999999999999334, 3.583287396400482105 ) ) ;
#3075 = DIRECTION ( 'NONE',  ( 0.000000000000000000, 0.000000000000000000, -1.000000000000000000 ) ) ;
#3076 = AXIS2_PLACEMENT_3D ( 'NONE', #8183, #5499, #7502 ) ;
#3077 = FILL_AREA_STYLE_COLOUR ( '', #1913 ) ;
#3078 = EDGE_CURVE ( 'NONE', #6677, #5958, #1188, .T. ) ;
#3079 = FACE_OUTER_BOUND ( 'NONE', #1602, .T. ) ;
#3080 = LINE ( 'NONE', #3123, #1253 ) ;
#3081 = DIRECTION ( 'NONE',  ( -0.000000000000000000, 0.000000000000000000, 1.000000000000000000 ) ) ;
#3082 = DIRECTION ( 'NONE',  ( 0.000000000000000000, -0.9327759058474844878, 0.3604568066639949886 ) ) ;
#3083 = CARTESIAN_POINT ( 'NONE',  ( -0.3600000000000003197, 1.500000000000000000, -2.000000000000000444 ) ) ;
#3084 = ORIENTED_EDGE ( 'NONE', *, *, #5525, .F. ) ;
#3085 = DIRECTION ( 'NONE',  ( 0.000000000000000000, 0.000000000000000000, -1.000000000000000000 ) ) ;
#3086 =( BOUNDED_CURVE ( )  B_SPLINE_CURVE ( 3, ( #893, #6547, #1617, #3668 ),
 .UNSPECIFIED., .F., .T. ) 
 B_SPLINE_CURVE_WITH_KNOTS ( ( 4, 4 ),
 ( 5.501585242055421432, 7.064785372303759914 ),
 .UNSPECIFIED. ) 
 CURVE ( )  GEOMETRIC_REPRESENTATION_ITEM ( )  RATIONAL_B_SPLINE_CURVE ( ( 1.000000000000000000, 0.8065248903853469153, 0.8065248903853469153, 1.000000000000000000 ) ) 
 REPRESENTATION_ITEM ( '' )  );
#3087 = VECTOR ( 'NONE', #3643, 1000.000000000000000 ) ;
#3088 = DIRECTION ( 'NONE',  ( 1.000000000000000000, 0.000000000000000000, 0.000000000000000000 ) ) ;
#3089 = ORIENTED_EDGE ( 'NONE', *, *, #429, .T. ) ;
#3090 = SURFACE_SIDE_STYLE ('',( #2372 ) ) ;
#3091 = SURFACE_STYLE_FILL_AREA ( #6555 ) ;
#3092 = AXIS2_PLACEMENT_3D ( 'NONE', #4798, #1230, #9052 ) ;
#3093 = VECTOR ( 'NONE', #2882, 1000.000000000000000 ) ;
#3094 = DIRECTION ( 'NONE',  ( 0.000000000000000000, -0.9327759058474842657, -0.3604568066639957102 ) ) ;
#3095 = CARTESIAN_POINT ( 'NONE',  ( 2.180000000000001048, -0.6500000000000000222, 3.651850830482212373 ) ) ;
#3096 = ORIENTED_EDGE ( 'NONE', *, *, #1331, .T. ) ;
#3097 = DIRECTION ( 'NONE',  ( -1.000000000000000000, 0.000000000000000000, 0.000000000000000000 ) ) ;
#3098 = SURFACE_SIDE_STYLE ('',( #364 ) ) ;
#3099 = ORIENTED_EDGE ( 'NONE', *, *, #78, .T. ) ;
#3100 = LINE ( 'NONE', #5847, #5872 ) ;
#3101 = EDGE_CURVE ( 'NONE', #5694, #2683, #5447, .T. ) ;
#3102 = VECTOR ( 'NONE', #5059, 1000.000000000000000 ) ;
#3103 = MECHANICAL_DESIGN_GEOMETRIC_PRESENTATION_REPRESENTATION (  '', ( #6889 ), #7167 ) ;
#3104 = CIRCLE ( 'NONE', #6741, 0.1499999999999999667 ) ;
#3105 = ADVANCED_FACE ( 'NONE', ( #3821 ), #6613, .F. ) ;
#3106 = FACE_OUTER_BOUND ( 'NONE', #1076, .T. ) ;
#3107 = FACE_OUTER_BOUND ( 'NONE', #5887, .T. ) ;
#3108 = VECTOR ( 'NONE', #1542, 1000.000000000000000 ) ;
#3109 = LINE ( 'NONE', #5123, #5511 ) ;
#3110 = ORIENTED_EDGE ( 'NONE', *, *, #2613, .F. ) ;
#3111 = ORIENTED_EDGE ( 'NONE', *, *, #4906, .T. ) ;
#3112 = ORIENTED_EDGE ( 'NONE', *, *, #3495, .T. ) ;
#3113 = COLOUR_RGB ( '',0.6470588235294117974, 0.6196078431372549211, 0.5882352941176470784 ) ;
#3114 =( NAMED_UNIT ( * ) SI_UNIT ( $, .STERADIAN. ) SOLID_ANGLE_UNIT ( ) );
#3115 = LINE ( 'NONE', #5921, #2246 ) ;
#3116 = VECTOR ( 'NONE', #2672, 1000.000000000000000 ) ;
#3117 = LINE ( 'NONE', #3712, #3962 ) ;
#3118 = COLOUR_RGB ( '',0.2980392156862745057, 0.2980392156862745057, 0.2980392156862745057 ) ;
#3119 = COLOUR_RGB ( '',0.2980392156862745057, 0.2980392156862745057, 0.2980392156862745057 ) ;
#3120 = SURFACE_STYLE_FILL_AREA ( #5236 ) ;
#3121 = MECHANICAL_DESIGN_GEOMETRIC_PRESENTATION_REPRESENTATION (  '', ( #7938 ), #4744 ) ;
#3122 =( LENGTH_UNIT ( ) NAMED_UNIT ( * ) SI_UNIT ( .MILLI., .METRE. ) );
#3123 = CARTESIAN_POINT ( 'NONE',  ( 3.105000000000000870, -0.1499999999999999944, 3.100000000000000089 ) ) ;
#3124 =( LENGTH_UNIT ( ) NAMED_UNIT ( * ) SI_UNIT ( .MILLI., .METRE. ) );
#3125 =( LENGTH_UNIT ( ) NAMED_UNIT ( * ) SI_UNIT ( .MILLI., .METRE. ) );
#3126 = EDGE_CURVE ( 'NONE', #186, #7909, #3173, .T. ) ;
#3127 = ORIENTED_EDGE ( 'NONE', *, *, #8443, .T. ) ;
#3128 = DIRECTION ( 'NONE',  ( -0.08715574274765836016, 0.9961946980917455452, 3.436161659330867058E-17 ) ) ;
#3129 = DIRECTION ( 'NONE',  ( 1.000000000000000000, -0.000000000000000000, 0.000000000000000000 ) ) ;
#3130 = ORIENTED_EDGE ( 'NONE', *, *, #4840, .T. ) ;
#3131 = ORIENTED_EDGE ( 'NONE', *, *, #3190, .F. ) ;
#3132 = PRODUCT_DEFINITION_CONTEXT ( 'detailed design', #5132, 'design' ) ;
#3133 = EDGE_CURVE ( 'NONE', #4867, #2133, #3422, .T. ) ;
#3134 = VERTEX_POINT ( 'NONE', #1406 ) ;
#3135 = ADVANCED_FACE ( 'NONE', ( #6977 ), #4841, .F. ) ;
#3136 = COLOUR_RGB ( '',0.6470588235294117974, 0.6196078431372549211, 0.5882352941176470784 ) ;
#3137 = PRESENTATION_STYLE_ASSIGNMENT (( #3806 ) ) ;
#3138 = CARTESIAN_POINT ( 'NONE',  ( -2.954999999999999183, -0.1499999999999999944, -2.850380530190824491 ) ) ;
#3139 = EDGE_CURVE ( 'NONE', #6014, #7759, #4371, .T. ) ;
#3140 =( BOUNDED_CURVE ( )  B_SPLINE_CURVE ( 3, ( #8789, #1678, #1729, #8646 ),
 .UNSPECIFIED., .F., .F. ) 
 B_SPLINE_CURVE_WITH_KNOTS ( ( 4, 4 ),
 ( 1.570796326794896558, 3.141592653589793116 ),
 .UNSPECIFIED. ) 
 CURVE ( )  GEOMETRIC_REPRESENTATION_ITEM ( )  RATIONAL_B_SPLINE_CURVE ( ( 1.000000000000000000, 0.8047378541243649375, 0.8047378541243649375, 1.000000000000000000 ) ) 
 REPRESENTATION_ITEM ( '' )  );
#3141 = CARTESIAN_POINT ( 'NONE',  ( -0.8099999999999994982, 1.500000000000000000, 0.6249999999999995559 ) ) ;
#3142 = PLANE ( 'NONE',  #70 ) ;
#3143 = CYLINDRICAL_SURFACE ( 'NONE', #2228, 0.1000000000000000472 ) ;
#3144 = VERTEX_POINT ( 'NONE', #7065 ) ;
#3145 = CARTESIAN_POINT ( 'NONE',  ( -0.3599999999999990985, -0.6500000000000000222, -4.049999999999998046 ) ) ;
#3146 = CARTESIAN_POINT ( 'NONE',  ( -0.3687488663525917976, 1.399999999999999911, 1.991251133647407245 ) ) ;
#3147 = EDGE_LOOP ( 'NONE', ( #3675, #117, #576 ) ) ;
#3148 =( NAMED_UNIT ( * ) SI_UNIT ( $, .STERADIAN. ) SOLID_ANGLE_UNIT ( ) );
#3149 = CYLINDRICAL_SURFACE ( 'NONE', #4806, 0.1499999999999999667 ) ;
#3150 = DIRECTION ( 'NONE',  ( 0.000000000000000000, 0.000000000000000000, -1.000000000000000000 ) ) ;
#3151 = FACE_OUTER_BOUND ( 'NONE', #5829, .T. ) ;
#3152 = CARTESIAN_POINT ( 'NONE',  ( 3.098443739611308700, 0.07493839915327785151, -2.236893917804137377 ) ) ;
#3153 = VECTOR ( 'NONE', #5120, 1000.000000000000000 ) ;
#3154 = CARTESIAN_POINT ( 'NONE',  ( 2.180000000000001048, -0.09593147900040142895, -3.369176195092057569 ) ) ;
#3155 = LINE ( 'NONE', #1597, #6326 ) ;
#3156 = ORIENTED_EDGE ( 'NONE', *, *, #3659, .T. ) ;
#3157 = CIRCLE ( 'NONE', #5061, 0.09999999999999982514 ) ;
#3158 = ORIENTED_EDGE ( 'NONE', *, *, #8072, .F. ) ;
#3159 = ORIENTED_EDGE ( 'NONE', *, *, #2341, .F. ) ;
#3160 = LINE ( 'NONE', #6757, #2696 ) ;
#3161 = AXIS2_PLACEMENT_3D ( 'NONE', #8535, #3097, #1087 ) ;
#3162 = ORIENTED_EDGE ( 'NONE', *, *, #3126, .F. ) ;
#3163 = CYLINDRICAL_SURFACE ( 'NONE', #2726, 0.1000000000000000472 ) ;
#3164 = DIRECTION ( 'NONE',  ( -3.794215962506405244E-16, -4.336808689942015369E-15, 1.000000000000000000 ) ) ;
#3165 = CARTESIAN_POINT ( 'NONE',  ( -1.729999999999998650, 1.458578643762690419, -0.6250000000000005551 ) ) ;
#3166 = AXIS2_PLACEMENT_3D ( 'NONE', #8301, #6155, #6925 ) ;
#3167 = CIRCLE ( 'NONE', #4916, 0.09999999999999982514 ) ;
#3168 = DIRECTION ( 'NONE',  ( 1.000000000000000000, -0.000000000000000000, 0.000000000000000000 ) ) ;
#3169 = PRESENTATION_STYLE_ASSIGNMENT (( #5276 ) ) ;
#3170 = VECTOR ( 'NONE', #5599, 1000.000000000000000 ) ;
#3171 = ADVANCED_FACE ( 'NONE', ( #5024 ), #6464, .F. ) ;
#3172 = COLOUR_RGB ( '',0.6470588235294117974, 0.6196078431372549211, 0.5882352941176470784 ) ;
#3173 = CIRCLE ( 'NONE', #4343, 0.1499999999999999667 ) ;
#3174 = AXIS2_PLACEMENT_3D ( 'NONE', #3217, #1126, #5892 ) ;
#3175 = CARTESIAN_POINT ( 'NONE',  ( -0.3599999999999990985, -0.7999999999999999334, 4.150000000000000355 ) ) ;
#3176 = FILL_AREA_STYLE_COLOUR ( '', #2602 ) ;
#3177 = ORIENTED_EDGE ( 'NONE', *, *, #5093, .T. ) ;
#3178 = DIRECTION ( 'NONE',  ( -1.000000000000000000, -0.000000000000000000, 3.942553354492739094E-16 ) ) ;
#3179 = DIRECTION ( 'NONE',  ( -3.942553354492739094E-16, 0.000000000000000000, -1.000000000000000000 ) ) ;
#3180 = AXIS2_PLACEMENT_3D ( 'NONE', #5079, #4949, #7765 ) ;
#3181 = DIRECTION ( 'NONE',  ( 0.000000000000000000, 0.000000000000000000, 1.000000000000000000 ) ) ;
#3182 = ORIENTED_EDGE ( 'NONE', *, *, #2227, .T. ) ;
#3183 = CARTESIAN_POINT ( 'NONE',  ( -0.8099999999999994982, 1.399999999999999911, 0.6249999999999995559 ) ) ;
#3184 = CARTESIAN_POINT ( 'NONE',  ( -0.3599999999999990985, -0.1499999999999999944, 3.100000000000000089 ) ) ;
#3185 = FACE_OUTER_BOUND ( 'NONE', #5583, .T. ) ;
#3186 = ORIENTED_EDGE ( 'NONE', *, *, #5688, .F. ) ;
#3187 = ORIENTED_EDGE ( 'NONE', *, *, #133, .F. ) ;
#3188 =( LENGTH_UNIT ( ) NAMED_UNIT ( * ) SI_UNIT ( .MILLI., .METRE. ) );
#3189 = LINE ( 'NONE', #8082, #388 ) ;
#3190 = EDGE_CURVE ( 'NONE', #1930, #7608, #7046, .T. ) ;
#3191 = CARTESIAN_POINT ( 'NONE',  ( 3.105000000000000870, -0.1499999999999999944, 3.100000000000000089 ) ) ;
#3192 = DIRECTION ( 'NONE',  ( -0.000000000000000000, -0.000000000000000000, -1.000000000000000000 ) ) ;
#3193 = CARTESIAN_POINT ( 'NONE',  ( 0.4599999999999999090, 1.100000000000000089, 0.6249999999999995559 ) ) ;
#3194 = CARTESIAN_POINT ( 'NONE',  ( 0.9100000000000010303, -0.2500000000000000000, 3.160696375133204672 ) ) ;
#3195 = VERTEX_POINT ( 'NONE', #3011 ) ;
#3196 = ORIENTED_EDGE ( 'NONE', *, *, #3078, .T. ) ;
#3197 = ORIENTED_EDGE ( 'NONE', *, *, #350, .T. ) ;
#3198 = PRESENTATION_STYLE_ASSIGNMENT (( #7453 ) ) ;
#3199 = UNCERTAINTY_MEASURE_WITH_UNIT (LENGTH_MEASURE( 1.000000000000000082E-05 ), #3808, 'distance_accuracy_value', 'NONE');
#3200 = DIRECTION ( 'NONE',  ( 0.000000000000000000, 0.000000000000000000, 1.000000000000000000 ) ) ;
#3201 = DIRECTION ( 'NONE',  ( 0.000000000000000000, 0.000000000000000000, -1.000000000000000000 ) ) ;
#3202 = AXIS2_PLACEMENT_3D ( 'NONE', #8140, #7449, #5369 ) ;
#3203 = PRESENTATION_STYLE_ASSIGNMENT (( #4591 ) ) ;
#3204 = EDGE_CURVE ( 'NONE', #3826, #4456, #4465, .T. ) ;
#3205 = EDGE_CURVE ( 'NONE', #3729, #2894, #4976, .T. ) ;
#3206 = PLANE ( 'NONE',  #4783 ) ;
#3207 = UNCERTAINTY_MEASURE_WITH_UNIT (LENGTH_MEASURE( 1.000000000000000082E-05 ), #3124, 'distance_accuracy_value', 'NONE');
#3208 = VERTEX_POINT ( 'NONE', #7891 ) ;
#3209 =( GEOMETRIC_REPRESENTATION_CONTEXT ( 3 ) GLOBAL_UNCERTAINTY_ASSIGNED_CONTEXT ( ( #2067 ) ) GLOBAL_UNIT_ASSIGNED_CONTEXT ( ( #8917, #1990, #8974 ) ) REPRESENTATION_CONTEXT ( 'NONE', 'WORKASPACE' ) );
#3210 = DIRECTION ( 'NONE',  ( -0.000000000000000000, 1.000000000000000000, 0.000000000000000000 ) ) ;
#3211 = EDGE_CURVE ( 'NONE', #8093, #3911, #6512, .T. ) ;
#3212 = VERTEX_POINT ( 'NONE', #8444 ) ;
#3213 = LINE ( 'NONE', #521, #1926 ) ;
#3214 = EDGE_LOOP ( 'NONE', ( #7583, #8101, #3317, #7192 ) ) ;
#3215 = ORIENTED_EDGE ( 'NONE', *, *, #8518, .T. ) ;
#3216 = COLOUR_RGB ( '',0.6470588235294117974, 0.6196078431372549211, 0.5882352941176470784 ) ;
#3217 = CARTESIAN_POINT ( 'NONE',  ( -0.3599999999999990985, -0.6500000000000000222, 4.150000000000000355 ) ) ;
#3218 = DIRECTION ( 'NONE',  ( 0.000000000000000000, 0.9961946980917455452, -0.08715574274765836016 ) ) ;
#3219 = DIRECTION ( 'NONE',  ( 0.9961946980917455452, 0.08715574274765837404, 0.000000000000000000 ) ) ;
#3220 = CARTESIAN_POINT ( 'NONE',  ( -3.104999999999999094, 0.000000000000000000, -3.100000000000000089 ) ) ;
#3221 = FILL_AREA_STYLE_COLOUR ( '', #7941 ) ;
#3222 = LINE ( 'NONE', #2562, #6563 ) ;
#3223 = EDGE_CURVE ( 'NONE', #8243, #5019, #7244, .T. ) ;
#3224 = FILL_AREA_STYLE_COLOUR ( '', #2410 ) ;
#3225 = DIRECTION ( 'NONE',  ( 1.000000000000000000, 0.000000000000000000, -0.000000000000000000 ) ) ;
#3226 = ORIENTED_EDGE ( 'NONE', *, *, #926, .F. ) ;
#3227 = VECTOR ( 'NONE', #8176, 1000.000000000000000 ) ;
#3228 =( LENGTH_UNIT ( ) NAMED_UNIT ( * ) SI_UNIT ( .MILLI., .METRE. ) );
#3229 = ORIENTED_EDGE ( 'NONE', *, *, #8024, .T. ) ;
#3230 = SURFACE_STYLE_FILL_AREA ( #1834 ) ;
#3231 = DIRECTION ( 'NONE',  ( 0.000000000000000000, -1.000000000000000000, 0.000000000000000000 ) ) ;
#3232 = PRESENTATION_LAYER_ASSIGNMENT (  '', '', ( #2944 ) ) ;
#3233 = SURFACE_STYLE_FILL_AREA ( #3061 ) ;
#3234 = CARTESIAN_POINT ( 'NONE',  ( 2.913827693562531795, -0.1499999999999999944, -2.949999999999999734 ) ) ;
#3235 = SURFACE_SIDE_STYLE ('',( #6078 ) ) ;
#3236 = DIRECTION ( 'NONE',  ( 0.000000000000000000, 0.9327759058474844878, 0.3604568066639949886 ) ) ;
#3237 = VERTEX_POINT ( 'NONE', #5155 ) ;
#3238 = PLANE ( 'NONE',  #6234 ) ;
#3239 =( LENGTH_UNIT ( ) NAMED_UNIT ( * ) SI_UNIT ( .MILLI., .METRE. ) );
#3240 = CARTESIAN_POINT ( 'NONE',  ( 0.3599999999999992095, 1.399999999999999911, -1.991251133647408134 ) ) ;
#3241 = ORIENTED_EDGE ( 'NONE', *, *, #4496, .T. ) ;
#3242 = FILL_AREA_STYLE ('',( #6698 ) ) ;
#3243 = ADVANCED_FACE ( 'NONE', ( #7936 ), #1002, .F. ) ;
#3244 = VECTOR ( 'NONE', #7232, 1000.000000000000000 ) ;
#3245 = MECHANICAL_DESIGN_GEOMETRIC_PRESENTATION_REPRESENTATION (  '', ( #5446 ), #2528 ) ;
#3246 = ORIENTED_EDGE ( 'NONE', *, *, #5191, .T. ) ;
#3247 = EDGE_LOOP ( 'NONE', ( #8453, #303, #587, #2021 ) ) ;
#3248 = EDGE_CURVE ( 'NONE', #5755, #7958, #5250, .T. ) ;
#3249 = COLOUR_RGB ( '',0.2980392156862745057, 0.2980392156862745057, 0.2980392156862745057 ) ;
#3250 = MECHANICAL_DESIGN_GEOMETRIC_PRESENTATION_REPRESENTATION (  '', ( #4412 ), #1656 ) ;
#3251 = PRESENTATION_LAYER_ASSIGNMENT (  '', '', ( #5601 ) ) ;
#3252 = ADVANCED_FACE ( 'NONE', ( #4509 ), #1738, .F. ) ;
#3253 = DIRECTION ( 'NONE',  ( -1.000000000000000000, -0.000000000000000000, -0.000000000000000000 ) ) ;
#3254 = VECTOR ( 'NONE', #7379, 1000.000000000000000 ) ;
#3255 = MECHANICAL_DESIGN_GEOMETRIC_PRESENTATION_REPRESENTATION (  '', ( #208 ), #479 ) ;
#3256 = AXIS2_PLACEMENT_3D ( 'NONE', #6995, #55, #8413 ) ;
#3257 = EDGE_LOOP ( 'NONE', ( #6458, #5087, #6026, #5986 ) ) ;
#3258 = CARTESIAN_POINT ( 'NONE',  ( 0.3600000000000009859, -0.09593147900040142895, 3.369176195092057569 ) ) ;
#3259 = ORIENTED_EDGE ( 'NONE', *, *, #3654, .T. ) ;
#3260 = ORIENTED_EDGE ( 'NONE', *, *, #702, .F. ) ;
#3261 = CIRCLE ( 'NONE', #1672, 0.1499999999999999667 ) ;
#3262 = DIRECTION ( 'NONE',  ( -0.000000000000000000, -0.000000000000000000, 1.000000000000000000 ) ) ;
#3263 =( NAMED_UNIT ( * ) PLANE_ANGLE_UNIT ( ) SI_UNIT ( $, .RADIAN. ) );
#3264 = VECTOR ( 'NONE', #2012, 1000.000000000000000 ) ;
#3265 = PRESENTATION_LAYER_ASSIGNMENT (  '', '', ( #4737 ) ) ;
#3266 = DIRECTION ( 'NONE',  ( 0.000000000000000000, 1.000000000000000000, 0.000000000000000000 ) ) ;
#3267 = ADVANCED_FACE ( 'NONE', ( #8755 ), #8805, .F. ) ;
#3268 = VERTEX_POINT ( 'NONE', #1127 ) ;
#3269 = CARTESIAN_POINT ( 'NONE',  ( 2.079999999999999183, 1.500000000000000000, -0.6250000000000004441 ) ) ;
#3270 = EDGE_CURVE ( 'NONE', #5544, #3767, #529, .T. ) ;
#3271 = AXIS2_PLACEMENT_3D ( 'NONE', #5252, #8025, #1827 ) ;
#3272 = ORIENTED_EDGE ( 'NONE', *, *, #7813, .T. ) ;
#3273 = EDGE_CURVE ( 'NONE', #8842, #7033, #1033, .T. ) ;
#3274 = DIRECTION ( 'NONE',  ( -0.000000000000000000, -0.000000000000000000, -1.000000000000000000 ) ) ;
#3275 = CARTESIAN_POINT ( 'NONE',  ( 1.629999999999998561, 1.500000000000000000, -2.000000000000000444 ) ) ;
#3276 = DIRECTION ( 'NONE',  ( -1.000000000000000000, 0.000000000000000000, -0.000000000000000000 ) ) ;
#3277 = VECTOR ( 'NONE', #8598, 1000.000000000000000 ) ;
#3278 = CARTESIAN_POINT ( 'NONE',  ( 0.3687488663525916310, 1.399999999999999911, -1.991251133647408134 ) ) ;
#3279 = VERTEX_POINT ( 'NONE', #3890 ) ;
#3280 =( NAMED_UNIT ( * ) PLANE_ANGLE_UNIT ( ) SI_UNIT ( $, .RADIAN. ) );
#3281 = ORIENTED_EDGE ( 'NONE', *, *, #2763, .T. ) ;
#3282 = CARTESIAN_POINT ( 'NONE',  ( 0.000000000000000000, 1.399999999999999911, 0.000000000000000000 ) ) ;
#3283 =( NAMED_UNIT ( * ) PLANE_ANGLE_UNIT ( ) SI_UNIT ( $, .RADIAN. ) );
#3284 = AXIS2_PLACEMENT_3D ( 'NONE', #286, #5231, #8589 ) ;
#3285 = ORIENTED_EDGE ( 'NONE', *, *, #429, .F. ) ;
#3286 = DIRECTION ( 'NONE',  ( -0.000000000000000000, 0.9327759058474841547, 0.3604568066639957102 ) ) ;
#3287 = PLANE ( 'NONE',  #1217 ) ;
#3288 = CARTESIAN_POINT ( 'NONE',  ( 0.3600000000000009304, -0.1499999999999999944, -3.100000000000000089 ) ) ;
#3289 = DIRECTION ( 'NONE',  ( 0.000000000000000000, 0.000000000000000000, 1.000000000000000000 ) ) ;
#3290 = DIRECTION ( 'NONE',  ( 0.000000000000000000, 1.000000000000000000, 0.000000000000000000 ) ) ;
#3291 = EDGE_LOOP ( 'NONE', ( #7620, #2992, #944, #6047, #8002, #1872 ) ) ;
#3292 = LINE ( 'NONE', #4676, #8637 ) ;
#3293 = MECHANICAL_DESIGN_GEOMETRIC_PRESENTATION_REPRESENTATION (  '', ( #4761 ), #4615 ) ;
#3294 = CARTESIAN_POINT ( 'NONE',  ( 0.9100000000000010303, 0.000000000000000000, -3.229259809214934052 ) ) ;
#3295 = LINE ( 'NONE', #8825, #8321 ) ;
#3296 = ORIENTED_EDGE ( 'NONE', *, *, #677, .T. ) ;
#3297 = CARTESIAN_POINT ( 'NONE',  ( 0.000000000000000000, -0.5500000000000001554, -2.814622550835295556 ) ) ;
#3298 = ORIENTED_EDGE ( 'NONE', *, *, #651, .F. ) ;
#3299 = MECHANICAL_DESIGN_GEOMETRIC_PRESENTATION_REPRESENTATION (  '', ( #2294 ), #2438 ) ;
#3300 = EDGE_CURVE ( 'NONE', #4350, #5731, #5347, .T. ) ;
#3301 = ADVANCED_FACE ( 'NONE', ( #2511 ), #2606, .F. ) ;
#3302 = PRESENTATION_STYLE_ASSIGNMENT (( #3966 ) ) ;
#3303 = DIRECTION ( 'NONE',  ( 0.08682659386424762538, -0.9924325091389671893, 0.08682659386424763925 ) ) ;
#3304 = AXIS2_PLACEMENT_3D ( 'NONE', #7905, #8971, #8135 ) ;
#3305 = EDGE_CURVE ( 'NONE', #7819, #6607, #5893, .T. ) ;
#3306 = ORIENTED_EDGE ( 'NONE', *, *, #5646, .T. ) ;
#3307 = LINE ( 'NONE', #6096, #878 ) ;
#3308 = EDGE_CURVE ( 'NONE', #1717, #7234, #6728, .T. ) ;
#3309 = ORIENTED_EDGE ( 'NONE', *, *, #8916, .F. ) ;
#3310 = DIRECTION ( 'NONE',  ( 0.000000000000000000, 1.000000000000000000, -0.000000000000000000 ) ) ;
#3311 = ADVANCED_FACE ( 'NONE', ( #2421 ), #4834, .T. ) ;
#3312 = UNCERTAINTY_MEASURE_WITH_UNIT (LENGTH_MEASURE( 1.000000000000000082E-05 ), #1281, 'distance_accuracy_value', 'NONE');
#3313 = PRESENTATION_LAYER_ASSIGNMENT (  '', '', ( #7978 ) ) ;
#3314 = ORIENTED_EDGE ( 'NONE', *, *, #739, .F. ) ;
#3315 = LINE ( 'NONE', #4021, #4836 ) ;
#3316 = CARTESIAN_POINT ( 'NONE',  ( -0.5599999999999994982, 1.500000000000000000, 0.5249999999999995781 ) ) ;
#3317 = ORIENTED_EDGE ( 'NONE', *, *, #4215, .T. ) ;
#3318 =( NAMED_UNIT ( * ) PLANE_ANGLE_UNIT ( ) SI_UNIT ( $, .RADIAN. ) );
#3319 = STYLED_ITEM ( 'NONE', ( #54 ), #1205 ) ;
#3320 = PRESENTATION_LAYER_ASSIGNMENT (  '', '', ( #2164 ) ) ;
#3321 = ORIENTED_EDGE ( 'NONE', *, *, #6216, .F. ) ;
#3322 = LINE ( 'NONE', #7374, #4792 ) ;
#3323 = VECTOR ( 'NONE', #5477, 1000.000000000000114 ) ;
#3324 = ORIENTED_EDGE ( 'NONE', *, *, #7093, .F. ) ;
#3325 = SURFACE_STYLE_USAGE ( .BOTH. , #1225 ) ;
#3326 = CARTESIAN_POINT ( 'NONE',  ( -0.4599999999999994649, 1.399999999999999911, 0.6249999999999995559 ) ) ;
#3327 = DIRECTION ( 'NONE',  ( -0.08682659386424773640, -0.9924325091389669673, -0.08682659386424777803 ) ) ;
#3328 = COLOUR_RGB ( '',0.6470588235294117974, 0.6196078431372549211, 0.5882352941176470784 ) ;
#3329 =( NAMED_UNIT ( * ) SI_UNIT ( $, .STERADIAN. ) SOLID_ANGLE_UNIT ( ) );
#3330 =( NAMED_UNIT ( * ) PLANE_ANGLE_UNIT ( ) SI_UNIT ( $, .RADIAN. ) );
#3331 = EDGE_LOOP ( 'NONE', ( #8811, #2179, #363, #77, #7810, #30 ) ) ;
#3332 = DIRECTION ( 'NONE',  ( -0.000000000000000000, -0.000000000000000000, -1.000000000000000000 ) ) ;
#3333 = ORIENTED_EDGE ( 'NONE', *, *, #7912, .F. ) ;
#3334 =( NAMED_UNIT ( * ) PLANE_ANGLE_UNIT ( ) SI_UNIT ( $, .RADIAN. ) );
#3335 = FILL_AREA_STYLE ('',( #8723 ) ) ;
#3336 = DIRECTION ( 'NONE',  ( 1.000000000000000000, 0.000000000000000000, 0.000000000000000000 ) ) ;
#3337 = SURFACE_SIDE_STYLE ('',( #4842 ) ) ;
#3338 = FILL_AREA_STYLE ('',( #4143 ) ) ;
#3339 = SURFACE_STYLE_USAGE ( .BOTH. , #1936 ) ;
#3340 = ORIENTED_EDGE ( 'NONE', *, *, #8693, .F. ) ;
#3341 = CARTESIAN_POINT ( 'NONE',  ( -2.819622550835295005, -0.5500000000000001554, -2.814622550835295556 ) ) ;
#3342 = UNCERTAINTY_MEASURE_WITH_UNIT (LENGTH_MEASURE( 1.000000000000000082E-05 ), #3583, 'distance_accuracy_value', 'NONE');
#3343 = SURFACE_STYLE_FILL_AREA ( #7397 ) ;
#3344 = EDGE_CURVE ( 'NONE', #7927, #3584, #6063, .T. ) ;
#3345 = ORIENTED_EDGE ( 'NONE', *, *, #5016, .F. ) ;
#3346 = ORIENTED_EDGE ( 'NONE', *, *, #1256, .T. ) ;
#3347 = CARTESIAN_POINT ( 'NONE',  ( -1.629999999999998561, -0.7999999999999999334, -3.583287396400482105 ) ) ;
#3348 =( LENGTH_UNIT ( ) NAMED_UNIT ( * ) SI_UNIT ( .MILLI., .METRE. ) );
#3349 = FILL_AREA_STYLE ('',( #559 ) ) ;
#3350 =( NAMED_UNIT ( * ) PLANE_ANGLE_UNIT ( ) SI_UNIT ( $, .RADIAN. ) );
#3351 = FILL_AREA_STYLE_COLOUR ( '', #2690 ) ;
#3352 = ORIENTED_EDGE ( 'NONE', *, *, #933, .T. ) ;
#3353 = FACE_OUTER_BOUND ( 'NONE', #899, .T. ) ;
#3354 = CARTESIAN_POINT ( 'NONE',  ( -0.9099999999999991429, -0.09593147900040135956, -3.369176195092057569 ) ) ;
#3355 = ORIENTED_EDGE ( 'NONE', *, *, #8581, .T. ) ;
#3356 = PRESENTATION_STYLE_ASSIGNMENT (( #6142 ) ) ;
#3357 = VERTEX_POINT ( 'NONE', #22 ) ;
#3358 = CARTESIAN_POINT ( 'NONE',  ( 2.180000000000001048, -0.5499999999999999334, 3.651850830482211929 ) ) ;
#3359 = CARTESIAN_POINT ( 'NONE',  ( 1.630000000000001226, -0.1499999999999999944, -3.100000000000000089 ) ) ;
#3360 = FACE_OUTER_BOUND ( 'NONE', #4167, .T. ) ;
#3361 = ORIENTED_EDGE ( 'NONE', *, *, #4888, .T. ) ;
#3362 = CARTESIAN_POINT ( 'NONE',  ( 3.105000000000000870, -0.1499999999999999944, 3.100000000000000089 ) ) ;
#3363 = EDGE_CURVE ( 'NONE', #1579, #3050, #2817, .T. ) ;
#3364 = ORIENTED_EDGE ( 'NONE', *, *, #3762, .F. ) ;
#3365 = VECTOR ( 'NONE', #6370, 1000.000000000000000 ) ;
#3366 =( NAMED_UNIT ( * ) SI_UNIT ( $, .STERADIAN. ) SOLID_ANGLE_UNIT ( ) );
#3367 = DIRECTION ( 'NONE',  ( 1.000000000000000000, -0.000000000000000000, -0.000000000000000000 ) ) ;
#3368 = FILL_AREA_STYLE_COLOUR ( '', #5443 ) ;
#3369 = EDGE_LOOP ( 'NONE', ( #4016, #1560, #4725, #624 ) ) ;
#3370 = LINE ( 'NONE', #2701, #14 ) ;
#3371 = VECTOR ( 'NONE', #2006, 1000.000000000000227 ) ;
#3372 = ORIENTED_EDGE ( 'NONE', *, *, #3689, .F. ) ;
#3373 = CARTESIAN_POINT ( 'NONE',  ( -1.729999999999998872, 1.100000000000000089, -0.6250000000000004441 ) ) ;
#3374 =( GEOMETRIC_REPRESENTATION_CONTEXT ( 3 ) GLOBAL_UNCERTAINTY_ASSIGNED_CONTEXT ( ( #6985 ) ) GLOBAL_UNIT_ASSIGNED_CONTEXT ( ( #2381, #3776, #1640 ) ) REPRESENTATION_CONTEXT ( 'NONE', 'WORKASPACE' ) );
#3375 = VERTEX_POINT ( 'NONE', #8006 ) ;
#3376 = DIRECTION ( 'NONE',  ( 0.000000000000000000, 0.08715574274765836016, -0.9961946980917455452 ) ) ;
#3377 = PLANE ( 'NONE',  #6715 ) ;
#3378 = AXIS2_PLACEMENT_3D ( 'NONE', #6133, #3478, #7556 ) ;
#3379 = CARTESIAN_POINT ( 'NONE',  ( -3.104999999999999094, -0.1499999999999999944, -3.100000000000000089 ) ) ;
#3380 = CARTESIAN_POINT ( 'NONE',  ( 2.038578643762690046, 1.500000000000000000, -0.5835786437626909740 ) ) ;
#3381 = ORIENTED_EDGE ( 'NONE', *, *, #8356, .T. ) ;
#3382 = CARTESIAN_POINT ( 'NONE',  ( 0.4359254152411049521, -0.6500000000000000222, 4.125925415241104233 ) ) ;
#3383 = EDGE_CURVE ( 'NONE', #8719, #8568, #976, .T. ) ;
#3384 = ORIENTED_EDGE ( 'NONE', *, *, #1405, .T. ) ;
#3385 = EDGE_CURVE ( 'NONE', #5957, #1259, #8506, .T. ) ;
#3386 =( GEOMETRIC_REPRESENTATION_CONTEXT ( 3 ) GLOBAL_UNCERTAINTY_ASSIGNED_CONTEXT ( ( #5888 ) ) GLOBAL_UNIT_ASSIGNED_CONTEXT ( ( #2879, #3682, #5672 ) ) REPRESENTATION_CONTEXT ( 'NONE', 'WORKASPACE' ) );
#3387 = ORIENTED_EDGE ( 'NONE', *, *, #3654, .F. ) ;
#3388 = CARTESIAN_POINT ( 'NONE',  ( -2.079999999999997851, -0.7999999999999999334, -4.150000000000000355 ) ) ;
#3389 = DIRECTION ( 'NONE',  ( 0.000000000000000000, -1.000000000000000000, 0.000000000000000000 ) ) ;
#3390 = SURFACE_STYLE_FILL_AREA ( #3349 ) ;
#3391 = EDGE_CURVE ( 'NONE', #6144, #3426, #8365, .T. ) ;
#3392 = FACE_OUTER_BOUND ( 'NONE', #494, .T. ) ;
#3393 = COLOUR_RGB ( '',0.6470588235294117974, 0.6196078431372549211, 0.5882352941176470784 ) ;
#3394 = PRESENTATION_STYLE_ASSIGNMENT (( #1201 ) ) ;
#3395 = STYLED_ITEM ( 'NONE', ( #538 ), #6875 ) ;
#3396 = FACE_OUTER_BOUND ( 'NONE', #8824, .T. ) ;
#3397 = VERTEX_POINT ( 'NONE', #1489 ) ;
#3398 = VECTOR ( 'NONE', #3549, 1000.000000000000000 ) ;
#3399 = COLOUR_RGB ( '',0.6470588235294117974, 0.6196078431372549211, 0.5882352941176470784 ) ;
#3400 = ORIENTED_EDGE ( 'NONE', *, *, #8421, .T. ) ;
#3401 = VERTEX_POINT ( 'NONE', #8689 ) ;
#3402 = FILL_AREA_STYLE_COLOUR ( '', #2355 ) ;
#3403 = DIRECTION ( 'NONE',  ( -1.000000000000000000, -0.000000000000000000, -0.000000000000000000 ) ) ;
#3404 = DIRECTION ( 'NONE',  ( -1.000000000000000000, 0.000000000000000000, 0.000000000000000000 ) ) ;
#3405 = VECTOR ( 'NONE', #884, 1000.000000000000000 ) ;
#3406 = ORIENTED_EDGE ( 'NONE', *, *, #6672, .T. ) ;
#3407 = STYLED_ITEM ( 'NONE', ( #6894 ), #7400 ) ;
#3408 = ORIENTED_EDGE ( 'NONE', *, *, #8773, .F. ) ;
#3409 = PRESENTATION_LAYER_ASSIGNMENT (  '', '', ( #3685 ) ) ;
#3410 = FILL_AREA_STYLE_COLOUR ( '', #6927 ) ;
#3411 = EDGE_CURVE ( 'NONE', #7720, #8799, #6577, .T. ) ;
#3412 = CARTESIAN_POINT ( 'NONE',  ( -2.179999999999998828, -0.1499999999999999944, -3.100000000000000089 ) ) ;
#3413 = ORIENTED_EDGE ( 'NONE', *, *, #1947, .F. ) ;
#3414 = VECTOR ( 'NONE', #8060, 1000.000000000000000 ) ;
#3415 = COLOUR_RGB ( '',0.2980392156862745057, 0.2980392156862745057, 0.2980392156862745057 ) ;
#3416 = ORIENTED_EDGE ( 'NONE', *, *, #188, .F. ) ;
#3417 = CARTESIAN_POINT ( 'NONE',  ( -0.5599999999999994982, 1.500000000000000000, -0.5250000000000004663 ) ) ;
#3418 = EDGE_CURVE ( 'NONE', #5649, #6902, #3751, .T. ) ;
#3419 = SURFACE_SIDE_STYLE ('',( #631 ) ) ;
#3420 = EDGE_CURVE ( 'NONE', #3013, #2056, #8434, .T. ) ;
#3421 = AXIS2_PLACEMENT_3D ( 'NONE', #2185, #6209, #4085 ) ;
#3422 = LINE ( 'NONE', #6298, #1563 ) ;
#3423 =( NAMED_UNIT ( * ) PLANE_ANGLE_UNIT ( ) SI_UNIT ( $, .RADIAN. ) );
#3424 = SPHERICAL_SURFACE ( 'NONE', #2272, 0.1000000000000000056 ) ;
#3425 = FACE_OUTER_BOUND ( 'NONE', #8970, .T. ) ;
#3426 = VERTEX_POINT ( 'NONE', #1756 ) ;
#3427 = LINE ( 'NONE', #1325, #6081 ) ;
#3428 = UNCERTAINTY_MEASURE_WITH_UNIT (LENGTH_MEASURE( 1.000000000000000082E-05 ), #6261, 'distance_accuracy_value', 'NONE');
#3429 = FACE_OUTER_BOUND ( 'NONE', #1500, .T. ) ;
#3430 = ORIENTED_EDGE ( 'NONE', *, *, #1573, .T. ) ;
#3431 = VECTOR ( 'NONE', #8382, 1000.000000000000000 ) ;
#3432 = EDGE_LOOP ( 'NONE', ( #1847, #1193, #4469 ) ) ;
#3433 = VERTEX_POINT ( 'NONE', #806 ) ;
#3434 = DIRECTION ( 'NONE',  ( 0.000000000000000000, 0.000000000000000000, -1.000000000000000000 ) ) ;
#3435 = DIRECTION ( 'NONE',  ( -2.168404344971008868E-16, 0.000000000000000000, -1.000000000000000000 ) ) ;
#3436 = DIRECTION ( 'NONE',  ( 0.000000000000000000, 0.000000000000000000, -1.000000000000000000 ) ) ;
#3437 =( GEOMETRIC_REPRESENTATION_CONTEXT ( 3 ) GLOBAL_UNCERTAINTY_ASSIGNED_CONTEXT ( ( #2902 ) ) GLOBAL_UNIT_ASSIGNED_CONTEXT ( ( #797, #751, #4266 ) ) REPRESENTATION_CONTEXT ( 'NONE', 'WORKASPACE' ) );
#3438 = AXIS2_PLACEMENT_3D ( 'NONE', #3604, #2830, #8349 ) ;
#3439 =( BOUNDED_CURVE ( )  B_SPLINE_CURVE ( 3, ( #3653, #964, #3740, #7953 ),
 .UNSPECIFIED., .F., .F. ) 
 B_SPLINE_CURVE_WITH_KNOTS ( ( 4, 4 ),
 ( 1.570796326794896558, 3.141592653589793116 ),
 .UNSPECIFIED. ) 
 CURVE ( )  GEOMETRIC_REPRESENTATION_ITEM ( )  RATIONAL_B_SPLINE_CURVE ( ( 1.000000000000000000, 0.8047378541243649375, 0.8047378541243649375, 1.000000000000000000 ) ) 
 REPRESENTATION_ITEM ( '' )  );
#3440 = ORIENTED_EDGE ( 'NONE', *, *, #8653, .T. ) ;
#3441 = UNCERTAINTY_MEASURE_WITH_UNIT (LENGTH_MEASURE( 1.000000000000000082E-05 ), #41, 'distance_accuracy_value', 'NONE');
#3442 = VECTOR ( 'NONE', #2078, 1000.000000000000000 ) ;
#3443 = DIRECTION ( 'NONE',  ( 0.000000000000000000, 0.000000000000000000, -1.000000000000000000 ) ) ;
#3444 = CARTESIAN_POINT ( 'NONE',  ( 0.9100000000000010303, -0.09593147900040142895, 3.369176195092057569 ) ) ;
#3445 = AXIS2_PLACEMENT_3D ( 'NONE', #3741, #4435, #7258 ) ;
#3446 = SURFACE_STYLE_USAGE ( .BOTH. , #8848 ) ;
#3447 =( LENGTH_UNIT ( ) NAMED_UNIT ( * ) SI_UNIT ( .MILLI., .METRE. ) );
#3448 = ORIENTED_EDGE ( 'NONE', *, *, #4, .T. ) ;
#3449 = SURFACE_STYLE_FILL_AREA ( #4175 ) ;
#3450 = SURFACE_SIDE_STYLE ('',( #7527 ) ) ;
#3451 = EDGE_CURVE ( 'NONE', #4335, #3013, #5965, .T. ) ;
#3452 = ORIENTED_EDGE ( 'NONE', *, *, #880, .T. ) ;
#3453 = MECHANICAL_DESIGN_GEOMETRIC_PRESENTATION_REPRESENTATION (  '', ( #826 ), #7116 ) ;
#3454 = MECHANICAL_DESIGN_GEOMETRIC_PRESENTATION_REPRESENTATION (  '', ( #5370 ), #5514 ) ;
#3455 = STYLED_ITEM ( 'NONE', ( #183 ), #5077 ) ;
#3456 = SURFACE_STYLE_FILL_AREA ( #3984 ) ;
#3457 = DIRECTION ( 'NONE',  ( -0.08682659386424780579, 0.9924325091389669673, -0.08682659386424779191 ) ) ;
#3458 = CARTESIAN_POINT ( 'NONE',  ( 0.3599999999999993761, 1.500000000000000000, -1.262607324199603642 ) ) ;
#3459 =( NAMED_UNIT ( * ) PLANE_ANGLE_UNIT ( ) SI_UNIT ( $, .RADIAN. ) );
#3460 = VECTOR ( 'NONE', #3990, 1000.000000000000000 ) ;
#3461 = ORIENTED_EDGE ( 'NONE', *, *, #8240, .F. ) ;
#3462 = VECTOR ( 'NONE', #2846, 1000.000000000000000 ) ;
#3463 = EDGE_LOOP ( 'NONE', ( #7389, #3408, #5979, #4311 ) ) ;
#3464 = AXIS2_PLACEMENT_3D ( 'NONE', #4620, #6077, #7391 ) ;
#3465 = DIRECTION ( 'NONE',  ( 0.000000000000000000, 0.000000000000000000, 1.000000000000000000 ) ) ;
#3466 =( LENGTH_UNIT ( ) NAMED_UNIT ( * ) SI_UNIT ( .MILLI., .METRE. ) );
#3467 = LINE ( 'NONE', #2157, #1965 ) ;
#3468 = ORIENTED_EDGE ( 'NONE', *, *, #7503, .T. ) ;
#3469 = LINE ( 'NONE', #2917, #3087 ) ;
#3470 = DIRECTION ( 'NONE',  ( 1.000000000000000000, 0.000000000000000000, -3.942553354492739094E-16 ) ) ;
#3471 = LINE ( 'NONE', #4298, #4539 ) ;
#3472 = ORIENTED_EDGE ( 'NONE', *, *, #8356, .F. ) ;
#3473 = DIRECTION ( 'NONE',  ( -1.000000000000000000, -0.000000000000000000, -0.000000000000000000 ) ) ;
#3474 = ORIENTED_EDGE ( 'NONE', *, *, #1895, .F. ) ;
#3475 = EDGE_CURVE ( 'NONE', #1413, #6243, #5307, .T. ) ;
#3476 = ORIENTED_EDGE ( 'NONE', *, *, #3634, .F. ) ;
#3477 = CARTESIAN_POINT ( 'NONE',  ( -0.7099999999999990763, 1.500000000000000000, -0.5250000000000004663 ) ) ;
#3478 = DIRECTION ( 'NONE',  ( 0.000000000000000000, -0.08715574274765836016, -0.9961946980917455452 ) ) ;
#3479 =( LENGTH_UNIT ( ) NAMED_UNIT ( * ) SI_UNIT ( .MILLI., .METRE. ) );
#3480 = CARTESIAN_POINT ( 'NONE',  ( 1.829999999999999849, 1.500000000000000000, -0.5250000000000004663 ) ) ;
#3481 = CARTESIAN_POINT ( 'NONE',  ( 1.729999999999999760, 1.100000000000000089, -0.6250000000000004441 ) ) ;
#3482 = ORIENTED_EDGE ( 'NONE', *, *, #6044, .T. ) ;
#3483 = PRESENTATION_STYLE_ASSIGNMENT (( #703 ) ) ;
#3484 = CARTESIAN_POINT ( 'NONE',  ( 2.180000000000001048, -0.09593147900040135956, -3.369176195092057569 ) ) ;
#3485 = ORIENTED_EDGE ( 'NONE', *, *, #1626, .F. ) ;
#3486 = PLANE ( 'NONE',  #7777 ) ;
#3487 = DIRECTION ( 'NONE',  ( 2.168404344971008868E-16, 0.000000000000000000, 1.000000000000000000 ) ) ;
#3488 = SURFACE_STYLE_USAGE ( .BOTH. , #660 ) ;
#3489 = DIRECTION ( 'NONE',  ( -0.000000000000000000, 0.3604568066639957102, 0.9327759058474842657 ) ) ;
#3490 = ORIENTED_EDGE ( 'NONE', *, *, #5139, .T. ) ;
#3491 = DIRECTION ( 'NONE',  ( 0.000000000000000000, 1.000000000000000000, 0.000000000000000000 ) ) ;
#3492 = ADVANCED_FACE ( 'NONE', ( #3071 ), #1720, .T. ) ;
#3493 = ORIENTED_EDGE ( 'NONE', *, *, #2341, .T. ) ;
#3494 = EDGE_CURVE ( 'NONE', #19, #8358, #8076, .T. ) ;
#3495 = EDGE_CURVE ( 'NONE', #5042, #8809, #3261, .T. ) ;
#3496 = ADVANCED_FACE ( 'NONE', ( #1800 ), #6333, .T. ) ;
#3497 = LINE ( 'NONE', #8385, #6492 ) ;
#3498 =( LENGTH_UNIT ( ) NAMED_UNIT ( * ) SI_UNIT ( .MILLI., .METRE. ) );
#3499 = ORIENTED_EDGE ( 'NONE', *, *, #6206, .F. ) ;
#3500 = ORIENTED_EDGE ( 'NONE', *, *, #5684, .F. ) ;
#3501 = DIRECTION ( 'NONE',  ( -1.000000000000000000, -0.000000000000000000, -0.000000000000000000 ) ) ;
#3502 = PRESENTATION_STYLE_ASSIGNMENT (( #7189 ) ) ;
#3503 = ORIENTED_EDGE ( 'NONE', *, *, #5528, .T. ) ;
#3504 = AXIS2_PLACEMENT_3D ( 'NONE', #3379, #4194, #6980 ) ;
#3505 = CARTESIAN_POINT ( 'NONE',  ( 1.638748866352591094, 1.399999999999999911, -1.991251133647408134 ) ) ;
#3506 = LINE ( 'NONE', #2832, #1826 ) ;
#3507 = DIRECTION ( 'NONE',  ( -1.000000000000000000, -0.000000000000000000, -0.000000000000000000 ) ) ;
#3508 = ORIENTED_EDGE ( 'NONE', *, *, #3943, .T. ) ;
#3509 = DIRECTION ( 'NONE',  ( -0.000000000000000000, 1.000000000000000000, 0.000000000000000000 ) ) ;
#3510 = SURFACE_SIDE_STYLE ('',( #1863 ) ) ;
#3511 = COLOUR_RGB ( '',0.6470588235294117974, 0.6196078431372549211, 0.5882352941176470784 ) ;
#3512 = CARTESIAN_POINT ( 'NONE',  ( -2.911255668237036964, -0.5587155742747659248, -2.914242020644469910 ) ) ;
#3513 = PRESENTATION_STYLE_ASSIGNMENT (( #7761 ) ) ;
#3514 = VERTEX_POINT ( 'NONE', #4279 ) ;
#3515 = PLANE ( 'NONE',  #1202 ) ;
#3516 = VERTEX_POINT ( 'NONE', #6668 ) ;
#3517 = LINE ( 'NONE', #6228, #8508 ) ;
#3518 = CARTESIAN_POINT ( 'NONE',  ( -3.104999999999999094, 0.000000000000000000, -3.100000000000000089 ) ) ;
#3519 = STYLED_ITEM ( 'NONE', ( #6568 ), #2910 ) ;
#3520 = LINE ( 'NONE', #695, #2749 ) ;
#3521 =( GEOMETRIC_REPRESENTATION_CONTEXT ( 3 ) GLOBAL_UNCERTAINTY_ASSIGNED_CONTEXT ( ( #1243 ) ) GLOBAL_UNIT_ASSIGNED_CONTEXT ( ( #1167, #7274, #2600 ) ) REPRESENTATION_CONTEXT ( 'NONE', 'WORKASPACE' ) );
#3522 = CARTESIAN_POINT ( 'NONE',  ( 1.630000000000001004, -0.2139543193336009841, -3.253973965717952943 ) ) ;
#3523 = SURFACE_STYLE_USAGE ( .BOTH. , #1472 ) ;
#3524 =( LENGTH_UNIT ( ) NAMED_UNIT ( * ) SI_UNIT ( .MILLI., .METRE. ) );
#3525 = EDGE_CURVE ( 'NONE', #9020, #7375, #2631, .T. ) ;
#3526 = CARTESIAN_POINT ( 'NONE',  ( 0.000000000000000000, 1.399999999999999911, 0.000000000000000000 ) ) ;
#3527 = VECTOR ( 'NONE', #6744, 1000.000000000000000 ) ;
#3528 = AXIS2_PLACEMENT_3D ( 'NONE', #6556, #5712, #7112 ) ;
#3529 = ADVANCED_FACE ( 'NONE', ( #3392 ), #5464, .T. ) ;
#3530 = ORIENTED_EDGE ( 'NONE', *, *, #5332, .T. ) ;
#3531 = ORIENTED_EDGE ( 'NONE', *, *, #4888, .F. ) ;
#3532 = MECHANICAL_DESIGN_GEOMETRIC_PRESENTATION_REPRESENTATION (  '', ( #2944 ), #1791 ) ;
#3533 = EDGE_CURVE ( 'NONE', #6086, #8870, #3965, .T. ) ;
#3534 = PRESENTATION_LAYER_ASSIGNMENT (  '', '', ( #6890 ) ) ;
#3535 = SURFACE_SIDE_STYLE ('',( #8465 ) ) ;
#3536 = SURFACE_SIDE_STYLE ('',( #9039 ) ) ;
#3537 = FACE_OUTER_BOUND ( 'NONE', #642, .T. ) ;
#3538 = EDGE_LOOP ( 'NONE', ( #2611, #351, #4628, #4339 ) ) ;
#3539 = DIRECTION ( 'NONE',  ( 0.000000000000000000, 0.000000000000000000, 1.000000000000000000 ) ) ;
#3540 = VECTOR ( 'NONE', #4098, 1000.000000000000000 ) ;
#3541 = STYLED_ITEM ( 'NONE', ( #172 ), #7077 ) ;
#3542 = CARTESIAN_POINT ( 'NONE',  ( -0.3599999999999990985, -0.5499999999999999334, 3.651850830482211929 ) ) ;
#3543 = UNCERTAINTY_MEASURE_WITH_UNIT (LENGTH_MEASURE( 1.000000000000000082E-05 ), #8555, 'distance_accuracy_value', 'NONE');
#3544 = ADVANCED_FACE ( 'NONE', ( #8144 ), #6187, .T. ) ;
#3545 = DIRECTION ( 'NONE',  ( 0.000000000000000000, -0.9327759058474842657, 0.3604568066639957102 ) ) ;
#3546 = VECTOR ( 'NONE', #5052, 1000.000000000000000 ) ;
#3547 = SURFACE_SIDE_STYLE ('',( #256 ) ) ;
#3548 = CARTESIAN_POINT ( 'NONE',  ( -1.629999999999998561, -0.6500000000000000222, 4.150000000000000355 ) ) ;
#3549 = DIRECTION ( 'NONE',  ( -0.7071067811865444641, -0.000000000000000000, -0.7071067811865505703 ) ) ;
#3550 = ORIENTED_EDGE ( 'NONE', *, *, #1186, .T. ) ;
#3551 = EDGE_LOOP ( 'NONE', ( #1770, #6394, #8316, #3973 ) ) ;
#3552 = VECTOR ( 'NONE', #7680, 1000.000000000000000 ) ;
#3553 = MECHANICAL_DESIGN_GEOMETRIC_PRESENTATION_REPRESENTATION (  '', ( #1065 ), #201 ) ;
#3554 =( NAMED_UNIT ( * ) PLANE_ANGLE_UNIT ( ) SI_UNIT ( $, .RADIAN. ) );
#3555 = CARTESIAN_POINT ( 'NONE',  ( -2.079999999999998739, 1.399999999999999911, 0.6249999999999995559 ) ) ;
#3556 = CARTESIAN_POINT ( 'NONE',  ( 2.819622550835296781, -0.5500000000000001554, -2.814622550835295556 ) ) ;
#3557 = LINE ( 'NONE', #97, #7877 ) ;
#3558 = STYLED_ITEM ( 'NONE', ( #4009 ), #3544 ) ;
#3559 =( LENGTH_UNIT ( ) NAMED_UNIT ( * ) SI_UNIT ( .MILLI., .METRE. ) );
#3560 = CYLINDRICAL_SURFACE ( 'NONE', #2080, 0.1000000000000000472 ) ;
#3561 = CIRCLE ( 'NONE', #6759, 0.09999999999999982514 ) ;
#3562 = MECHANICAL_DESIGN_GEOMETRIC_PRESENTATION_REPRESENTATION (  '', ( #4737 ), #4433 ) ;
#3563 = ORIENTED_EDGE ( 'NONE', *, *, #175, .F. ) ;
#3564 = SURFACE_SIDE_STYLE ('',( #4244 ) ) ;
#3565 = DIRECTION ( 'NONE',  ( 1.000000000000000000, 0.000000000000000000, 0.000000000000000000 ) ) ;
#3566 = VERTEX_POINT ( 'NONE', #5508 ) ;
#3567 = ORIENTED_EDGE ( 'NONE', *, *, #8024, .F. ) ;
#3568 = DIRECTION ( 'NONE',  ( 0.08715574274765836016, 0.9961946980917455452, -3.436161659330867058E-17 ) ) ;
#3569 = CARTESIAN_POINT ( 'NONE',  ( 1.630000000000001004, -0.1500000000000001610, 3.160696375133204228 ) ) ;
#3570 = PRESENTATION_LAYER_ASSIGNMENT (  '', '', ( #6923 ) ) ;
#3571 = CARTESIAN_POINT ( 'NONE',  ( 0.4599999999999999090, 1.399999999999999911, 0.6249999999999995559 ) ) ;
#3572 = CARTESIAN_POINT ( 'NONE',  ( -2.179999999999998828, -0.5499999999999999334, -3.651850830482211929 ) ) ;
#3573 = SURFACE_SIDE_STYLE ('',( #4209 ) ) ;
#3574 = SURFACE_STYLE_FILL_AREA ( #790 ) ;
#3575 = DIRECTION ( 'NONE',  ( -1.000000000000000000, -0.000000000000000000, -0.000000000000000000 ) ) ;
#3576 = ORIENTED_EDGE ( 'NONE', *, *, #6134, .T. ) ;
#3577 = EDGE_CURVE ( 'NONE', #8901, #3951, #2973, .T. ) ;
#3578 = AXIS2_PLACEMENT_3D ( 'NONE', #4119, #658, #3443 ) ;
#3579 = ORIENTED_EDGE ( 'NONE', *, *, #2148, .F. ) ;
#3580 = FACE_OUTER_BOUND ( 'NONE', #2529, .T. ) ;
#3581 = DIRECTION ( 'NONE',  ( 0.000000000000000000, -0.08715574274765836016, 0.9961946980917455452 ) ) ;
#3582 = DIRECTION ( 'NONE',  ( 0.000000000000000000, 0.000000000000000000, 1.000000000000000000 ) ) ;
#3583 =( LENGTH_UNIT ( ) NAMED_UNIT ( * ) SI_UNIT ( .MILLI., .METRE. ) );
#3584 = VERTEX_POINT ( 'NONE', #7406 ) ;
#3585 = SURFACE_STYLE_FILL_AREA ( #2935 ) ;
#3586 = MECHANICAL_DESIGN_GEOMETRIC_PRESENTATION_REPRESENTATION (  '', ( #8107 ), #6487 ) ;
#3587 = STYLED_ITEM ( 'NONE', ( #61 ), #2058 ) ;
#3588 = EDGE_CURVE ( 'NONE', #1304, #2586, #3918, .T. ) ;
#3589 = CARTESIAN_POINT ( 'NONE',  ( -1.629999999999998561, 0.000000000000000000, 2.969702453438674006 ) ) ;
#3590 = EDGE_CURVE ( 'NONE', #4103, #7220, #7257, .T. ) ;
#3591 = STYLED_ITEM ( 'NONE', ( #7793 ), #4845 ) ;
#3592 = DIRECTION ( 'NONE',  ( 1.000000000000000000, 0.000000000000000000, 0.000000000000000000 ) ) ;
#3593 = FILL_AREA_STYLE_COLOUR ( '', #2539 ) ;
#3594 = CARTESIAN_POINT ( 'NONE',  ( 2.180000000000001048, -0.1499999999999999944, -2.969702453438674006 ) ) ;
#3595 =( NAMED_UNIT ( * ) PLANE_ANGLE_UNIT ( ) SI_UNIT ( $, .RADIAN. ) );
#3596 = AXIS2_PLACEMENT_3D ( 'NONE', #2424, #2374, #5983 ) ;
#3597 = VECTOR ( 'NONE', #8921, 1000.000000000000000 ) ;
#3598 = ORIENTED_EDGE ( 'NONE', *, *, #8221, .F. ) ;
#3599 = VECTOR ( 'NONE', #9015, 1000.000000000000000 ) ;
#3600 = DIRECTION ( 'NONE',  ( 0.000000000000000000, 0.000000000000000000, 1.000000000000000000 ) ) ;
#3601 = CARTESIAN_POINT ( 'NONE',  ( 2.180000000000001048, -0.2500000000000000000, 3.160696375133204672 ) ) ;
#3602 = VECTOR ( 'NONE', #5279, 1000.000000000000000 ) ;
#3603 = DIRECTION ( 'NONE',  ( 0.000000000000000000, 0.000000000000000000, -1.000000000000000000 ) ) ;
#3604 = CARTESIAN_POINT ( 'NONE',  ( -2.179999999999998828, -0.2500000000000000000, -3.160696375133204672 ) ) ;
#3605 = VECTOR ( 'NONE', #3310, 1000.000000000000000 ) ;
#3606 = CARTESIAN_POINT ( 'NONE',  ( -1.729999999999999760, -0.6500000000000000222, -4.150000000000000355 ) ) ;
#3607 = ORIENTED_EDGE ( 'NONE', *, *, #5845, .F. ) ;
#3608 = DIRECTION ( 'NONE',  ( -1.000000000000000000, -0.000000000000000000, -0.000000000000000000 ) ) ;
#3609 = VERTEX_POINT ( 'NONE', #874 ) ;
#3610 = LINE ( 'NONE', #4986, #6309 ) ;
#3611 = COLOUR_RGB ( '',0.6470588235294117974, 0.6196078431372549211, 0.5882352941176470784 ) ;
#3612 = AXIS2_PLACEMENT_3D ( 'NONE', #2502, #1811, #391 ) ;
#3613 = LINE ( 'NONE', #785, #4797 ) ;
#3614 = DIRECTION ( 'NONE',  ( -1.000000000000000000, -0.000000000000000000, -0.000000000000000000 ) ) ;
#3615 = STYLED_ITEM ( 'NONE', ( #2795 ), #5879 ) ;
#3616 = CARTESIAN_POINT ( 'NONE',  ( -0.9099999999999991429, -0.7040685209995984906, 3.443371010523358589 ) ) ;
#3617 = FACE_OUTER_BOUND ( 'NONE', #4129, .T. ) ;
#3618 = EDGE_CURVE ( 'NONE', #3828, #4103, #6483, .T. ) ;
#3619 = STYLED_ITEM ( 'NONE', ( #4378 ), #6138 ) ;
#3620 = LINE ( 'NONE', #6404, #7180 ) ;
#3621 = VERTEX_POINT ( 'NONE', #4481 ) ;
#3622 = FILL_AREA_STYLE_COLOUR ( '', #8372 ) ;
#3623 = ORIENTED_EDGE ( 'NONE', *, *, #5918, .F. ) ;
#3624 = CYLINDRICAL_SURFACE ( 'NONE', #3284, 0.1000000000000001027 ) ;
#3625 = ADVANCED_FACE ( 'NONE', ( #1010 ), #8546, .T. ) ;
#3626 = DIRECTION ( 'NONE',  ( 0.000000000000000000, 0.000000000000000000, -1.000000000000000000 ) ) ;
#3627 = CARTESIAN_POINT ( 'NONE',  ( 1.729999999999999316, 1.399999999999999911, 0.6249999999999995559 ) ) ;
#3628 = CARTESIAN_POINT ( 'NONE',  ( 2.819622550835296781, -0.6500000000000001332, 2.906255668237037515 ) ) ;
#3629 =( NAMED_UNIT ( * ) SI_UNIT ( $, .STERADIAN. ) SOLID_ANGLE_UNIT ( ) );
#3630 = LINE ( 'NONE', #6414, #8832 ) ;
#3631 = UNCERTAINTY_MEASURE_WITH_UNIT (LENGTH_MEASURE( 1.000000000000000082E-05 ), #8460, 'distance_accuracy_value', 'NONE');
#3632 = DIRECTION ( 'NONE',  ( 0.000000000000000000, 0.000000000000000000, 1.000000000000000000 ) ) ;
#3633 = CARTESIAN_POINT ( 'NONE',  ( -0.4600000000000002420, -0.6500000000000000222, -4.150000000000000355 ) ) ;
#3634 = EDGE_CURVE ( 'NONE', #8658, #5609, #5121, .T. ) ;
#3635 = ORIENTED_EDGE ( 'NONE', *, *, #9023, .T. ) ;
#3636 = ORIENTED_EDGE ( 'NONE', *, *, #8551, .F. ) ;
#3637 = DIRECTION ( 'NONE',  ( 0.000000000000000000, -0.000000000000000000, -1.000000000000000000 ) ) ;
#3638 = ORIENTED_EDGE ( 'NONE', *, *, #1090, .F. ) ;
#3639 = DIRECTION ( 'NONE',  ( 0.000000000000000000, -0.9327759058474844878, 0.3604568066639949886 ) ) ;
#3640 =( LENGTH_UNIT ( ) NAMED_UNIT ( * ) SI_UNIT ( .MILLI., .METRE. ) );
#3641 = FILL_AREA_STYLE ('',( #2960 ) ) ;
#3642 = ORIENTED_EDGE ( 'NONE', *, *, #3843, .T. ) ;
#3643 = DIRECTION ( 'NONE',  ( -1.000000000000000000, -0.000000000000000000, -0.000000000000000000 ) ) ;
#3644 = FILL_AREA_STYLE ('',( #8029 ) ) ;
#3645 = CARTESIAN_POINT ( 'NONE',  ( -2.179999999999999716, 1.500000000000000000, -2.000000000000000444 ) ) ;
#3646 = COLOUR_RGB ( '',0.2980392156862745057, 0.2980392156862745057, 0.2980392156862745057 ) ;
#3647 = FILL_AREA_STYLE ('',( #1552 ) ) ;
#3648 = STYLED_ITEM ( 'NONE', ( #4346 ), #2975 ) ;
#3649 = SURFACE_SIDE_STYLE ('',( #7857 ) ) ;
#3650 = COLOUR_RGB ( '',0.6470588235294117974, 0.6196078431372549211, 0.5882352941176470784 ) ;
#3651 = COLOUR_RGB ( '',0.6470588235294117974, 0.6196078431372549211, 0.5882352941176470784 ) ;
#3652 = CARTESIAN_POINT ( 'NONE',  ( 3.105000000000000870, -0.1499999999999999944, 3.100000000000000089 ) ) ;
#3653 = CARTESIAN_POINT ( 'NONE',  ( 1.829999999999999849, 1.500000000000000000, -0.5250000000000004663 ) ) ;
#3654 = EDGE_CURVE ( 'NONE', #6292, #4299, #3439, .T. ) ;
#3655 = EDGE_CURVE ( 'NONE', #7177, #6836, #2391, .T. ) ;
#3656 = PRESENTATION_STYLE_ASSIGNMENT (( #2851 ) ) ;
#3657 = STYLED_ITEM ( 'NONE', ( #4223 ), #854 ) ;
#3658 = EDGE_LOOP ( 'NONE', ( #4187, #1170, #6042, #1686 ) ) ;
#3659 = EDGE_CURVE ( 'NONE', #8194, #1927, #8678, .T. ) ;
#3660 = ORIENTED_EDGE ( 'NONE', *, *, #2727, .F. ) ;
#3661 = SURFACE_STYLE_USAGE ( .BOTH. , #881 ) ;
#3662 = FACE_OUTER_BOUND ( 'NONE', #4551, .T. ) ;
#3663 =( GEOMETRIC_REPRESENTATION_CONTEXT ( 3 ) GLOBAL_UNCERTAINTY_ASSIGNED_CONTEXT ( ( #6260 ) ) GLOBAL_UNIT_ASSIGNED_CONTEXT ( ( #680, #2061, #4980 ) ) REPRESENTATION_CONTEXT ( 'NONE', 'WORKASPACE' ) );
#3664 = FILL_AREA_STYLE ('',( #2216 ) ) ;
#3665 = FILL_AREA_STYLE ('',( #887 ) ) ;
#3666 = VECTOR ( 'NONE', #1828, 1000.000000000000000 ) ;
#3667 = PRESENTATION_STYLE_ASSIGNMENT (( #130 ) ) ;
#3668 = CARTESIAN_POINT ( 'NONE',  ( 2.955000000000000959, -0.1499999999999999944, 2.850380530190824491 ) ) ;
#3669 = DIRECTION ( 'NONE',  ( -1.000000000000000000, -0.000000000000000000, -0.000000000000000000 ) ) ;
#3670 = VECTOR ( 'NONE', #1864, 1000.000000000000000 ) ;
#3671 = ORIENTED_EDGE ( 'NONE', *, *, #2827, .T. ) ;
#3672 = PRESENTATION_LAYER_ASSIGNMENT (  '', '', ( #6889 ) ) ;
#3673 = ORIENTED_EDGE ( 'NONE', *, *, #3897, .T. ) ;
#3674 = UNCERTAINTY_MEASURE_WITH_UNIT (LENGTH_MEASURE( 1.000000000000000082E-05 ), #1028, 'distance_accuracy_value', 'NONE');
#3675 = ORIENTED_EDGE ( 'NONE', *, *, #3929, .F. ) ;
#3676 = EDGE_CURVE ( 'NONE', #525, #3691, #1747, .T. ) ;
#3677 =( GEOMETRIC_REPRESENTATION_CONTEXT ( 3 ) GLOBAL_UNCERTAINTY_ASSIGNED_CONTEXT ( ( #4504 ) ) GLOBAL_UNIT_ASSIGNED_CONTEXT ( ( #1951, #6766, #6189 ) ) REPRESENTATION_CONTEXT ( 'NONE', 'WORKASPACE' ) );
#3678 =( GEOMETRIC_REPRESENTATION_CONTEXT ( 3 ) GLOBAL_UNCERTAINTY_ASSIGNED_CONTEXT ( ( #701 ) ) GLOBAL_UNIT_ASSIGNED_CONTEXT ( ( #3559, #2404, #8558 ) ) REPRESENTATION_CONTEXT ( 'NONE', 'WORKASPACE' ) );
#3679 = PRESENTATION_LAYER_ASSIGNMENT (  '', '', ( #8952 ) ) ;
#3680 =( NAMED_UNIT ( * ) SI_UNIT ( $, .STERADIAN. ) SOLID_ANGLE_UNIT ( ) );
#3681 = LINE ( 'NONE', #5108, #8776 ) ;
#3682 =( NAMED_UNIT ( * ) PLANE_ANGLE_UNIT ( ) SI_UNIT ( $, .RADIAN. ) );
#3683 = EDGE_LOOP ( 'NONE', ( #8987, #2295, #242, #4810 ) ) ;
#3684 = FILL_AREA_STYLE_COLOUR ( '', #5652 ) ;
#3685 = STYLED_ITEM ( 'NONE', ( #1227 ), #3311 ) ;
#3686 = LINE ( 'NONE', #1039, #7455 ) ;
#3687 = VECTOR ( 'NONE', #1104, 1000.000000000000000 ) ;
#3688 = MECHANICAL_DESIGN_GEOMETRIC_PRESENTATION_REPRESENTATION (  '', ( #1668 ), #2967 ) ;
#3689 = EDGE_CURVE ( 'NONE', #2308, #1996, #1048, .T. ) ;
#3690 = EDGE_CURVE ( 'NONE', #7220, #6343, #5038, .T. ) ;
#3691 = VERTEX_POINT ( 'NONE', #1557 ) ;
#3692 = LINE ( 'NONE', #6473, #4557 ) ;
#3693 = ADVANCED_FACE ( 'NONE', ( #4347 ), #195, .T. ) ;
#3694 =( NAMED_UNIT ( * ) PLANE_ANGLE_UNIT ( ) SI_UNIT ( $, .RADIAN. ) );
#3695 = CARTESIAN_POINT ( 'NONE',  ( -2.079999999999998295, 1.399999999999999911, -0.6250000000000004441 ) ) ;
#3696 = LINE ( 'NONE', #6402, #8704 ) ;
#3697 = FACE_OUTER_BOUND ( 'NONE', #6139, .T. ) ;
#3698 = VECTOR ( 'NONE', #8182, 1000.000000000000000 ) ;
#3699 = VECTOR ( 'NONE', #3568, 1000.000000000000000 ) ;
#3700 = CARTESIAN_POINT ( 'NONE',  ( -0.3599999999999990985, -0.7999999999999999334, 3.583287396400482105 ) ) ;
#3701 = CARTESIAN_POINT ( 'NONE',  ( -2.954999999999999183, -0.1499999999999999944, 2.949999999999999734 ) ) ;
#3702 = DIRECTION ( 'NONE',  ( -1.000000000000000000, -0.000000000000000000, -0.000000000000000000 ) ) ;
#3703 =( GEOMETRIC_REPRESENTATION_CONTEXT ( 3 ) GLOBAL_UNCERTAINTY_ASSIGNED_CONTEXT ( ( #1029 ) ) GLOBAL_UNIT_ASSIGNED_CONTEXT ( ( #8379, #2900, #1530 ) ) REPRESENTATION_CONTEXT ( 'NONE', 'WORKASPACE' ) );
#3704 = VECTOR ( 'NONE', #859, 1000.000000000000000 ) ;
#3705 = EDGE_LOOP ( 'NONE', ( #4713, #2919, #2419, #1661 ) ) ;
#3706 = FILL_AREA_STYLE ('',( #2677 ) ) ;
#3707 = ORIENTED_EDGE ( 'NONE', *, *, #7310, .F. ) ;
#3708 = VECTOR ( 'NONE', #1918, 1000.000000000000000 ) ;
#3709 =( LENGTH_UNIT ( ) NAMED_UNIT ( * ) SI_UNIT ( .MILLI., .METRE. ) );
#3710 = DIRECTION ( 'NONE',  ( 0.000000000000000000, 0.000000000000000000, 1.000000000000000000 ) ) ;
#3711 = CARTESIAN_POINT ( 'NONE',  ( 0.000000000000000000, 1.100000000000000089, 0.000000000000000000 ) ) ;
#3712 = CARTESIAN_POINT ( 'NONE',  ( 0.8100000000000008304, -0.6500000000000000222, 4.150000000000000355 ) ) ;
#3713 =( LENGTH_UNIT ( ) NAMED_UNIT ( * ) SI_UNIT ( .MILLI., .METRE. ) );
#3714 = DIRECTION ( 'NONE',  ( -1.000000000000000000, -0.000000000000000000, -0.000000000000000000 ) ) ;
#3715 = EDGE_LOOP ( 'NONE', ( #3550, #4174, #2633, #2745 ) ) ;
#3716 =( GEOMETRIC_REPRESENTATION_CONTEXT ( 3 ) GLOBAL_UNCERTAINTY_ASSIGNED_CONTEXT ( ( #7016 ) ) GLOBAL_UNIT_ASSIGNED_CONTEXT ( ( #3709, #8005, #5920 ) ) REPRESENTATION_CONTEXT ( 'NONE', 'WORKASPACE' ) );
#3717 = SURFACE_STYLE_FILL_AREA ( #7135 ) ;
#3718 = LINE ( 'NONE', #6455, #7663 ) ;
#3719 = CARTESIAN_POINT ( 'NONE',  ( -0.9099999999999998090, 1.399999999999999911, -1.262607324199603642 ) ) ;
#3720 = ADVANCED_FACE ( 'NONE', ( #416 ), #8133, .F. ) ;
#3721 = VERTEX_POINT ( 'NONE', #1840 ) ;
#3722 =( BOUNDED_CURVE ( )  B_SPLINE_CURVE ( 3, ( #1843, #4627, #7448, #8973 ),
 .UNSPECIFIED., .F., .T. ) 
 B_SPLINE_CURVE_WITH_KNOTS ( ( 4, 4 ),
 ( 0.000000000000000000, 1.570796326794896558 ),
 .UNSPECIFIED. ) 
 CURVE ( )  GEOMETRIC_REPRESENTATION_ITEM ( )  RATIONAL_B_SPLINE_CURVE ( ( 1.000000000000000000, 0.8047378541243649375, 0.8047378541243649375, 1.000000000000000000 ) ) 
 REPRESENTATION_ITEM ( '' )  );
#3723 = VERTEX_POINT ( 'NONE', #5363 ) ;
#3724 = CARTESIAN_POINT ( 'NONE',  ( 2.819622550835296781, -0.5500000000000001554, 2.814622550835295112 ) ) ;
#3725 = VERTEX_POINT ( 'NONE', #1889 ) ;
#3726 = ORIENTED_EDGE ( 'NONE', *, *, #900, .F. ) ;
#3727 = VECTOR ( 'NONE', #1921, 1000.000000000000000 ) ;
#3728 = CARTESIAN_POINT ( 'NONE',  ( 1.630000000000001004, -0.7999999999999999334, 4.049999999999999822 ) ) ;
#3729 = VERTEX_POINT ( 'NONE', #5308 ) ;
#3730 = LINE ( 'NONE', #4515, #6957 ) ;
#3731 = STYLED_ITEM ( 'NONE', ( #2031 ), #5043 ) ;
#3732 = CARTESIAN_POINT ( 'NONE',  ( 2.145004534589629586, 1.100000000000000089, 1.262607324199603420 ) ) ;
#3733 = ORIENTED_EDGE ( 'NONE', *, *, #8161, .F. ) ;
#3734 = LINE ( 'NONE', #2475, #325 ) ;
#3735 = SURFACE_STYLE_FILL_AREA ( #5903 ) ;
#3736 = LINE ( 'NONE', #4476, #4031 ) ;
#3737 = VECTOR ( 'NONE', #213, 1000.000000000000114 ) ;
#3738 = VECTOR ( 'NONE', #7152, 1000.000000000000000 ) ;
#3739 = LINE ( 'NONE', #3412, #384 ) ;
#3740 = CARTESIAN_POINT ( 'NONE',  ( 1.729999999999999538, 1.458578643762690419, -0.6250000000000005551 ) ) ;
#3741 = CARTESIAN_POINT ( 'NONE',  ( -0.3599999999999990985, -0.5499999999999999334, 3.651850830482211929 ) ) ;
#3742 = DIRECTION ( 'NONE',  ( 0.000000000000000000, -0.9327759058474844878, 0.3604568066639949886 ) ) ;
#3743 = ORIENTED_EDGE ( 'NONE', *, *, #981, .F. ) ;
#3744 = EDGE_CURVE ( 'NONE', #5836, #1986, #499, .T. ) ;
#3745 = ORIENTED_EDGE ( 'NONE', *, *, #2556, .T. ) ;
#3746 = ORIENTED_EDGE ( 'NONE', *, *, #3270, .F. ) ;
#3747 = LINE ( 'NONE', #6533, #7101 ) ;
#3748 = VERTEX_POINT ( 'NONE', #4625 ) ;
#3749 = VECTOR ( 'NONE', #3435, 1000.000000000000000 ) ;
#3750 =( GEOMETRIC_REPRESENTATION_CONTEXT ( 3 ) GLOBAL_UNCERTAINTY_ASSIGNED_CONTEXT ( ( #4687 ) ) GLOBAL_UNIT_ASSIGNED_CONTEXT ( ( #959, #2250, #276 ) ) REPRESENTATION_CONTEXT ( 'NONE', 'WORKASPACE' ) );
#3751 = LINE ( 'NONE', #5013, #1802 ) ;
#3752 =( NAMED_UNIT ( * ) SI_UNIT ( $, .STERADIAN. ) SOLID_ANGLE_UNIT ( ) );
#3753 = FACE_OUTER_BOUND ( 'NONE', #8489, .T. ) ;
#3754 = DIRECTION ( 'NONE',  ( 0.000000000000000000, 0.08715574274765820750, 0.9961946980917454342 ) ) ;
#3755 = CARTESIAN_POINT ( 'NONE',  ( -3.104999999999999094, 0.000000000000000000, -3.100000000000000089 ) ) ;
#3756 = PLANE ( 'NONE',  #8711 ) ;
#3757 = LINE ( 'NONE', #297, #5774 ) ;
#3758 = LINE ( 'NONE', #8599, #3244 ) ;
#3759 = EDGE_CURVE ( 'NONE', #3045, #3426, #7394, .T. ) ;
#3760 = ORIENTED_EDGE ( 'NONE', *, *, #5502, .T. ) ;
#3761 = FACE_OUTER_BOUND ( 'NONE', #8634, .T. ) ;
#3762 = EDGE_CURVE ( 'NONE', #2753, #1740, #2620, .T. ) ;
#3763 = ORIENTED_EDGE ( 'NONE', *, *, #3916, .T. ) ;
#3764 = ORIENTED_EDGE ( 'NONE', *, *, #8436, .T. ) ;
#3765 = UNCERTAINTY_MEASURE_WITH_UNIT (LENGTH_MEASURE( 1.000000000000000082E-05 ), #8797, 'distance_accuracy_value', 'NONE');
#3766 = VERTEX_POINT ( 'NONE', #8177 ) ;
#3767 = VERTEX_POINT ( 'NONE', #4757 ) ;
#3768 = SURFACE_STYLE_FILL_AREA ( #6016 ) ;
#3769 = FILL_AREA_STYLE_COLOUR ( '', #7337 ) ;
#3770 = UNCERTAINTY_MEASURE_WITH_UNIT (LENGTH_MEASURE( 1.000000000000000082E-05 ), #2908, 'distance_accuracy_value', 'NONE');
#3771 =( BOUNDED_CURVE ( )  B_SPLINE_CURVE ( 3, ( #1174, #5346, #8113, #3138 ),
 .UNSPECIFIED., .F., .T. ) 
 B_SPLINE_CURVE_WITH_KNOTS ( ( 4, 4 ),
 ( 5.501585242055421432, 7.064785372303759914 ),
 .UNSPECIFIED. ) 
 CURVE ( )  GEOMETRIC_REPRESENTATION_ITEM ( )  RATIONAL_B_SPLINE_CURVE ( ( 1.000000000000000000, 0.8065248903853469153, 0.8065248903853469153, 1.000000000000000000 ) ) 
 REPRESENTATION_ITEM ( '' )  );
#3772 = PLANE ( 'NONE',  #8022 ) ;
#3773 = LINE ( 'NONE', #3811, #7626 ) ;
#3774 = ORIENTED_EDGE ( 'NONE', *, *, #5823, .T. ) ;
#3775 =( LENGTH_UNIT ( ) NAMED_UNIT ( * ) SI_UNIT ( .MILLI., .METRE. ) );
#3776 =( NAMED_UNIT ( * ) PLANE_ANGLE_UNIT ( ) SI_UNIT ( $, .RADIAN. ) );
#3777 = CARTESIAN_POINT ( 'NONE',  ( 2.235337657415446433, 1.100000000000000089, -3.100000000000000089 ) ) ;
#3778 =( NAMED_UNIT ( * ) PLANE_ANGLE_UNIT ( ) SI_UNIT ( $, .RADIAN. ) );
#3779 = LINE ( 'NONE', #7290, #404 ) ;
#3780 =( NAMED_UNIT ( * ) PLANE_ANGLE_UNIT ( ) SI_UNIT ( $, .RADIAN. ) );
#3781 = DIRECTION ( 'NONE',  ( 1.000000000000000000, 0.000000000000000000, 0.000000000000000000 ) ) ;
#3782 = STYLED_ITEM ( 'NONE', ( #2409 ), #42 ) ;
#3783 = CARTESIAN_POINT ( 'NONE',  ( 0.8099999999999999423, 1.399999999999999911, 0.6249999999999995559 ) ) ;
#3784 = VERTEX_POINT ( 'NONE', #2782 ) ;
#3785 = ORIENTED_EDGE ( 'NONE', *, *, #6072, .T. ) ;
#3786 = ORIENTED_EDGE ( 'NONE', *, *, #3952, .T. ) ;
#3787 = VECTOR ( 'NONE', #7000, 1000.000000000000114 ) ;
#3788 = EDGE_CURVE ( 'NONE', #4750, #3911, #3506, .T. ) ;
#3789 = SURFACE_STYLE_USAGE ( .BOTH. , #5233 ) ;
#3790 = CARTESIAN_POINT ( 'NONE',  ( -0.3599999999999990985, -0.2500000000000000000, -4.049999999999998046 ) ) ;
#3791 = CARTESIAN_POINT ( 'NONE',  ( 2.180000000000001048, -0.09593147900040135956, 3.369176195092057569 ) ) ;
#3792 = ADVANCED_FACE ( 'NONE', ( #7248 ), #6393, .F. ) ;
#3793 = DIRECTION ( 'NONE',  ( -1.000000000000000000, -0.000000000000000000, -0.000000000000000000 ) ) ;
#3794 = ADVANCED_FACE ( 'NONE', ( #2959 ), #8667, .F. ) ;
#3795 = DIRECTION ( 'NONE',  ( 0.000000000000000000, 0.000000000000000000, -1.000000000000000000 ) ) ;
#3796 = DIRECTION ( 'NONE',  ( -1.000000000000000000, 0.000000000000000000, 0.000000000000000000 ) ) ;
#3797 = DIRECTION ( 'NONE',  ( 1.000000000000000000, 0.000000000000000000, -3.942553354492737614E-16 ) ) ;
#3798 = DIRECTION ( 'NONE',  ( -1.000000000000000000, 0.000000000000000000, -0.000000000000000000 ) ) ;
#3799 = VERTEX_POINT ( 'NONE', #7332 ) ;
#3800 = DIRECTION ( 'NONE',  ( 0.000000000000000000, 0.000000000000000000, 1.000000000000000000 ) ) ;
#3801 = VECTOR ( 'NONE', #5576, 1000.000000000000000 ) ;
#3802 = ORIENTED_EDGE ( 'NONE', *, *, #1331, .F. ) ;
#3803 = ORIENTED_EDGE ( 'NONE', *, *, #6969, .T. ) ;
#3804 = CARTESIAN_POINT ( 'NONE',  ( -2.819622550835295005, -0.6500000000000001332, 2.814622550835295556 ) ) ;
#3805 = ADVANCED_FACE ( 'NONE', ( #5939 ), #8116, .T. ) ;
#3806 = SURFACE_STYLE_USAGE ( .BOTH. , #3090 ) ;
#3807 = FILL_AREA_STYLE ('',( #7935 ) ) ;
#3808 =( LENGTH_UNIT ( ) NAMED_UNIT ( * ) SI_UNIT ( .MILLI., .METRE. ) );
#3809 = PRESENTATION_LAYER_ASSIGNMENT (  '', '', ( #2520 ) ) ;
#3810 = COLOUR_RGB ( '',0.6470588235294117974, 0.6196078431372549211, 0.5882352941176470784 ) ;
#3811 = CARTESIAN_POINT ( 'NONE',  ( 1.729999999999999760, 1.500000000000000000, -0.5250000000000004663 ) ) ;
#3812 = ORIENTED_EDGE ( 'NONE', *, *, #3897, .F. ) ;
#3813 = PLANE ( 'NONE',  #7695 ) ;
#3814 = CARTESIAN_POINT ( 'NONE',  ( 2.180000000000001048, -0.2139543193336009841, -3.253973965717952943 ) ) ;
#3815 = EDGE_LOOP ( 'NONE', ( #523, #5183, #8360, #9046 ) ) ;
#3816 = COLOUR_RGB ( '',0.6470588235294117974, 0.6196078431372549211, 0.5882352941176470784 ) ;
#3818 = PRESENTATION_STYLE_ASSIGNMENT (( #7991 ) ) ;
#3817 = AXIS2_PLACEMENT_3D ( 'NONE', #2824, #4327, #5534 ) ;
#3819 = CARTESIAN_POINT ( 'NONE',  ( 2.180000000000001048, -0.1499999999999999667, -3.229259809214934940 ) ) ;
#3820 = DIRECTION ( 'NONE',  ( -1.000000000000000000, -0.000000000000000000, -0.000000000000000000 ) ) ;
#3821 = FACE_OUTER_BOUND ( 'NONE', #6534, .T. ) ;
#3822 = EDGE_CURVE ( 'NONE', #1881, #6239, #4663, .T. ) ;
#3823 = CARTESIAN_POINT ( 'NONE',  ( 0.3600000000000000977, 1.100000000000000089, -1.262607324199603642 ) ) ;
#3824 = CARTESIAN_POINT ( 'NONE',  ( -3.146086772841264700, -0.4696239625273361806, 2.308913227158733150 ) ) ;
#3825 = PRESENTATION_LAYER_ASSIGNMENT (  '', '', ( #611 ) ) ;
#3826 = VERTEX_POINT ( 'NONE', #5984 ) ;
#3827 = ADVANCED_FACE ( 'NONE', ( #7428 ), #3142, .F. ) ;
#3828 = VERTEX_POINT ( 'NONE', #4560 ) ;
#3829 = ORIENTED_EDGE ( 'NONE', *, *, #8792, .T. ) ;
#3830 = SURFACE_SIDE_STYLE ('',( #1055 ) ) ;
#3831 = VECTOR ( 'NONE', #2146, 1000.000000000000000 ) ;
#3832 = PRESENTATION_LAYER_ASSIGNMENT (  '', '', ( #7790 ) ) ;
#3833 = CARTESIAN_POINT ( 'NONE',  ( 0.9099999999999999201, 1.500000000000000000, 1.262607324199603642 ) ) ;
#3834 = VECTOR ( 'NONE', #7817, 1000.000000000000114 ) ;
#3835 = CARTESIAN_POINT ( 'NONE',  ( -0.8750045345896296789, 1.100000000000000089, 1.262607324199603642 ) ) ;
#3836 = STYLED_ITEM ( 'NONE', ( #436 ), #8925 ) ;
#3837 = CARTESIAN_POINT ( 'NONE',  ( 0.3599999999999992095, 1.500000000000000000, -2.000000000000000444 ) ) ;
#3838 = DIRECTION ( 'NONE',  ( 0.000000000000000000, -0.000000000000000000, 1.000000000000000000 ) ) ;
#3839 = VECTOR ( 'NONE', #4461, 1000.000000000000000 ) ;
#3840 = CARTESIAN_POINT ( 'NONE',  ( -0.9012511336474077206, 1.399999999999999911, -2.000000000000000444 ) ) ;
#3841 = CARTESIAN_POINT ( 'NONE',  ( -1.629999999999998561, -0.7040685209995984906, 3.443371010523358589 ) ) ;
#3842 = CYLINDRICAL_SURFACE ( 'NONE', #4401, 0.09999999999999982514 ) ;
#3843 = EDGE_CURVE ( 'NONE', #2030, #5028, #8759, .T. ) ;
#3844 = DIRECTION ( 'NONE',  ( 0.000000000000000000, 0.000000000000000000, 1.000000000000000000 ) ) ;
#3845 = CARTESIAN_POINT ( 'NONE',  ( 0.9012511336474067214, 1.399999999999999911, -2.000000000000000444 ) ) ;
#3846 = ADVANCED_FACE ( 'NONE', ( #1275 ), #6973, .F. ) ;
#3847 = VECTOR ( 'NONE', #7874, 1000.000000000000000 ) ;
#3848 = CARTESIAN_POINT ( 'NONE',  ( 1.630000000000000338, 1.399999999999999911, 1.262607324199603642 ) ) ;
#3849 = CARTESIAN_POINT ( 'NONE',  ( -0.3599999999999990985, -0.7999999999999999334, -4.049999999999998046 ) ) ;
#3850 = DIRECTION ( 'NONE',  ( -1.000000000000000000, 0.000000000000000000, 0.000000000000000000 ) ) ;
#3851 =( LENGTH_UNIT ( ) NAMED_UNIT ( * ) SI_UNIT ( .MILLI., .METRE. ) );
#3852 = CARTESIAN_POINT ( 'NONE',  ( -1.629999999999998561, -0.2500000000000000000, -3.160696375133204672 ) ) ;
#3853 = CARTESIAN_POINT ( 'NONE',  ( -2.179999999999999272, 1.399999999999999911, 1.262607324199603642 ) ) ;
#3854 = ORIENTED_EDGE ( 'NONE', *, *, #6017, .T. ) ;
#3855 = DIRECTION ( 'NONE',  ( -1.000000000000000000, -0.000000000000000000, -0.000000000000000000 ) ) ;
#3856 = ORIENTED_EDGE ( 'NONE', *, *, #3344, .T. ) ;
#3857 = STYLED_ITEM ( 'NONE', ( #2001 ), #4536 ) ;
#3858 = CARTESIAN_POINT ( 'NONE',  ( 1.729999999999999760, 1.500000000000000000, -0.6250000000000004441 ) ) ;
#3859 = FILL_AREA_STYLE ('',( #5260 ) ) ;
#3860 = DIRECTION ( 'NONE',  ( 0.000000000000000000, 0.000000000000000000, 1.000000000000000000 ) ) ;
#3861 = SURFACE_STYLE_FILL_AREA ( #7350 ) ;
#3862 = DIRECTION ( 'NONE',  ( 0.000000000000000000, -0.9327759058474844878, -0.3604568066639949886 ) ) ;
#3863 = ORIENTED_EDGE ( 'NONE', *, *, #8898, .F. ) ;
#3864 = EDGE_CURVE ( 'NONE', #1056, #2308, #6290, .T. ) ;
#3865 = VECTOR ( 'NONE', #2888, 1000.000000000000000 ) ;
#3866 = EDGE_LOOP ( 'NONE', ( #2336, #860, #6423, #4528 ) ) ;
#3867 = VERTEX_POINT ( 'NONE', #5567 ) ;
#3868 =( NAMED_UNIT ( * ) SI_UNIT ( $, .STERADIAN. ) SOLID_ANGLE_UNIT ( ) );
#3869 = CARTESIAN_POINT ( 'NONE',  ( 1.630000000000001004, -0.2500000000000000000, -3.160696375133204672 ) ) ;
#3870 = ADVANCED_FACE ( 'NONE', ( #4038 ), #2775, .T. ) ;
#3871 = FILL_AREA_STYLE ('',( #8043 ) ) ;
#3872 = MECHANICAL_DESIGN_GEOMETRIC_PRESENTATION_REPRESENTATION (  '', ( #6656 ), #246 ) ;
#3873 = CARTESIAN_POINT ( 'NONE',  ( 0.9100000000000010303, -0.2500000000000000000, -4.049999999999998046 ) ) ;
#3874 = LINE ( 'NONE', #3920, #7597 ) ;
#3875 = VECTOR ( 'NONE', #2039, 1000.000000000000000 ) ;
#3876 = COLOUR_RGB ( '',0.6470588235294117974, 0.6196078431372549211, 0.5882352941176470784 ) ;
#3877 = AXIS2_PLACEMENT_3D ( 'NONE', #6201, #6965, #16 ) ;
#3878 = ADVANCED_FACE ( 'NONE', ( #6336 ), #4872, .T. ) ;
#3879 = CARTESIAN_POINT ( 'NONE',  ( -0.9099999999999991429, -0.6500000000000000222, -3.651850830482212373 ) ) ;
#3880 = EDGE_LOOP ( 'NONE', ( #6917, #7184, #7881 ) ) ;
#3881 = FILL_AREA_STYLE_COLOUR ( '', #1096 ) ;
#3882 = SURFACE_SIDE_STYLE ('',( #294 ) ) ;
#3883 = CARTESIAN_POINT ( 'NONE',  ( 2.955000000000000959, -0.1499999999999999944, -2.949999999999999734 ) ) ;
#3884 = APPLICATION_CONTEXT ( 'automotive_design' ) ;
#3885 = ORIENTED_EDGE ( 'NONE', *, *, #3270, .T. ) ;
#3886 = CARTESIAN_POINT ( 'NONE',  ( -2.179999999999998828, -0.1499999999999999944, -2.969702453438674006 ) ) ;
#3887 = LINE ( 'NONE', #476, #3414 ) ;
#3888 = VERTEX_POINT ( 'NONE', #5752 ) ;
#3889 = LINE ( 'NONE', #1080, #1727 ) ;
#3890 = CARTESIAN_POINT ( 'NONE',  ( -1.629999999999998561, -0.09593147900040135956, -3.369176195092057569 ) ) ;
#3891 = EDGE_CURVE ( 'NONE', #4788, #3134, #7832, .T. ) ;
#3892 = CARTESIAN_POINT ( 'NONE',  ( 1.638748866352591760, 1.399999999999999911, 1.991251133647407690 ) ) ;
#3893 = SURFACE_STYLE_USAGE ( .BOTH. , #6731 ) ;
#3894 =( NAMED_UNIT ( * ) PLANE_ANGLE_UNIT ( ) SI_UNIT ( $, .RADIAN. ) );
#3895 = ORIENTED_EDGE ( 'NONE', *, *, #1402, .T. ) ;
#3896 = SURFACE_SIDE_STYLE ('',( #2654 ) ) ;
#3897 = EDGE_CURVE ( 'NONE', #4103, #7682, #8456, .T. ) ;
#3898 = ORIENTED_EDGE ( 'NONE', *, *, #1350, .T. ) ;
#3899 = DIRECTION ( 'NONE',  ( 0.000000000000000000, -1.000000000000000000, 0.000000000000000000 ) ) ;
#3900 = DIRECTION ( 'NONE',  ( -0.000000000000000000, -1.000000000000000000, -0.000000000000000000 ) ) ;
#3901 = CARTESIAN_POINT ( 'NONE',  ( 2.180000000000001048, -0.2139543193336009841, -3.253973965717952943 ) ) ;
#3902 = DIRECTION ( 'NONE',  ( -0.7071067811865505703, 0.000000000000000000, 0.7071067811865444641 ) ) ;
#3903 = SURFACE_SIDE_STYLE ('',( #2483 ) ) ;
#3904 = FILL_AREA_STYLE_COLOUR ( '', #4111 ) ;
#3905 = DIRECTION ( 'NONE',  ( 0.7071067811865444641, -0.000000000000000000, 0.7071067811865505703 ) ) ;
#3906 = DIRECTION ( 'NONE',  ( -1.000000000000000000, 0.000000000000000000, 0.000000000000000000 ) ) ;
#3907 = FACE_OUTER_BOUND ( 'NONE', #4831, .T. ) ;
#3908 = ORIENTED_EDGE ( 'NONE', *, *, #586, .T. ) ;
#3909 =( NAMED_UNIT ( * ) PLANE_ANGLE_UNIT ( ) SI_UNIT ( $, .RADIAN. ) );
#3910 = VERTEX_POINT ( 'NONE', #5876 ) ;
#3911 = VERTEX_POINT ( 'NONE', #7059 ) ;
#3912 = PLANE ( 'NONE',  #8078 ) ;
#3913 = EDGE_CURVE ( 'NONE', #2841, #4350, #170, .T. ) ;
#3914 = UNCERTAINTY_MEASURE_WITH_UNIT (LENGTH_MEASURE( 1.000000000000000082E-05 ), #6347, 'distance_accuracy_value', 'NONE');
#3915 = MECHANICAL_DESIGN_GEOMETRIC_PRESENTATION_REPRESENTATION (  '', ( #2643 ), #5701 ) ;
#3916 = EDGE_CURVE ( 'NONE', #5426, #1505, #3086, .T. ) ;
#3917 = SURFACE_STYLE_FILL_AREA ( #5463 ) ;
#3918 = LINE ( 'NONE', #6706, #4587 ) ;
#3919 = LINE ( 'NONE', #6863, #8641 ) ;
#3920 = CARTESIAN_POINT ( 'NONE',  ( -0.3599999999999990985, -0.7999999999999999334, -3.583287396400482105 ) ) ;
#3921 = EDGE_CURVE ( 'NONE', #856, #5313, #3718, .T. ) ;
#3922 = DIRECTION ( 'NONE',  ( 0.000000000000000000, 0.9327759058474841547, -0.3604568066639957102 ) ) ;
#3923 = ORIENTED_EDGE ( 'NONE', *, *, #2930, .F. ) ;
#3924 = CARTESIAN_POINT ( 'NONE',  ( -2.079999999999998295, 1.500000000000000000, -0.6250000000000004441 ) ) ;
#3925 = UNCERTAINTY_MEASURE_WITH_UNIT (LENGTH_MEASURE( 1.000000000000000082E-05 ), #910, 'distance_accuracy_value', 'NONE');
#3926 = EDGE_LOOP ( 'NONE', ( #5102, #4081, #7003, #6040 ) ) ;
#3927 = LINE ( 'NONE', #1862, #6091 ) ;
#3928 = FACE_OUTER_BOUND ( 'NONE', #8230, .T. ) ;
#3929 = EDGE_CURVE ( 'NONE', #4456, #3970, #808, .T. ) ;
#3930 = DIRECTION ( 'NONE',  ( -1.000000000000000000, -0.000000000000000000, -0.000000000000000000 ) ) ;
#3931 = VERTEX_POINT ( 'NONE', #1576 ) ;
#3932 = FILL_AREA_STYLE_COLOUR ( '', #3650 ) ;
#3933 = DIRECTION ( 'NONE',  ( 0.000000000000000000, -1.000000000000000000, 0.000000000000000000 ) ) ;
#3934 = ORIENTED_EDGE ( 'NONE', *, *, #188, .T. ) ;
#3935 = ORIENTED_EDGE ( 'NONE', *, *, #7398, .T. ) ;
#3936 = VERTEX_POINT ( 'NONE', #2905 ) ;
#3937 = DIRECTION ( 'NONE',  ( 0.000000000000000000, -1.000000000000000000, 0.000000000000000000 ) ) ;
#3938 = SURFACE_SIDE_STYLE ('',( #5172 ) ) ;
#3939 = ORIENTED_EDGE ( 'NONE', *, *, #6321, .T. ) ;
#3940 = CARTESIAN_POINT ( 'NONE',  ( 1.638748866352591094, 1.399999999999999911, -2.000000000000000444 ) ) ;
#3941 = ORIENTED_EDGE ( 'NONE', *, *, #8551, .T. ) ;
#3942 = SURFACE_SIDE_STYLE ('',( #5487 ) ) ;
#3943 = EDGE_CURVE ( 'NONE', #5520, #1413, #8564, .T. ) ;
#3944 = DIRECTION ( 'NONE',  ( 0.000000000000000000, -0.9327759058474844878, -0.3604568066639949886 ) ) ;
#3945 = COLOUR_RGB ( '',0.6470588235294117974, 0.6196078431372549211, 0.5882352941176470784 ) ;
#3946 = VECTOR ( 'NONE', #7700, 1000.000000000000000 ) ;
#3947 = LINE ( 'NONE', #5907, #7401 ) ;
#3948 = CARTESIAN_POINT ( 'NONE',  ( -3.104999999999999094, -0.1499999999999999944, -3.100000000000000089 ) ) ;
#3949 = CARTESIAN_POINT ( 'NONE',  ( -3.104999999999999094, -0.1499999999999999944, -3.100000000000000089 ) ) ;
#3950 = CARTESIAN_POINT ( 'NONE',  ( -0.3599999999999990985, -0.1500000000000001610, 3.160696375133204228 ) ) ;
#3951 = VERTEX_POINT ( 'NONE', #2318 ) ;
#3952 = EDGE_CURVE ( 'NONE', #5953, #1717, #6501, .T. ) ;
#3953 = DIRECTION ( 'NONE',  ( -1.000000000000000000, -0.000000000000000000, -0.000000000000000000 ) ) ;
#3954 = FACE_OUTER_BOUND ( 'NONE', #4203, .T. ) ;
#3955 = FILL_AREA_STYLE ('',( #4005 ) ) ;
#3956 = PRESENTATION_LAYER_ASSIGNMENT (  '', '', ( #2953 ) ) ;
#3957 = EDGE_CURVE ( 'NONE', #3357, #5458, #4399, .T. ) ;
#3958 = AXIS2_PLACEMENT_3D ( 'NONE', #7130, #2212, #4354 ) ;
#3959 = EDGE_CURVE ( 'NONE', #6302, #8603, #2360, .T. ) ;
#3960 = EDGE_LOOP ( 'NONE', ( #3065, #1300, #5846, #1179 ) ) ;
#3961 = CARTESIAN_POINT ( 'NONE',  ( -2.179999999999998828, -0.6500000000000000222, -3.651850830482212373 ) ) ;
#3962 = VECTOR ( 'NONE', #1673, 1000.000000000000000 ) ;
#3963 = AXIS2_PLACEMENT_3D ( 'NONE', #7169, #3072, #8178 ) ;
#3964 = SURFACE_STYLE_USAGE ( .BOTH. , #1851 ) ;
#3965 = LINE ( 'NONE', #8886, #7188 ) ;
#3966 = SURFACE_STYLE_USAGE ( .BOTH. , #4011 ) ;
#3967 = DIRECTION ( 'NONE',  ( 0.000000000000000000, 0.000000000000000000, 1.000000000000000000 ) ) ;
#3968 = VECTOR ( 'NONE', #2373, 1000.000000000000000 ) ;
#3969 = COLOUR_RGB ( '',0.2980392156862745057, 0.2980392156862745057, 0.2980392156862745057 ) ;
#3970 = VERTEX_POINT ( 'NONE', #5137 ) ;
#3971 = CARTESIAN_POINT ( 'NONE',  ( 2.180000000000001048, 0.000000000000000000, 2.969702453438674006 ) ) ;
#3972 = ORIENTED_EDGE ( 'NONE', *, *, #5329, .F. ) ;
#3973 = ORIENTED_EDGE ( 'NONE', *, *, #569, .T. ) ;
#3974 =( GEOMETRIC_REPRESENTATION_CONTEXT ( 3 ) GLOBAL_UNCERTAINTY_ASSIGNED_CONTEXT ( ( #4061 ) ) GLOBAL_UNIT_ASSIGNED_CONTEXT ( ( #8235, #4773, #5325 ) ) REPRESENTATION_CONTEXT ( 'NONE', 'WORKASPACE' ) );
#3975 = CARTESIAN_POINT ( 'NONE',  ( 0.3600000000000009859, -0.7040685209995984906, -3.443371010523358589 ) ) ;
#3976 =( NAMED_UNIT ( * ) SI_UNIT ( $, .STERADIAN. ) SOLID_ANGLE_UNIT ( ) );
#3977 = VERTEX_POINT ( 'NONE', #7926 ) ;
#3978 = CARTESIAN_POINT ( 'NONE',  ( 1.630000000000001004, -0.1499999999999999944, 3.100000000000000089 ) ) ;
#3979 = DIRECTION ( 'NONE',  ( -1.000000000000000000, 0.000000000000000000, 0.000000000000000000 ) ) ;
#3980 = ORIENTED_EDGE ( 'NONE', *, *, #3494, .T. ) ;
#3981 = STYLED_ITEM ( 'NONE', ( #4698 ), #3827 ) ;
#3982 = ORIENTED_EDGE ( 'NONE', *, *, #24, .F. ) ;
#3983 = STYLED_ITEM ( 'NONE', ( #7348 ), #1925 ) ;
#3984 = FILL_AREA_STYLE ('',( #3410 ) ) ;
#3985 = EDGE_CURVE ( 'NONE', #7341, #6677, #4454, .T. ) ;
#3986 = LINE ( 'NONE', #3700, #962 ) ;
#3987 = VECTOR ( 'NONE', #6838, 1000.000000000000000 ) ;
#3988 =( NAMED_UNIT ( * ) SI_UNIT ( $, .STERADIAN. ) SOLID_ANGLE_UNIT ( ) );
#3989 = VERTEX_POINT ( 'NONE', #7231 ) ;
#3990 = DIRECTION ( 'NONE',  ( -2.168404344971008868E-16, 0.000000000000000000, -1.000000000000000000 ) ) ;
#3991 = ORIENTED_EDGE ( 'NONE', *, *, #7164, .F. ) ;
#3992 = CARTESIAN_POINT ( 'NONE',  ( -3.104999999999999094, -0.1499999999999999944, -3.100000000000000089 ) ) ;
#3993 = FILL_AREA_STYLE_COLOUR ( '', #6650 ) ;
#3994 = SURFACE_STYLE_FILL_AREA ( #3335 ) ;
#3995 = VECTOR ( 'NONE', #1810, 1000.000000000000000 ) ;
#3996 = ORIENTED_EDGE ( 'NONE', *, *, #289, .T. ) ;
#3997 = SURFACE_STYLE_USAGE ( .BOTH. , #3235 ) ;
#3998 = DIRECTION ( 'NONE',  ( 1.000000000000000000, 0.000000000000000000, -3.942553354492739094E-16 ) ) ;
#3999 = CARTESIAN_POINT ( 'NONE',  ( -0.4599999999999993539, -0.6500000000000000222, 4.150000000000000355 ) ) ;
#4000 = SURFACE_STYLE_FILL_AREA ( #1240 ) ;
#4001 = DIRECTION ( 'NONE',  ( 0.000000000000000000, -1.000000000000000000, 4.336808689942015369E-15 ) ) ;
#4002 = DIRECTION ( 'NONE',  ( 0.7071067811865444641, -0.000000000000000000, 0.7071067811865505703 ) ) ;
#4003 = MECHANICAL_DESIGN_GEOMETRIC_PRESENTATION_REPRESENTATION (  '', ( #2861 ), #7368 ) ;
#4004 = DIRECTION ( 'NONE',  ( -0.000000000000000000, -1.000000000000000000, -0.000000000000000000 ) ) ;
#4005 = FILL_AREA_STYLE_COLOUR ( '', #3651 ) ;
#4006 = ORIENTED_EDGE ( 'NONE', *, *, #2297, .F. ) ;
#4007 =( NAMED_UNIT ( * ) SI_UNIT ( $, .STERADIAN. ) SOLID_ANGLE_UNIT ( ) );
#4008 = AXIS2_PLACEMENT_3D ( 'NONE', #845, #1606, #2268 ) ;
#4009 = PRESENTATION_STYLE_ASSIGNMENT (( #1255 ) ) ;
#4010 = EDGE_CURVE ( 'NONE', #7450, #2292, #3757, .T. ) ;
#4011 = SURFACE_SIDE_STYLE ('',( #2536 ) ) ;
#4012 = CARTESIAN_POINT ( 'NONE',  ( 0.4016436982002397071, -0.7999999999999999334, 4.091643698200238433 ) ) ;
#4013 = PRESENTATION_LAYER_ASSIGNMENT (  '', '', ( #2592 ) ) ;
#4014 = ORIENTED_EDGE ( 'NONE', *, *, #5825, .T. ) ;
#4015 = CARTESIAN_POINT ( 'NONE',  ( 2.180000000000001048, -0.2139543193336009841, 3.253973965717952943 ) ) ;
#4016 = ORIENTED_EDGE ( 'NONE', *, *, #6344, .F. ) ;
#4017 = CARTESIAN_POINT ( 'NONE',  ( 2.855380530190826605, -0.1499999999999999944, 2.949999999999999734 ) ) ;
#4018 = UNCERTAINTY_MEASURE_WITH_UNIT (LENGTH_MEASURE( 1.000000000000000082E-05 ), #187, 'distance_accuracy_value', 'NONE');
#4019 =( GEOMETRIC_REPRESENTATION_CONTEXT ( 3 ) GLOBAL_UNCERTAINTY_ASSIGNED_CONTEXT ( ( #6143 ) ) GLOBAL_UNIT_ASSIGNED_CONTEXT ( ( #147, #2974, #5168 ) ) REPRESENTATION_CONTEXT ( 'NONE', 'WORKASPACE' ) );
#4020 = ORIENTED_EDGE ( 'NONE', *, *, #4287, .F. ) ;
#4021 = CARTESIAN_POINT ( 'NONE',  ( -1.979999999999999538, 1.500000000000000000, 0.6249999999999995559 ) ) ;
#4022 = PRESENTATION_STYLE_ASSIGNMENT (( #3446 ) ) ;
#4023 = ORIENTED_EDGE ( 'NONE', *, *, #8518, .F. ) ;
#4024 = LINE ( 'NONE', #4791, #792 ) ;
#4025 = VECTOR ( 'NONE', #1478, 1000.000000000000000 ) ;
#4026 = MECHANICAL_DESIGN_GEOMETRIC_PRESENTATION_REPRESENTATION (  '', ( #2164 ), #7104 ) ;
#4027 = VERTEX_POINT ( 'NONE', #2225 ) ;
#4028 = FACE_OUTER_BOUND ( 'NONE', #5392, .T. ) ;
#4029 = VECTOR ( 'NONE', #1001, 1000.000000000000000 ) ;
#4030 = CARTESIAN_POINT ( 'NONE',  ( -0.7099999999999995204, 1.500000000000000000, 0.5249999999999995781 ) ) ;
#4031 = VECTOR ( 'NONE', #5905, 1000.000000000000000 ) ;
#4032 =( NAMED_UNIT ( * ) PLANE_ANGLE_UNIT ( ) SI_UNIT ( $, .RADIAN. ) );
#4033 = ADVANCED_FACE ( 'NONE', ( #5017 ), #7794, .T. ) ;
#4034 = DIRECTION ( 'NONE',  ( 0.000000000000000000, 0.000000000000000000, -1.000000000000000000 ) ) ;
#4035 = DIRECTION ( 'NONE',  ( 0.000000000000000000, 0.000000000000000000, 1.000000000000000000 ) ) ;
#4036 = ADVANCED_FACE ( 'NONE', ( #58 ), #8246, .F. ) ;
#4037 = STYLED_ITEM ( 'NONE', ( #3060 ), #6188 ) ;
#4038 = FACE_OUTER_BOUND ( 'NONE', #2430, .T. ) ;
#4039 =( LENGTH_UNIT ( ) NAMED_UNIT ( * ) SI_UNIT ( .MILLI., .METRE. ) );
#4040 = ORIENTED_EDGE ( 'NONE', *, *, #4287, .T. ) ;
#4041 = CARTESIAN_POINT ( 'NONE',  ( 0.9100000000000010303, -0.7999999999999999334, -3.583287396400482105 ) ) ;
#4042 = ORIENTED_EDGE ( 'NONE', *, *, #6712, .F. ) ;
#4043 = ADVANCED_FACE ( 'NONE', ( #6154 ), #6972, .T. ) ;
#4044 = CARTESIAN_POINT ( 'NONE',  ( -2.179999999999999272, 1.399999999999999911, 1.262607324199603642 ) ) ;
#4045 = SURFACE_STYLE_USAGE ( .BOTH. , #3337 ) ;
#4046 = LINE ( 'NONE', #3288, #1046 ) ;
#4047 = DIRECTION ( 'NONE',  ( 0.000000000000000000, 0.000000000000000000, 1.000000000000000000 ) ) ;
#4048 = FILL_AREA_STYLE_COLOUR ( '', #3969 ) ;
#4049 = EDGE_LOOP ( 'NONE', ( #1120, #2086, #488, #1911 ) ) ;
#4050 = DIRECTION ( 'NONE',  ( -0.000000000000000000, 0.9327759058474841547, 0.3604568066639957102 ) ) ;
#4051 = UNCERTAINTY_MEASURE_WITH_UNIT (LENGTH_MEASURE( 1.000000000000000082E-05 ), #7409, 'distance_accuracy_value', 'NONE');
#4052 = PLANE ( 'NONE',  #7048 ) ;
#4053 = SURFACE_SIDE_STYLE ('',( #504 ) ) ;
#4054 = ORIENTED_EDGE ( 'NONE', *, *, #4774, .F. ) ;
#4055 = LINE ( 'NONE', #643, #1133 ) ;
#4056 = ORIENTED_EDGE ( 'NONE', *, *, #7373, .F. ) ;
#4057 = ORIENTED_EDGE ( 'NONE', *, *, #7472, .T. ) ;
#4058 = DIRECTION ( 'NONE',  ( 0.000000000000000000, 0.000000000000000000, 1.000000000000000000 ) ) ;
#4059 = CARTESIAN_POINT ( 'NONE',  ( 2.811576899921970796, -0.6506777850238344429, -2.906196369731144813 ) ) ;
#4060 = CARTESIAN_POINT ( 'NONE',  ( -1.829999999999998961, 1.500000000000000000, 0.5249999999999995781 ) ) ;
#4061 = UNCERTAINTY_MEASURE_WITH_UNIT (LENGTH_MEASURE( 1.000000000000000082E-05 ), #8235, 'distance_accuracy_value', 'NONE');
#4062 = CARTESIAN_POINT ( 'NONE',  ( 0.000000000000000000, 1.399999999999999911, 0.000000000000000000 ) ) ;
#4063 = SURFACE_SIDE_STYLE ('',( #7511 ) ) ;
#4064 =( BOUNDED_CURVE ( )  B_SPLINE_CURVE ( 3, ( #7995, #2572, #3234, #5359 ),
 .UNSPECIFIED., .F., .T. ) 
 B_SPLINE_CURVE_WITH_KNOTS ( ( 4, 4 ),
 ( 5.501585242055421432, 7.064785372303751032 ),
 .UNSPECIFIED. ) 
 CURVE ( )  GEOMETRIC_REPRESENTATION_ITEM ( )  RATIONAL_B_SPLINE_CURVE ( ( 1.000000000000000000, 0.8065248903853490248, 0.8065248903853490248, 1.000000000000000000 ) ) 
 REPRESENTATION_ITEM ( '' )  );
#4065 = CARTESIAN_POINT ( 'NONE',  ( 2.919242020644471136, -0.5587155742747659248, -2.814622550835295112 ) ) ;
#4066 = ORIENTED_EDGE ( 'NONE', *, *, #1708, .F. ) ;
#4067 = EDGE_CURVE ( 'NONE', #3045, #2037, #1354, .T. ) ;
#4068 = MECHANICAL_DESIGN_GEOMETRIC_PRESENTATION_REPRESENTATION (  '', ( #1761 ), #5105 ) ;
#4069 = ORIENTED_EDGE ( 'NONE', *, *, #5566, .F. ) ;
#4070 = ORIENTED_EDGE ( 'NONE', *, *, #8721, .F. ) ;
#4071 = FACE_OUTER_BOUND ( 'NONE', #7848, .T. ) ;
#4072 = ADVANCED_FACE ( 'NONE', ( #2698 ), #7578, .F. ) ;
#4073 = CARTESIAN_POINT ( 'NONE',  ( 0.4600000000000003531, 1.500000000000000000, -0.6250000000000004441 ) ) ;
#4074 = CARTESIAN_POINT ( 'NONE',  ( -1.729999999999998872, 1.500000000000000000, 0.6249999999999995559 ) ) ;
#4075 = EDGE_LOOP ( 'NONE', ( #3156, #6684, #6129, #2073 ) ) ;
#4076 = ADVANCED_FACE ( 'NONE', ( #4745 ), #8300, .F. ) ;
#4077 = DIRECTION ( 'NONE',  ( 0.000000000000000000, 0.000000000000000000, 1.000000000000000000 ) ) ;
#4078 =( GEOMETRIC_REPRESENTATION_CONTEXT ( 3 ) GLOBAL_UNCERTAINTY_ASSIGNED_CONTEXT ( ( #1329 ) ) GLOBAL_UNIT_ASSIGNED_CONTEXT ( ( #7111, #5069, #8532 ) ) REPRESENTATION_CONTEXT ( 'NONE', 'WORKASPACE' ) );
#4079 = CARTESIAN_POINT ( 'NONE',  ( -2.179999999999998828, 1.500000000000000000, 1.999999999999999556 ) ) ;
#4080 = EDGE_CURVE ( 'NONE', #6294, #1881, #7534, .T. ) ;
#4081 = ORIENTED_EDGE ( 'NONE', *, *, #5186, .T. ) ;
#4082 = SURFACE_STYLE_USAGE ( .BOTH. , #577 ) ;
#4083 = PRESENTATION_LAYER_ASSIGNMENT (  '', '', ( #7745 ) ) ;
#4084 =( LENGTH_UNIT ( ) NAMED_UNIT ( * ) SI_UNIT ( .MILLI., .METRE. ) );
#4085 = DIRECTION ( 'NONE',  ( 0.000000000000000000, -0.000000000000000000, -1.000000000000000000 ) ) ;
#4086 = SURFACE_STYLE_USAGE ( .BOTH. , #6158 ) ;
#4087 = EDGE_LOOP ( 'NONE', ( #6150, #3281, #39, #7552 ) ) ;
#4088 = ORIENTED_EDGE ( 'NONE', *, *, #2895, .T. ) ;
#4089 = SURFACE_STYLE_FILL_AREA ( #5393 ) ;
#4090 = VECTOR ( 'NONE', #3855, 1000.000000000000000 ) ;
#4091 = DIRECTION ( 'NONE',  ( -0.7071067811865505703, 0.000000000000000000, 0.7071067811865444641 ) ) ;
#4092 = PRESENTATION_STYLE_ASSIGNMENT (( #588 ) ) ;
#4093 = PRESENTATION_STYLE_ASSIGNMENT (( #6299 ) ) ;
#4094 = VECTOR ( 'NONE', #7685, 1000.000000000000114 ) ;
#4095 = CARTESIAN_POINT ( 'NONE',  ( -0.5599999999999994982, 1.500000000000000000, -0.5250000000000004663 ) ) ;
#4096 = CARTESIAN_POINT ( 'NONE',  ( -0.3599999999999990985, -0.1500000000000001610, 3.160696375133204228 ) ) ;
#4097 = FILL_AREA_STYLE ('',( #5541 ) ) ;
#4098 = DIRECTION ( 'NONE',  ( 0.7071067811865444641, -0.000000000000000000, 0.7071067811865505703 ) ) ;
#4099 =( NAMED_UNIT ( * ) SI_UNIT ( $, .STERADIAN. ) SOLID_ANGLE_UNIT ( ) );
#4100 = ORIENTED_EDGE ( 'NONE', *, *, #2735, .F. ) ;
#4101 = ORIENTED_EDGE ( 'NONE', *, *, #7801, .F. ) ;
#4102 = PRESENTATION_LAYER_ASSIGNMENT (  '', '', ( #8045 ) ) ;
#4103 = VERTEX_POINT ( 'NONE', #7479 ) ;
#4104 = LINE ( 'NONE', #8280, #5963 ) ;
#4105 = FACE_OUTER_BOUND ( 'NONE', #4087, .T. ) ;
#4106 = ORIENTED_EDGE ( 'NONE', *, *, #2596, .T. ) ;
#4107 = FACE_OUTER_BOUND ( 'NONE', #4837, .T. ) ;
#4108 = FILL_AREA_STYLE ('',( #1254 ) ) ;
#4109 = EDGE_CURVE ( 'NONE', #8093, #6559, #1226, .T. ) ;
#4110 = MECHANICAL_DESIGN_GEOMETRIC_PRESENTATION_REPRESENTATION (  '', ( #616 ), #908 ) ;
#4111 = COLOUR_RGB ( '',0.6470588235294117974, 0.6196078431372549211, 0.5882352941176470784 ) ;
#4112 = VECTOR ( 'NONE', #912, 1000.000000000000000 ) ;
#4113 = SURFACE_SIDE_STYLE ('',( #4684 ) ) ;
#4114 = ORIENTED_EDGE ( 'NONE', *, *, #4768, .F. ) ;
#4115 = PRESENTATION_LAYER_ASSIGNMENT (  '', '', ( #619 ) ) ;
#4116 = PRESENTATION_LAYER_ASSIGNMENT (  '', '', ( #6898 ) ) ;
#4117 = AXIS2_PLACEMENT_3D ( 'NONE', #7742, #5049, #2089 ) ;
#4118 = ORIENTED_EDGE ( 'NONE', *, *, #8803, .T. ) ;
#4119 = CARTESIAN_POINT ( 'NONE',  ( 1.630000000000001004, -0.1499999999999999667, 3.229259809214934940 ) ) ;
#4120 = VECTOR ( 'NONE', #7330, 1000.000000000000000 ) ;
#4121 = LINE ( 'NONE', #2732, #2231 ) ;
#4122 = CIRCLE ( 'NONE', #337, 0.09999999999999982514 ) ;
#4123 = ORIENTED_EDGE ( 'NONE', *, *, #5775, .T. ) ;
#4124 = PRESENTATION_LAYER_ASSIGNMENT (  '', '', ( #1065 ) ) ;
#4125 =( LENGTH_UNIT ( ) NAMED_UNIT ( * ) SI_UNIT ( .MILLI., .METRE. ) );
#4126 = EDGE_CURVE ( 'NONE', #7515, #8439, #2223, .T. ) ;
#4127 = COLOUR_RGB ( '',0.2980392156862745057, 0.2980392156862745057, 0.2980392156862745057 ) ;
#4128 = CARTESIAN_POINT ( 'NONE',  ( -2.038578643762689602, 1.500000000000000000, 0.5835786437626900858 ) ) ;
#4129 = EDGE_LOOP ( 'NONE', ( #8731, #2952, #5798, #2801 ) ) ;
#4130 =( LENGTH_UNIT ( ) NAMED_UNIT ( * ) SI_UNIT ( .MILLI., .METRE. ) );
#4131 =( GEOMETRIC_REPRESENTATION_CONTEXT ( 3 ) GLOBAL_UNCERTAINTY_ASSIGNED_CONTEXT ( ( #2508 ) ) GLOBAL_UNIT_ASSIGNED_CONTEXT ( ( #2041, #6137, #4722 ) ) REPRESENTATION_CONTEXT ( 'NONE', 'WORKASPACE' ) );
#4132 = MECHANICAL_DESIGN_GEOMETRIC_PRESENTATION_REPRESENTATION (  '', ( #5617 ), #2703 ) ;
#4133 =( NAMED_UNIT ( * ) SI_UNIT ( $, .STERADIAN. ) SOLID_ANGLE_UNIT ( ) );
#4134 =( NAMED_UNIT ( * ) SI_UNIT ( $, .STERADIAN. ) SOLID_ANGLE_UNIT ( ) );
#4135 = SURFACE_SIDE_STYLE ('',( #7625 ) ) ;
#4136 = EDGE_CURVE ( 'NONE', #2985, #7819, #763, .T. ) ;
#4137 = STYLED_ITEM ( 'NONE', ( #8835 ), #1920 ) ;
#4138 = VERTEX_POINT ( 'NONE', #4322 ) ;
#4139 = CARTESIAN_POINT ( 'NONE',  ( 0.000000000000000000, 1.100000000000000089, 0.000000000000000000 ) ) ;
#4140 = PRESENTATION_STYLE_ASSIGNMENT (( #9008 ) ) ;
#4141 = MECHANICAL_DESIGN_GEOMETRIC_PRESENTATION_REPRESENTATION (  '', ( #2994 ), #941 ) ;
#4142 = LINE ( 'NONE', #2110, #4318 ) ;
#4143 = FILL_AREA_STYLE_COLOUR ( '', #3399 ) ;
#4144 = DIRECTION ( 'NONE',  ( 0.000000000000000000, 0.9327759058474844878, 0.3604568066639949886 ) ) ;
#4145 = ORIENTED_EDGE ( 'NONE', *, *, #4331, .F. ) ;
#4146 =( NAMED_UNIT ( * ) PLANE_ANGLE_UNIT ( ) SI_UNIT ( $, .RADIAN. ) );
#4147 = DIRECTION ( 'NONE',  ( 0.000000000000000000, 0.000000000000000000, -1.000000000000000000 ) ) ;
#4148 = FACE_OUTER_BOUND ( 'NONE', #7883, .T. ) ;
#4149 = VERTEX_POINT ( 'NONE', #167 ) ;
#4150 = CARTESIAN_POINT ( 'NONE',  ( 0.9100000000000010303, 0.000000000000000000, -3.229259809214934052 ) ) ;
#4151 = ORIENTED_EDGE ( 'NONE', *, *, #6814, .F. ) ;
#4152 = COLOUR_RGB ( '',0.6470588235294117974, 0.6196078431372549211, 0.5882352941176470784 ) ;
#4153 = ORIENTED_EDGE ( 'NONE', *, *, #3363, .T. ) ;
#4154 = LINE ( 'NONE', #1424, #3699 ) ;
#4155 = FILL_AREA_STYLE_COLOUR ( '', #5129 ) ;
#4156 = CARTESIAN_POINT ( 'NONE',  ( -1.638748866352591982, 1.399999999999999911, -1.991251133647408134 ) ) ;
#4157 = DIRECTION ( 'NONE',  ( -1.000000000000000000, 0.000000000000000000, 0.000000000000000000 ) ) ;
#4158 = EDGE_CURVE ( 'NONE', #5977, #818, #6379, .T. ) ;
#4159 = EDGE_CURVE ( 'NONE', #3015, #6014, #8529, .T. ) ;
#4160 =( LENGTH_UNIT ( ) NAMED_UNIT ( * ) SI_UNIT ( .MILLI., .METRE. ) );
#4161 = AXIS2_PLACEMENT_3D ( 'NONE', #8483, #5107, #8531 ) ;
#4162 = EDGE_LOOP ( 'NONE', ( #2514, #2961, #8827, #365 ) ) ;
#4163 = UNCERTAINTY_MEASURE_WITH_UNIT (LENGTH_MEASURE( 1.000000000000000082E-05 ), #1501, 'distance_accuracy_value', 'NONE');
#4164 = DIRECTION ( 'NONE',  ( -1.000000000000000000, -0.000000000000000000, -0.000000000000000000 ) ) ;
#4165 = VECTOR ( 'NONE', #62, 1000.000000000000000 ) ;
#4166 = EDGE_CURVE ( 'NONE', #8173, #2793, #5057, .T. ) ;
#4167 = EDGE_LOOP ( 'NONE', ( #3340, #8337, #8774, #8588 ) ) ;
#4168 = PRESENTATION_STYLE_ASSIGNMENT (( #842 ) ) ;
#4169 = FACE_OUTER_BOUND ( 'NONE', #2517, .T. ) ;
#4170 = DIRECTION ( 'NONE',  ( 0.000000000000000000, -0.9961946980917455452, -0.08715574274765836016 ) ) ;
#4171 =( GEOMETRIC_REPRESENTATION_CONTEXT ( 3 ) GLOBAL_UNCERTAINTY_ASSIGNED_CONTEXT ( ( #86 ) ) GLOBAL_UNIT_ASSIGNED_CONTEXT ( ( #8586, #8035, #5817 ) ) REPRESENTATION_CONTEXT ( 'NONE', 'WORKASPACE' ) );
#4172 = DIRECTION ( 'NONE',  ( -0.000000000000000000, -0.000000000000000000, 1.000000000000000000 ) ) ;
#4173 = CARTESIAN_POINT ( 'NONE',  ( 0.3600000000000000977, 1.399999999999999911, 1.991251133647407245 ) ) ;
#4174 = ORIENTED_EDGE ( 'NONE', *, *, #3659, .F. ) ;
#4175 = FILL_AREA_STYLE ('',( #1442 ) ) ;
#4176 = LINE ( 'NONE', #1310, #8371 ) ;
#4177 = ORIENTED_EDGE ( 'NONE', *, *, #5835, .T. ) ;
#4178 = STYLED_ITEM ( 'NONE', ( #441 ), #6297 ) ;
#4179 = VECTOR ( 'NONE', #1639, 1000.000000000000114 ) ;
#4180 = DIRECTION ( 'NONE',  ( -0.000000000000000000, 0.9327759058474841547, 0.3604568066639957102 ) ) ;
#4181 = DIRECTION ( 'NONE',  ( 1.000000000000000000, 0.000000000000000000, -3.942553354492737614E-16 ) ) ;
#4182 = FILL_AREA_STYLE_COLOUR ( '', #934 ) ;
#4183 = FILL_AREA_STYLE ('',( #5434 ) ) ;
#4184 = ORIENTED_EDGE ( 'NONE', *, *, #3035, .F. ) ;
#4185 = MECHANICAL_DESIGN_GEOMETRIC_PRESENTATION_REPRESENTATION (  '', ( #4487 ), #250 ) ;
#4186 = COLOUR_RGB ( '',0.6470588235294117974, 0.6196078431372549211, 0.5882352941176470784 ) ;
#4187 = ORIENTED_EDGE ( 'NONE', *, *, #5837, .F. ) ;
#4188 = LINE ( 'NONE', #7754, #772 ) ;
#4189 = PRESENTATION_LAYER_ASSIGNMENT (  '', '', ( #8137 ) ) ;
#4190 = CARTESIAN_POINT ( 'NONE',  ( -3.104999999999999094, 0.000000000000000000, -3.100000000000000089 ) ) ;
#4191 = ADVANCED_FACE ( 'NONE', ( #4398 ), #1533, .F. ) ;
#4192 = VECTOR ( 'NONE', #8854, 1000.000000000000227 ) ;
#4193 =( LENGTH_UNIT ( ) NAMED_UNIT ( * ) SI_UNIT ( .MILLI., .METRE. ) );
#4194 = DIRECTION ( 'NONE',  ( -0.000000000000000000, 0.000000000000000000, 1.000000000000000000 ) ) ;
#4195 = EDGE_CURVE ( 'NONE', #3516, #7383, #8432, .T. ) ;
#4196 = VERTEX_POINT ( 'NONE', #5698 ) ;
#4197 = CARTESIAN_POINT ( 'NONE',  ( -1.629999999999998561, -0.6499999999999998002, 3.651850830482212373 ) ) ;
#4198 = CARTESIAN_POINT ( 'NONE',  ( 1.629999999999999893, 1.100000000000000089, -1.262607324199603642 ) ) ;
#4199 = DIRECTION ( 'NONE',  ( 1.000000000000000000, -0.000000000000000000, -0.000000000000000000 ) ) ;
#4200 = ORIENTED_EDGE ( 'NONE', *, *, #2764, .T. ) ;
#4201 = ORIENTED_EDGE ( 'NONE', *, *, #8961, .T. ) ;
#4202 = EDGE_CURVE ( 'NONE', #4149, #1740, #3630, .T. ) ;
#4203 = EDGE_LOOP ( 'NONE', ( #2710, #2593, #2474, #3563 ) ) ;
#4204 = DIRECTION ( 'NONE',  ( 1.000000000000000000, 0.000000000000000000, -3.942553354492739094E-16 ) ) ;
#4205 = LINE ( 'NONE', #2299, #2214 ) ;
#4206 = ORIENTED_EDGE ( 'NONE', *, *, #4158, .F. ) ;
#4207 = SURFACE_SIDE_STYLE ('',( #3390 ) ) ;
#4208 = ORIENTED_EDGE ( 'NONE', *, *, #4507, .F. ) ;
#4209 = SURFACE_STYLE_FILL_AREA ( #5381 ) ;
#4210 = FILL_AREA_STYLE_COLOUR ( '', #1849 ) ;
#4211 = FACE_OUTER_BOUND ( 'NONE', #3715, .T. ) ;
#4212 = ORIENTED_EDGE ( 'NONE', *, *, #7093, .T. ) ;
#4213 = LINE ( 'NONE', #6822, #3787 ) ;
#4214 = EDGE_CURVE ( 'NONE', #5809, #3799, #5955, .T. ) ;
#4215 = EDGE_CURVE ( 'NONE', #3212, #1203, #1564, .T. ) ;
#4216 = ORIENTED_EDGE ( 'NONE', *, *, #5322, .T. ) ;
#4217 = CARTESIAN_POINT ( 'NONE',  ( 2.180000000000001048, -0.7999999999999999334, 3.583287396400482105 ) ) ;
#4218 = CARTESIAN_POINT ( 'NONE',  ( -0.3599999999999990985, -0.5860456806663989493, -3.558573239897463658 ) ) ;
#4219 = DIRECTION ( 'NONE',  ( 0.08682659386424779191, -0.9924325091389669673, -0.08682659386424779191 ) ) ;
#4220 = CARTESIAN_POINT ( 'NONE',  ( 1.630000000000001004, -0.6500000000000000222, 3.583287396400481217 ) ) ;
#4221 = CARTESIAN_POINT ( 'NONE',  ( 0.8099999999999999423, 1.399999999999999911, -0.6250000000000004441 ) ) ;
#4222 = ORIENTED_EDGE ( 'NONE', *, *, #5994, .F. ) ;
#4223 = PRESENTATION_STYLE_ASSIGNMENT (( #711 ) ) ;
#4224 = EDGE_CURVE ( 'NONE', #5859, #5544, #7709, .T. ) ;
#4225 = DIRECTION ( 'NONE',  ( -1.000000000000000000, 0.000000000000000000, 0.000000000000000000 ) ) ;
#4226 = DIRECTION ( 'NONE',  ( -1.000000000000000000, -0.000000000000000000, -0.000000000000000000 ) ) ;
#4227 = LINE ( 'NONE', #7015, #4310 ) ;
#4228 =( GEOMETRIC_REPRESENTATION_CONTEXT ( 3 ) GLOBAL_UNCERTAINTY_ASSIGNED_CONTEXT ( ( #1850 ) ) GLOBAL_UNIT_ASSIGNED_CONTEXT ( ( #5397, #8819, #6797 ) ) REPRESENTATION_CONTEXT ( 'NONE', 'WORKASPACE' ) );
#4229 = EDGE_CURVE ( 'NONE', #8358, #3397, #4227, .T. ) ;
#4230 =( NAMED_UNIT ( * ) PLANE_ANGLE_UNIT ( ) SI_UNIT ( $, .RADIAN. ) );
#4231 = ORIENTED_EDGE ( 'NONE', *, *, #3590, .T. ) ;
#4232 = DIRECTION ( 'NONE',  ( 0.000000000000000000, 0.000000000000000000, -1.000000000000000000 ) ) ;
#4233 = CARTESIAN_POINT ( 'NONE',  ( 2.079999999999999183, 1.399999999999999911, -0.6250000000000004441 ) ) ;
#4234 = ORIENTED_EDGE ( 'NONE', *, *, #3618, .T. ) ;
#4235 = CARTESIAN_POINT ( 'NONE',  ( -1.629999999999998783, 1.500000000000000000, 1.999999999999999556 ) ) ;
#4236 =( NAMED_UNIT ( * ) SI_UNIT ( $, .STERADIAN. ) SOLID_ANGLE_UNIT ( ) );
#4237 = VECTOR ( 'NONE', #4621, 1000.000000000000000 ) ;
#4238 = SURFACE_STYLE_USAGE ( .BOTH. , #775 ) ;
#4239 = LINE ( 'NONE', #6849, #8596 ) ;
#4240 = CARTESIAN_POINT ( 'NONE',  ( -2.179999999999999716, 1.500000000000000000, -2.000000000000000444 ) ) ;
#4241 = ORIENTED_EDGE ( 'NONE', *, *, #2650, .F. ) ;
#4242 = AXIS2_PLACEMENT_3D ( 'NONE', #7809, #9019, #2756 ) ;
#4243 = DIRECTION ( 'NONE',  ( -1.000000000000000000, -0.000000000000000000, -0.000000000000000000 ) ) ;
#4244 = SURFACE_STYLE_FILL_AREA ( #1459 ) ;
#4245 = DIRECTION ( 'NONE',  ( 0.000000000000000000, 0.000000000000000000, -1.000000000000000000 ) ) ;
#4246 = EDGE_CURVE ( 'NONE', #8091, #3013, #7955, .T. ) ;
#4247 = ORIENTED_EDGE ( 'NONE', *, *, #3588, .F. ) ;
#4248 =( LENGTH_UNIT ( ) NAMED_UNIT ( * ) SI_UNIT ( .MILLI., .METRE. ) );
#4249 = EDGE_CURVE ( 'NONE', #2380, #6653, #5337, .T. ) ;
#4250 = ORIENTED_EDGE ( 'NONE', *, *, #5969, .F. ) ;
#4251 = LINE ( 'NONE', #5680, #5728 ) ;
#4252 = AXIS2_PLACEMENT_3D ( 'NONE', #2192, #8396, #6255 ) ;
#4253 = CARTESIAN_POINT ( 'NONE',  ( 1.829999999999999627, 1.399999999999999911, 6.349087922075112979E-16 ) ) ;
#4254 = DIRECTION ( 'NONE',  ( 1.000000000000000000, 0.000000000000000000, -0.000000000000000000 ) ) ;
#4255 = ADVANCED_FACE ( 'NONE', ( #1022 ), #6586, .F. ) ;
#4256 = DIRECTION ( 'NONE',  ( -0.000000000000000000, 1.000000000000000000, 0.000000000000000000 ) ) ;
#4257 = EDGE_CURVE ( 'NONE', #7759, #6807, #5278, .T. ) ;
#4258 =( NAMED_UNIT ( * ) SI_UNIT ( $, .STERADIAN. ) SOLID_ANGLE_UNIT ( ) );
#4259 = AXIS2_PLACEMENT_3D ( 'NONE', #5306, #5361, #7442 ) ;
#4260 = EDGE_CURVE ( 'NONE', #5126, #1203, #6498, .T. ) ;
#4261 = STYLED_ITEM ( 'NONE', ( #7025 ), #2364 ) ;
#4262 = AXIS2_PLACEMENT_3D ( 'NONE', #1285, #4755, #3236 ) ;
#4263 = ORIENTED_EDGE ( 'NONE', *, *, #3475, .T. ) ;
#4264 = ORIENTED_EDGE ( 'NONE', *, *, #338, .T. ) ;
#4265 = STYLED_ITEM ( 'NONE', ( #5351 ), #7580 ) ;
#4266 =( NAMED_UNIT ( * ) SI_UNIT ( $, .STERADIAN. ) SOLID_ANGLE_UNIT ( ) );
#4267 =( NAMED_UNIT ( * ) PLANE_ANGLE_UNIT ( ) SI_UNIT ( $, .RADIAN. ) );
#4268 = CARTESIAN_POINT ( 'NONE',  ( 0.3600000000000000977, 1.500000000000000000, 1.999999999999999556 ) ) ;
#4269 =( LENGTH_UNIT ( ) NAMED_UNIT ( * ) SI_UNIT ( .MILLI., .METRE. ) );
#4270 = ORIENTED_EDGE ( 'NONE', *, *, #5010, .F. ) ;
#4271 = PLANE ( 'NONE',  #4387 ) ;
#4272 = SHAPE_DEFINITION_REPRESENTATION ( #8829, #4396 ) ;
#4273 = PRESENTATION_LAYER_ASSIGNMENT (  '', '', ( #1954 ) ) ;
#4274 = LINE ( 'NONE', #7707, #1463 ) ;
#4275 = VECTOR ( 'NONE', #4219, 1000.000000000000114 ) ;
#4276 = DIRECTION ( 'NONE',  ( 0.7071067811865473507, -0.000000000000000000, 0.7071067811865477948 ) ) ;
#4277 = UNCERTAINTY_MEASURE_WITH_UNIT (LENGTH_MEASURE( 1.000000000000000082E-05 ), #1939, 'distance_accuracy_value', 'NONE');
#4278 = CARTESIAN_POINT ( 'NONE',  ( -2.919242020644469360, -0.5587155742747659248, -2.814622550835295112 ) ) ;
#4279 = CARTESIAN_POINT ( 'NONE',  ( -0.9099999999999991429, -0.6499999999999998002, 3.651850830482212373 ) ) ;
#4280 = VECTOR ( 'NONE', #4775, 1000.000000000000000 ) ;
#4281 = CARTESIAN_POINT ( 'NONE',  ( -2.855380530190824828, -0.1499999999999999944, 2.949999999999999734 ) ) ;
#4282 = SURFACE_STYLE_USAGE ( .BOTH. , #7795 ) ;
#4283 = ORIENTED_EDGE ( 'NONE', *, *, #7487, .F. ) ;
#4284 = COLOUR_RGB ( '',0.2980392156862745057, 0.2980392156862745057, 0.2980392156862745057 ) ;
#4285 = VECTOR ( 'NONE', #4004, 1000.000000000000000 ) ;
#4286 = PRESENTATION_LAYER_ASSIGNMENT (  '', '', ( #8226 ) ) ;
#4287 = EDGE_CURVE ( 'NONE', #8015, #4196, #3140, .T. ) ;
#4288 = DIRECTION ( 'NONE',  ( 0.000000000000000000, -0.9327759058474844878, -0.3604568066639949886 ) ) ;
#4289 = SURFACE_SIDE_STYLE ('',( #4978 ) ) ;
#4290 = PRESENTATION_LAYER_ASSIGNMENT (  '', '', ( #3558 ) ) ;
#4291 = CYLINDRICAL_SURFACE ( 'NONE', #2784, 0.1499999999999999667 ) ;
#4292 = CARTESIAN_POINT ( 'NONE',  ( 1.730000000000001315, -0.6500000000000000222, -4.150000000000000355 ) ) ;
#4293 = VECTOR ( 'NONE', #5244, 1000.000000000000000 ) ;
#4294 = MECHANICAL_DESIGN_GEOMETRIC_PRESENTATION_REPRESENTATION (  '', ( #1813 ), #5910 ) ;
#4295 = VERTEX_POINT ( 'NONE', #8743 ) ;
#4296 = CARTESIAN_POINT ( 'NONE',  ( 1.729999999999999316, 1.500000000000000000, 0.6249999999999995559 ) ) ;
#4297 = CARTESIAN_POINT ( 'NONE',  ( -0.9099999999999991429, -0.6500000000000000222, 3.583287396400481217 ) ) ;
#4298 = CARTESIAN_POINT ( 'NONE',  ( -1.629999999999998561, -0.09593147900040135956, 3.369176195092057569 ) ) ;
#4299 = VERTEX_POINT ( 'NONE', #8103 ) ;
#4300 = DIRECTION ( 'NONE',  ( -1.000000000000000000, -0.000000000000000000, -0.000000000000000000 ) ) ;
#4301 = CARTESIAN_POINT ( 'NONE',  ( -0.9099999999999991429, -0.2500000000000000000, -3.160696375133204672 ) ) ;
#4302 = DIRECTION ( 'NONE',  ( 0.000000000000000000, 0.000000000000000000, 1.000000000000000000 ) ) ;
#4303 = DIRECTION ( 'NONE',  ( -1.000000000000000000, -0.000000000000000000, -0.000000000000000000 ) ) ;
#4304 = LINE ( 'NONE', #8727, #6098 ) ;
#4305 = COLOUR_RGB ( '',0.6470588235294117974, 0.6196078431372549211, 0.5882352941176470784 ) ;
#4306 =( NAMED_UNIT ( * ) PLANE_ANGLE_UNIT ( ) SI_UNIT ( $, .RADIAN. ) );
#4307 = ORIENTED_EDGE ( 'NONE', *, *, #2481, .F. ) ;
#4308 = SURFACE_SIDE_STYLE ('',( #1600 ) ) ;
#4309 = FILL_AREA_STYLE_COLOUR ( '', #3611 ) ;
#4310 = VECTOR ( 'NONE', #7749, 1000.000000000000114 ) ;
#4311 = ORIENTED_EDGE ( 'NONE', *, *, #5156, .F. ) ;
#4312 = EDGE_CURVE ( 'NONE', #3931, #7434, #293, .T. ) ;
#4313 = FILL_AREA_STYLE_COLOUR ( '', #5777 ) ;
#4314 = FILL_AREA_STYLE ('',( #7780 ) ) ;
#4315 = DIRECTION ( 'NONE',  ( -0.000000000000000000, -0.000000000000000000, -1.000000000000000000 ) ) ;
#4316 = CARTESIAN_POINT ( 'NONE',  ( -0.9012511336474076096, 1.399999999999999911, -1.262607324199603642 ) ) ;
#4317 = COLOUR_RGB ( '',0.6470588235294117974, 0.6196078431372549211, 0.5882352941176470784 ) ;
#4318 = VECTOR ( 'NONE', #4879, 1000.000000000000000 ) ;
#4319 = FILL_AREA_STYLE ('',( #165 ) ) ;
#4320 =( BOUNDED_CURVE ( )  B_SPLINE_CURVE ( 3, ( #7525, #659, #6775, #3316 ),
 .UNSPECIFIED., .F., .T. ) 
 B_SPLINE_CURVE_WITH_KNOTS ( ( 4, 4 ),
 ( 0.000000000000000000, 1.570796326794896558 ),
 .UNSPECIFIED. ) 
 CURVE ( )  GEOMETRIC_REPRESENTATION_ITEM ( )  RATIONAL_B_SPLINE_CURVE ( ( 1.000000000000000000, 0.8047378541243649375, 0.8047378541243649375, 1.000000000000000000 ) ) 
 REPRESENTATION_ITEM ( '' )  );
#4321 = VECTOR ( 'NONE', #6682, 1000.000000000000114 ) ;
#4322 = CARTESIAN_POINT ( 'NONE',  ( 1.730000000000000426, -0.7999999999999999334, 4.150000000000000355 ) ) ;
#4323 = DIRECTION ( 'NONE',  ( -1.000000000000000000, -0.000000000000000000, -0.000000000000000000 ) ) ;
#4324 = DIRECTION ( 'NONE',  ( 0.000000000000000000, -0.3604568066639957102, 0.9327759058474842657 ) ) ;
#4325 = AXIS2_PLACEMENT_3D ( 'NONE', #7342, #1091, #6654 ) ;
#4326 = ORIENTED_EDGE ( 'NONE', *, *, #4558, .T. ) ;
#4327 = DIRECTION ( 'NONE',  ( -3.942553354492737614E-16, 0.000000000000000000, -1.000000000000000000 ) ) ;
#4328 = CIRCLE ( 'NONE', #8268, 0.1000000000000000472 ) ;
#4329 = SURFACE_SIDE_STYLE ('',( #5021 ) ) ;
#4330 = EDGE_CURVE ( 'NONE', #710, #6302, #3080, .T. ) ;
#4331 = EDGE_CURVE ( 'NONE', #555, #3723, #8697, .T. ) ;
#4332 = CARTESIAN_POINT ( 'NONE',  ( 2.180000000000001048, -0.5860456806663989493, 3.558573239897463658 ) ) ;
#4333 = CARTESIAN_POINT ( 'NONE',  ( 1.630000000000001004, -0.7999999999999999334, 3.583287396400482105 ) ) ;
#4334 = AXIS2_PLACEMENT_3D ( 'NONE', #3924, #6825, #4254 ) ;
#4335 = VERTEX_POINT ( 'NONE', #4543 ) ;
#4336 = DIRECTION ( 'NONE',  ( 0.000000000000000000, 0.000000000000000000, -1.000000000000000000 ) ) ;
#4337 = DIRECTION ( 'NONE',  ( 0.000000000000000000, 1.000000000000000000, 0.000000000000000000 ) ) ;
#4338 = EDGE_CURVE ( 'NONE', #1171, #234, #8011, .T. ) ;
#4339 = ORIENTED_EDGE ( 'NONE', *, *, #3101, .T. ) ;
#4340 = FILL_AREA_STYLE_COLOUR ( '', #3810 ) ;
#4341 = CIRCLE ( 'NONE', #7831, 0.09999999999999999167 ) ;
#4342 = VECTOR ( 'NONE', #3626, 1000.000000000000000 ) ;
#4343 = AXIS2_PLACEMENT_3D ( 'NONE', #6935, #4878, #2707 ) ;
#4344 = CARTESIAN_POINT ( 'NONE',  ( -0.3599999999999990985, -0.09593147900040135956, -3.369176195092057569 ) ) ;
#4345 = PRESENTATION_STYLE_ASSIGNMENT (( #7081 ) ) ;
#4346 = PRESENTATION_STYLE_ASSIGNMENT (( #7158 ) ) ;
#4347 = FACE_OUTER_BOUND ( 'NONE', #3815, .T. ) ;
#4348 = MECHANICAL_DESIGN_GEOMETRIC_PRESENTATION_REPRESENTATION (  '', ( #3619 ), #1733 ) ;
#4349 = DIRECTION ( 'NONE',  ( 0.000000000000000000, 1.000000000000000000, 0.000000000000000000 ) ) ;
#4350 = VERTEX_POINT ( 'NONE', #1069 ) ;
#4351 = ORIENTED_EDGE ( 'NONE', *, *, #7715, .F. ) ;
#4352 = CARTESIAN_POINT ( 'NONE',  ( 0.9100000000000010303, -0.2139543193336009841, -3.253973965717952943 ) ) ;
#4353 = DIRECTION ( 'NONE',  ( -1.000000000000000000, -0.000000000000000000, -0.000000000000000000 ) ) ;
#4354 = DIRECTION ( 'NONE',  ( 0.9961946980917454342, 0.08715574274765820750, 0.000000000000000000 ) ) ;
#4355 = DIRECTION ( 'NONE',  ( 1.000000000000000000, 0.000000000000000000, -3.942553354492739094E-16 ) ) ;
#4356 = LINE ( 'NONE', #8469, #931 ) ;
#4357 = EDGE_CURVE ( 'NONE', #925, #5269, #1861, .T. ) ;
#4358 = EDGE_CURVE ( 'NONE', #5836, #1855, #6008, .T. ) ;
#4359 = DIRECTION ( 'NONE',  ( 1.000000000000000000, 0.000000000000000000, -0.000000000000000000 ) ) ;
#4360 = UNCERTAINTY_MEASURE_WITH_UNIT (LENGTH_MEASURE( 1.000000000000000082E-05 ), #4646, 'distance_accuracy_value', 'NONE');
#4361 = FILL_AREA_STYLE ('',( #2867 ) ) ;
#4362 = EDGE_CURVE ( 'NONE', #6836, #7727, #5195, .T. ) ;
#4363 = CARTESIAN_POINT ( 'NONE',  ( -3.104999999999999094, -0.1499999999999999944, -3.100000000000000089 ) ) ;
#4364 = CARTESIAN_POINT ( 'NONE',  ( -2.913827693562530019, -0.1499999999999999944, 2.949999999999999734 ) ) ;
#4365 = PLANE ( 'NONE',  #2384 ) ;
#4367 = ORIENTED_EDGE ( 'NONE', *, *, #1117, .F. ) ;
#4366 = ADVANCED_FACE ( 'NONE', ( #7366 ), #1112, .F. ) ;
#4368 = COLOUR_RGB ( '',0.6470588235294117974, 0.6196078431372549211, 0.5882352941176470784 ) ;
#4369 = ORIENTED_EDGE ( 'NONE', *, *, #4965, .T. ) ;
#4370 = ORIENTED_EDGE ( 'NONE', *, *, #2095, .T. ) ;
#4371 = LINE ( 'NONE', #4332, #2397 ) ;
#4372 = CYLINDRICAL_SURFACE ( 'NONE', #4161, 0.09999999999999999167 ) ;
#4373 = SURFACE_STYLE_USAGE ( .BOTH. , #7847 ) ;
#4374 = EDGE_LOOP ( 'NONE', ( #3745, #7598, #7596, #7676, #1995, #2116, #1162, #8462, #1784, #690, #5532, #5501 ) ) ;
#4375 = DIRECTION ( 'NONE',  ( 0.000000000000000000, 0.3604568066639949886, -0.9327759058474844878 ) ) ;
#4376 = DIRECTION ( 'NONE',  ( -0.08682659386424779191, 0.9924325091389670783, 0.08682659386424779191 ) ) ;
#4377 = STYLED_ITEM ( 'NONE', ( #6832 ), #192 ) ;
#4378 = PRESENTATION_STYLE_ASSIGNMENT (( #8410 ) ) ;
#4379 = SURFACE_STYLE_USAGE ( .BOTH. , #2338 ) ;
#4380 = LINE ( 'NONE', #5116, #4112 ) ;
#4381 = SURFACE_STYLE_FILL_AREA ( #7122 ) ;
#4382 = PRESENTATION_LAYER_ASSIGNMENT (  '', '', ( #8327 ) ) ;
#4383 = DIRECTION ( 'NONE',  ( 0.000000000000000000, -0.000000000000000000, 1.000000000000000000 ) ) ;
#4384 = SURFACE_STYLE_FILL_AREA ( #5264 ) ;
#4385 = CARTESIAN_POINT ( 'NONE',  ( -0.3687488663525926857, 1.399999999999999911, -2.000000000000000444 ) ) ;
#4386 = CARTESIAN_POINT ( 'NONE',  ( 2.180000000000001048, -0.7999999999999999334, -3.583287396400482105 ) ) ;
#4387 = AXIS2_PLACEMENT_3D ( 'NONE', #7052, #803, #7870 ) ;
#4388 = EDGE_LOOP ( 'NONE', ( #263, #1086, #6428, #6371 ) ) ;
#4389 = DIRECTION ( 'NONE',  ( -1.000000000000000000, -0.000000000000000000, 0.000000000000000000 ) ) ;
#4390 = ORIENTED_EDGE ( 'NONE', *, *, #3411, .F. ) ;
#4391 = ADVANCED_FACE ( 'NONE', ( #7522 ), #1908, .T. ) ;
#4392 = DIRECTION ( 'NONE',  ( -0.000000000000000000, -0.000000000000000000, 1.000000000000000000 ) ) ;
#4393 = SURFACE_STYLE_USAGE ( .BOTH. , #8560 ) ;
#4394 = VECTOR ( 'NONE', #1780, 1000.000000000000000 ) ;
#4395 = LINE ( 'NONE', #252, #7828 ) ;
#4396 = ADVANCED_BREP_SHAPE_REPRESENTATION ( 'TDB04H0SB1R', ( #53, #6051 ), #4595 ) ;
#4397 = ORIENTED_EDGE ( 'NONE', *, *, #3957, .F. ) ;
#4398 = FACE_OUTER_BOUND ( 'NONE', #3369, .T. ) ;
#4399 = LINE ( 'NONE', #7183, #3277 ) ;
#4400 = FILL_AREA_STYLE_COLOUR ( '', #3393 ) ;
#4401 = AXIS2_PLACEMENT_3D ( 'NONE', #519, #2090, #6719 ) ;
#4402 = ORIENTED_EDGE ( 'NONE', *, *, #2131, .F. ) ;
#4403 = COLOUR_RGB ( '',0.6470588235294117974, 0.6196078431372549211, 0.5882352941176470784 ) ;
#4404 = ORIENTED_EDGE ( 'NONE', *, *, #6443, .F. ) ;
#4405 = DIRECTION ( 'NONE',  ( 0.000000000000000000, 0.9961946980917455452, -0.08715574274765836016 ) ) ;
#4406 = ORIENTED_EDGE ( 'NONE', *, *, #7410, .T. ) ;
#4407 = UNCERTAINTY_MEASURE_WITH_UNIT (LENGTH_MEASURE( 1.000000000000000082E-05 ), #7216, 'distance_accuracy_value', 'NONE');
#4408 = LINE ( 'NONE', #4233, #2984 ) ;
#4409 = ORIENTED_EDGE ( 'NONE', *, *, #8491, .F. ) ;
#4410 = VERTEX_POINT ( 'NONE', #1345 ) ;
#4411 = STYLED_ITEM ( 'NONE', ( #653 ), #8381 ) ;
#4412 = STYLED_ITEM ( 'NONE', ( #8348 ), #2628 ) ;
#4413 =( GEOMETRIC_REPRESENTATION_CONTEXT ( 3 ) GLOBAL_UNCERTAINTY_ASSIGNED_CONTEXT ( ( #3674 ) ) GLOBAL_UNIT_ASSIGNED_CONTEXT ( ( #1028, #3003, #161 ) ) REPRESENTATION_CONTEXT ( 'NONE', 'WORKASPACE' ) );
#4414 = EDGE_CURVE ( 'NONE', #6807, #2758, #6215, .T. ) ;
#4415 =( NAMED_UNIT ( * ) PLANE_ANGLE_UNIT ( ) SI_UNIT ( $, .RADIAN. ) );
#4416 = CARTESIAN_POINT ( 'NONE',  ( 0.000000000000000000, 1.399999999999999911, 0.5249999999999995781 ) ) ;
#4417 = DIRECTION ( 'NONE',  ( 1.000000000000000000, 0.000000000000000000, 0.000000000000000000 ) ) ;
#4418 = ORIENTED_EDGE ( 'NONE', *, *, #1114, .F. ) ;
#4419 = CARTESIAN_POINT ( 'NONE',  ( 3.105000000000000870, -0.1499999999999999944, -3.100000000000000089 ) ) ;
#4420 = FILL_AREA_STYLE ('',( #5943 ) ) ;
#4421 = VECTOR ( 'NONE', #3051, 1000.000000000000000 ) ;
#4422 = PLANE ( 'NONE',  #8472 ) ;
#4423 =( GEOMETRIC_REPRESENTATION_CONTEXT ( 3 ) GLOBAL_UNCERTAINTY_ASSIGNED_CONTEXT ( ( #5796 ) ) GLOBAL_UNIT_ASSIGNED_CONTEXT ( ( #4160, #4306, #7651 ) ) REPRESENTATION_CONTEXT ( 'NONE', 'WORKASPACE' ) );
#4424 = VECTOR ( 'NONE', #5394, 1000.000000000000000 ) ;
#4425 = ORIENTED_EDGE ( 'NONE', *, *, #1561, .T. ) ;
#4426 = DIRECTION ( 'NONE',  ( -1.000000000000000000, 0.000000000000000000, 0.000000000000000000 ) ) ;
#4427 = CARTESIAN_POINT ( 'NONE',  ( -0.8340745847588951767, -0.6500000000000000222, 4.125925415241104233 ) ) ;
#4428 = DIRECTION ( 'NONE',  ( 3.469446951953614189E-16, 0.000000000000000000, -1.000000000000000000 ) ) ;
#4429 = DIRECTION ( 'NONE',  ( -0.000000000000000000, -0.000000000000000000, 1.000000000000000000 ) ) ;
#4430 = DIRECTION ( 'NONE',  ( -0.08682659386424777803, 0.9924325091389669673, 0.08682659386424779191 ) ) ;
#4431 = CARTESIAN_POINT ( 'NONE',  ( 0.8099999999999999423, 1.500000000000000000, 0.6249999999999995559 ) ) ;
#4432 = VECTOR ( 'NONE', #3539, 1000.000000000000000 ) ;
#4433 =( GEOMETRIC_REPRESENTATION_CONTEXT ( 3 ) GLOBAL_UNCERTAINTY_ASSIGNED_CONTEXT ( ( #4510 ) ) GLOBAL_UNIT_ASSIGNED_CONTEXT ( ( #837, #1664, #8501 ) ) REPRESENTATION_CONTEXT ( 'NONE', 'WORKASPACE' ) );
#4434 =( NAMED_UNIT ( * ) PLANE_ANGLE_UNIT ( ) SI_UNIT ( $, .RADIAN. ) );
#4435 = DIRECTION ( 'NONE',  ( 1.000000000000000000, 0.000000000000000000, -0.000000000000000000 ) ) ;
#4436 = EDGE_CURVE ( 'NONE', #6302, #2985, #7469, .T. ) ;
#4437 =( NAMED_UNIT ( * ) SI_UNIT ( $, .STERADIAN. ) SOLID_ANGLE_UNIT ( ) );
#4438 = ORIENTED_EDGE ( 'NONE', *, *, #5962, .T. ) ;
#4439 = AXIS2_PLACEMENT_3D ( 'NONE', #8475, #4324, #2941 ) ;
#4440 = ORIENTED_EDGE ( 'NONE', *, *, #7038, .F. ) ;
#4441 = EDGE_LOOP ( 'NONE', ( #8039, #1715, #8378, #4856 ) ) ;
#4442 = EDGE_CURVE ( 'NONE', #3584, #1955, #5603, .T. ) ;
#4443 = ADVANCED_FACE ( 'NONE', ( #7087 ), #10, .T. ) ;
#4444 =( GEOMETRIC_REPRESENTATION_CONTEXT ( 3 ) GLOBAL_UNCERTAINTY_ASSIGNED_CONTEXT ( ( #6380 ) ) GLOBAL_UNIT_ASSIGNED_CONTEXT ( ( #6157, #8520, #2277 ) ) REPRESENTATION_CONTEXT ( 'NONE', 'WORKASPACE' ) );
#4445 = SURFACE_SIDE_STYLE ('',( #3037 ) ) ;
#4446 =( LENGTH_UNIT ( ) NAMED_UNIT ( * ) SI_UNIT ( .MILLI., .METRE. ) );
#4447 = FACE_BOUND ( 'NONE', #3683, .T. ) ;
#4448 = FILL_AREA_STYLE ('',( #1066 ) ) ;
#4449 =( GEOMETRIC_REPRESENTATION_CONTEXT ( 3 ) GLOBAL_UNCERTAINTY_ASSIGNED_CONTEXT ( ( #4360 ) ) GLOBAL_UNIT_ASSIGNED_CONTEXT ( ( #4646, #8595, #4451 ) ) REPRESENTATION_CONTEXT ( 'NONE', 'WORKASPACE' ) );
#4450 = SURFACE_STYLE_FILL_AREA ( #1021 ) ;
#4451 =( NAMED_UNIT ( * ) SI_UNIT ( $, .STERADIAN. ) SOLID_ANGLE_UNIT ( ) );
#4452 = DIRECTION ( 'NONE',  ( -1.000000000000000000, 0.000000000000000000, 0.000000000000000000 ) ) ;
#4453 =( NAMED_UNIT ( * ) PLANE_ANGLE_UNIT ( ) SI_UNIT ( $, .RADIAN. ) );
#4454 = LINE ( 'NONE', #1490, #83 ) ;
#4455 = COLOUR_RGB ( '',0.6470588235294117974, 0.6196078431372549211, 0.5882352941176470784 ) ;
#4456 = VERTEX_POINT ( 'NONE', #5737 ) ;
#4457 = CARTESIAN_POINT ( 'NONE',  ( -3.104999999999999094, -0.1499999999999999944, -3.100000000000000089 ) ) ;
#4458 = FILL_AREA_STYLE_COLOUR ( '', #2533 ) ;
#4459 = ORIENTED_EDGE ( 'NONE', *, *, #3205, .T. ) ;
#4460 = ORIENTED_EDGE ( 'NONE', *, *, #8001, .F. ) ;
#4461 = DIRECTION ( 'NONE',  ( 1.000000000000000000, 0.000000000000000000, 0.000000000000000000 ) ) ;
#4462 = MECHANICAL_DESIGN_GEOMETRIC_PRESENTATION_REPRESENTATION (  '', ( #820 ), #5784 ) ;
#4463 = PLANE ( 'NONE',  #7693 ) ;
#4464 = CARTESIAN_POINT ( 'NONE',  ( -2.179999999999998828, 1.500000000000000000, 1.999999999999999556 ) ) ;
#4465 = LINE ( 'NONE', #7844, #6746 ) ;
#4466 = CARTESIAN_POINT ( 'NONE',  ( 0.9100000000000010303, 0.000000000000000000, -2.969702453438674006 ) ) ;
#4467 = FACE_BOUND ( 'NONE', #8577, .T. ) ;
#4468 = CARTESIAN_POINT ( 'NONE',  ( 1.630000000000001004, -0.7999999999999999334, -4.049999999999999822 ) ) ;
#4469 = ORIENTED_EDGE ( 'NONE', *, *, #425, .F. ) ;
#4470 = PRESENTATION_LAYER_ASSIGNMENT (  '', '', ( #3731 ) ) ;
#4471 = FILL_AREA_STYLE ('',( #5844 ) ) ;
#4472 = ORIENTED_EDGE ( 'NONE', *, *, #3305, .F. ) ;
#4473 = DIRECTION ( 'NONE',  ( 0.7071067811865473507, 0.000000000000000000, 0.7071067811865477948 ) ) ;
#4474 = ADVANCED_FACE ( 'NONE', ( #3580 ), #1565, .F. ) ;
#4475 = DIRECTION ( 'NONE',  ( 0.000000000000000000, -1.000000000000000000, 0.000000000000000000 ) ) ;
#4476 = CARTESIAN_POINT ( 'NONE',  ( -1.729999999999999760, -0.6500000000000000222, -4.150000000000000355 ) ) ;
#4477 = VECTOR ( 'NONE', #1762, 1000.000000000000227 ) ;
#4478 = DIRECTION ( 'NONE',  ( -0.000000000000000000, -0.000000000000000000, 1.000000000000000000 ) ) ;
#4479 = ADVANCED_FACE ( 'NONE', ( #5000 ), #3624, .T. ) ;
#4480 = LINE ( 'NONE', #7255, #5726 ) ;
#4481 = CARTESIAN_POINT ( 'NONE',  ( 0.3600000000000009859, -0.7999999999999999334, -3.583287396400482105 ) ) ;
#4482 = CARTESIAN_POINT ( 'NONE',  ( -2.179999999999998828, -0.7999999999999999334, 3.583287396400482105 ) ) ;
#4483 = COLOUR_RGB ( '',0.6470588235294117974, 0.6196078431372549211, 0.5882352941176470784 ) ;
#4484 = LINE ( 'NONE', #1097, #7339 ) ;
#4485 = ORIENTED_EDGE ( 'NONE', *, *, #1013, .T. ) ;
#4486 = ADVANCED_FACE ( 'NONE', ( #975 ), #7967, .T. ) ;
#4487 = STYLED_ITEM ( 'NONE', ( #1305 ), #6500 ) ;
#4488 = COLOUR_RGB ( '',0.6470588235294117974, 0.6196078431372549211, 0.5882352941176470784 ) ;
#4489 = ORIENTED_EDGE ( 'NONE', *, *, #1396, .T. ) ;
#4490 = ORIENTED_EDGE ( 'NONE', *, *, #3913, .T. ) ;
#4491 = EDGE_LOOP ( 'NONE', ( #7698, #6461, #991, #1492 ) ) ;
#4492 = VECTOR ( 'NONE', #4429, 1000.000000000000000 ) ;
#4493 = CARTESIAN_POINT ( 'NONE',  ( 1.630000000000001004, -0.7999999999999999334, -3.583287396400482105 ) ) ;
#4494 = CARTESIAN_POINT ( 'NONE',  ( -1.829999999999998961, 1.500000000000000000, -0.5250000000000004663 ) ) ;
#4495 = CARTESIAN_POINT ( 'NONE',  ( 0.9100000000000010303, -0.6499999999999998002, -3.651850830482212373 ) ) ;
#4496 = EDGE_CURVE ( 'NONE', #5896, #2414, #7264, .T. ) ;
#4497 = PLANE ( 'NONE',  #740 ) ;
#4498 = SURFACE_STYLE_USAGE ( .BOTH. , #2354 ) ;
#4499 = FILL_AREA_STYLE ('',( #3176 ) ) ;
#4500 = DIRECTION ( 'NONE',  ( 0.000000000000000000, 0.000000000000000000, -1.000000000000000000 ) ) ;
#4501 = VERTEX_POINT ( 'NONE', #1670 ) ;
#4502 = LINE ( 'NONE', #3845, #7191 ) ;
#4503 = ORIENTED_EDGE ( 'NONE', *, *, #5875, .F. ) ;
#4504 = UNCERTAINTY_MEASURE_WITH_UNIT (LENGTH_MEASURE( 1.000000000000000082E-05 ), #1951, 'distance_accuracy_value', 'NONE');
#4505 = EDGE_LOOP ( 'NONE', ( #537, #673, #198, #4459 ) ) ;
#4506 = ADVANCED_FACE ( 'NONE', ( #426 ), #3163, .T. ) ;
#4507 = EDGE_CURVE ( 'NONE', #645, #4410, #5271, .T. ) ;
#4508 = ADVANCED_FACE ( 'NONE', ( #7303 ), #1060, .T. ) ;
#4509 = FACE_OUTER_BOUND ( 'NONE', #1453, .T. ) ;
#4510 = UNCERTAINTY_MEASURE_WITH_UNIT (LENGTH_MEASURE( 1.000000000000000082E-05 ), #837, 'distance_accuracy_value', 'NONE');
#4511 = FILL_AREA_STYLE ('',( #6598 ) ) ;
#4512 = FILL_AREA_STYLE_COLOUR ( '', #3646 ) ;
#4513 = LINE ( 'NONE', #8715, #7474 ) ;
#4514 = ORIENTED_EDGE ( 'NONE', *, *, #5613, .T. ) ;
#4515 = CARTESIAN_POINT ( 'NONE',  ( 1.629999999999999227, 1.500000000000000000, 1.262607324199603642 ) ) ;
#4516 =( LENGTH_UNIT ( ) NAMED_UNIT ( * ) SI_UNIT ( .MILLI., .METRE. ) );
#4517 = ORIENTED_EDGE ( 'NONE', *, *, #1845, .F. ) ;
#4518 = SURFACE_STYLE_FILL_AREA ( #7853 ) ;
#4519 = LINE ( 'NONE', #541, #5164 ) ;
#4520 = DIRECTION ( 'NONE',  ( 1.000000000000000000, 0.000000000000000000, 0.000000000000000000 ) ) ;
#4521 = DIRECTION ( 'NONE',  ( 1.000000000000000000, 0.000000000000000000, 0.000000000000000000 ) ) ;
#4522 = DIRECTION ( 'NONE',  ( 0.000000000000000000, 0.000000000000000000, -1.000000000000000000 ) ) ;
#4523 = DIRECTION ( 'NONE',  ( 0.000000000000000000, 0.000000000000000000, 1.000000000000000000 ) ) ;
#4524 = SURFACE_SIDE_STYLE ('',( #4384 ) ) ;
#4525 = ADVANCED_FACE ( 'NONE', ( #4721 ), #7605, .T. ) ;
#4526 = SURFACE_SIDE_STYLE ('',( #2981 ) ) ;
#4527 = ORIENTED_EDGE ( 'NONE', *, *, #6271, .F. ) ;
#4528 = ORIENTED_EDGE ( 'NONE', *, *, #1198, .F. ) ;
#4529 = ORIENTED_EDGE ( 'NONE', *, *, #1350, .F. ) ;
#4530 = LINE ( 'NONE', #3961, #209 ) ;
#4531 = ORIENTED_EDGE ( 'NONE', *, *, #8105, .T. ) ;
#4532 = VECTOR ( 'NONE', #5596, 1000.000000000000000 ) ;
#4533 = ADVANCED_FACE ( 'NONE', ( #6232 ), #508, .T. ) ;
#4534 = DIRECTION ( 'NONE',  ( 0.000000000000000000, -0.9327759058474842657, 0.3604568066639957102 ) ) ;
#4535 = DIRECTION ( 'NONE',  ( -1.000000000000000000, -0.000000000000000000, 0.000000000000000000 ) ) ;
#4536 = ADVANCED_FACE ( 'NONE', ( #9031 ), #4772, .F. ) ;
#4537 = DIRECTION ( 'NONE',  ( 0.000000000000000000, -0.9961946980917455452, -0.08715574274765836016 ) ) ;
#4538 = DIRECTION ( 'NONE',  ( 1.000000000000000000, 0.000000000000000000, 0.000000000000000000 ) ) ;
#4539 = VECTOR ( 'NONE', #4846, 1000.000000000000000 ) ;
#4540 = SURFACE_SIDE_STYLE ('',( #3120 ) ) ;
#4541 = LINE ( 'NONE', #3879, #2305 ) ;
#4542 = PRESENTATION_LAYER_ASSIGNMENT (  '', '', ( #2213 ) ) ;
#4543 = CARTESIAN_POINT ( 'NONE',  ( 2.180000000000001048, 0.000000000000000000, -3.229259809214934052 ) ) ;
#4544 = CARTESIAN_POINT ( 'NONE',  ( -2.179999999999998828, -0.1500000000000001610, -3.160696375133204228 ) ) ;
#4545 = DIRECTION ( 'NONE',  ( -1.000000000000000000, 0.000000000000000000, -0.000000000000000000 ) ) ;
#4546 = ORIENTED_EDGE ( 'NONE', *, *, #8693, .T. ) ;
#4547 = CARTESIAN_POINT ( 'NONE',  ( 2.180000000000001048, -0.2500000000000000000, 3.160696375133204672 ) ) ;
#4548 = CARTESIAN_POINT ( 'NONE',  ( 2.080000000000001403, -0.6500000000000000222, -4.150000000000000355 ) ) ;
#4549 = VECTOR ( 'NONE', #2311, 1000.000000000000000 ) ;
#4550 = MECHANICAL_DESIGN_GEOMETRIC_PRESENTATION_REPRESENTATION (  '', ( #4261 ), #8934 ) ;
#4551 = EDGE_LOOP ( 'NONE', ( #5533, #6204, #7592, #1753 ) ) ;
#4552 = VERTEX_POINT ( 'NONE', #2630 ) ;
#4553 = EDGE_LOOP ( 'NONE', ( #2825, #2799, #8124, #7654 ) ) ;
#4554 = LINE ( 'NONE', #7329, #841 ) ;
#4555 = DIRECTION ( 'NONE',  ( 0.000000000000000000, -0.08715574274765836016, -0.9961946980917455452 ) ) ;
#4556 = VECTOR ( 'NONE', #8073, 1000.000000000000000 ) ;
#4557 = VECTOR ( 'NONE', #232, 1000.000000000000000 ) ;
#4558 = EDGE_CURVE ( 'NONE', #7505, #8108, #8983, .T. ) ;
#4559 = SURFACE_SIDE_STYLE ('',( #8712 ) ) ;
#4560 = CARTESIAN_POINT ( 'NONE',  ( -2.919242020644469360, -0.5587155742747659248, 2.814622550835295112 ) ) ;
#4561 = CARTESIAN_POINT ( 'NONE',  ( -0.8099999999999994982, 1.399999999999999911, 0.6249999999999995559 ) ) ;
#4562 = ORIENTED_EDGE ( 'NONE', *, *, #7841, .F. ) ;
#4563 = CARTESIAN_POINT ( 'NONE',  ( -0.3599999999999990985, -0.2139543193336009841, -3.253973965717952943 ) ) ;
#4564 = CARTESIAN_POINT ( 'NONE',  ( -0.3599999999999990985, -0.6500000000000000222, 3.583287396400481217 ) ) ;
#4565 = ORIENTED_EDGE ( 'NONE', *, *, #7579, .F. ) ;
#4566 =( NAMED_UNIT ( * ) SI_UNIT ( $, .STERADIAN. ) SOLID_ANGLE_UNIT ( ) );
#4567 = EDGE_CURVE ( 'NONE', #8765, #5042, #5507, .T. ) ;
#4568 = COLOUR_RGB ( '',0.6470588235294117974, 0.6196078431372549211, 0.5882352941176470784 ) ;
#4569 = CIRCLE ( 'NONE', #919, 0.09999999999999982514 ) ;
#4571 = PLANE ( 'NONE',  #4325 ) ;
#4570 = VECTOR ( 'NONE', #4232, 1000.000000000000000 ) ;
#4572 = DIRECTION ( 'NONE',  ( 0.000000000000000000, 0.000000000000000000, 1.000000000000000000 ) ) ;
#4573 = DIRECTION ( 'NONE',  ( 0.000000000000000000, -0.08715574274765836016, 0.9961946980917455452 ) ) ;
#4574 = LINE ( 'NONE', #3152, #1721 ) ;
#4575 = VECTOR ( 'NONE', #5131, 1000.000000000000000 ) ;
#4576 = CIRCLE ( 'NONE', #924, 0.1499999999999999667 ) ;
#4577 = CARTESIAN_POINT ( 'NONE',  ( -0.3687488663525926302, 1.399999999999999911, -1.262607324199603864 ) ) ;
#4578 = EDGE_LOOP ( 'NONE', ( #6179, #6721, #1624, #2666 ) ) ;
#4579 = EDGE_CURVE ( 'NONE', #8243, #7834, #4819, .T. ) ;
#4580 = ORIENTED_EDGE ( 'NONE', *, *, #8992, .T. ) ;
#4581 = ORIENTED_EDGE ( 'NONE', *, *, #2911, .F. ) ;
#4582 = FILL_AREA_STYLE ('',( #1848 ) ) ;
#4583 = AXIS2_PLACEMENT_3D ( 'NONE', #7100, #7792, #5232 ) ;
#4584 = VECTOR ( 'NONE', #7838, 1000.000000000000000 ) ;
#4585 = FACE_OUTER_BOUND ( 'NONE', #4998, .T. ) ;
#4586 = DIRECTION ( 'NONE',  ( 0.000000000000000000, 0.000000000000000000, 1.000000000000000000 ) ) ;
#4587 = VECTOR ( 'NONE', #917, 1000.000000000000000 ) ;
#4588 = CARTESIAN_POINT ( 'NONE',  ( 0.7099999999999999645, 1.500000000000000000, -0.6250000000000004441 ) ) ;
#4589 = PRESENTATION_LAYER_ASSIGNMENT (  '', '', ( #4736 ) ) ;
#4590 =( LENGTH_UNIT ( ) NAMED_UNIT ( * ) SI_UNIT ( .MILLI., .METRE. ) );
#4591 = SURFACE_STYLE_USAGE ( .BOTH. , #6048 ) ;
#4592 = STYLED_ITEM ( 'NONE', ( #8084 ), #2862 ) ;
#4593 = EDGE_CURVE ( 'NONE', #8307, #4717, #5645, .T. ) ;
#4594 = PRESENTATION_LAYER_ASSIGNMENT (  '', '', ( #7196 ) ) ;
#4595 =( GEOMETRIC_REPRESENTATION_CONTEXT ( 3 ) GLOBAL_UNCERTAINTY_ASSIGNED_CONTEXT ( ( #6594 ) ) GLOBAL_UNIT_ASSIGNED_CONTEXT ( ( #7092, #4914, #760 ) ) REPRESENTATION_CONTEXT ( 'NONE', 'WORKASPACE' ) );
#4596 = UNCERTAINTY_MEASURE_WITH_UNIT (LENGTH_MEASURE( 1.000000000000000082E-05 ), #4973, 'distance_accuracy_value', 'NONE');
#4597 = CARTESIAN_POINT ( 'NONE',  ( -1.629999999999998561, -0.7999999999999999334, 4.150000000000000355 ) ) ;
#4598 = FACE_OUTER_BOUND ( 'NONE', #2442, .T. ) ;
#4599 = ORIENTED_EDGE ( 'NONE', *, *, #5600, .F. ) ;
#4600 = CARTESIAN_POINT ( 'NONE',  ( -1.629999999999998561, -0.1499999999999999667, 3.229259809214934940 ) ) ;
#4601 = CARTESIAN_POINT ( 'NONE',  ( -2.179999999999998828, -0.7040685209995984906, 3.443371010523358589 ) ) ;
#4602 = VECTOR ( 'NONE', #4276, 999.9999999999998863 ) ;
#4603 = ORIENTED_EDGE ( 'NONE', *, *, #7309, .F. ) ;
#4604 = ORIENTED_EDGE ( 'NONE', *, *, #5970, .F. ) ;
#4605 = AXIS2_PLACEMENT_3D ( 'NONE', #5515, #4734, #8153 ) ;
#4606 =( NAMED_UNIT ( * ) SI_UNIT ( $, .STERADIAN. ) SOLID_ANGLE_UNIT ( ) );
#4607 = FACE_OUTER_BOUND ( 'NONE', #8276, .T. ) ;
#4608 =( LENGTH_UNIT ( ) NAMED_UNIT ( * ) SI_UNIT ( .MILLI., .METRE. ) );
#4609 = FACE_OUTER_BOUND ( 'NONE', #1248, .T. ) ;
#4610 = DIRECTION ( 'NONE',  ( 0.000000000000000000, 0.000000000000000000, -1.000000000000000000 ) ) ;
#4611 = ORIENTED_EDGE ( 'NONE', *, *, #5368, .T. ) ;
#4612 = CARTESIAN_POINT ( 'NONE',  ( 2.179999999999998828, 1.500000000000000000, -2.000000000000000444 ) ) ;
#4613 = ORIENTED_EDGE ( 'NONE', *, *, #2256, .T. ) ;
#4614 = LINE ( 'NONE', #8080, #2097 ) ;
#4615 =( GEOMETRIC_REPRESENTATION_CONTEXT ( 3 ) GLOBAL_UNCERTAINTY_ASSIGNED_CONTEXT ( ( #890 ) ) GLOBAL_UNIT_ASSIGNED_CONTEXT ( ( #7359, #928, #7916 ) ) REPRESENTATION_CONTEXT ( 'NONE', 'WORKASPACE' ) );
#4616 = EDGE_CURVE ( 'NONE', #2217, #1958, #7123, .T. ) ;
#4617 = FILL_AREA_STYLE_COLOUR ( '', #3328 ) ;
#4618 = EDGE_CURVE ( 'NONE', #3826, #856, #8417, .T. ) ;
#4619 = FILL_AREA_STYLE_COLOUR ( '', #1823 ) ;
#4620 = CARTESIAN_POINT ( 'NONE',  ( 1.729999999999999760, 1.500000000000000000, -0.6250000000000004441 ) ) ;
#4621 = DIRECTION ( 'NONE',  ( 0.000000000000000000, -0.9327759058474844878, -0.3604568066639949886 ) ) ;
#4622 = CARTESIAN_POINT ( 'NONE',  ( 1.630000000000001004, -0.6500000000000000222, 3.651850830482212373 ) ) ;
#4623 = CARTESIAN_POINT ( 'NONE',  ( -0.8099999999999980549, -0.7999999999999999334, -4.150000000000000355 ) ) ;
#4624 = STYLED_ITEM ( 'NONE', ( #6484 ), #4900 ) ;
#4625 = CARTESIAN_POINT ( 'NONE',  ( 2.180000000000001048, -0.6500000000000000222, 4.049999999999999822 ) ) ;
#4626 = ADVANCED_FACE ( 'NONE', ( #7769 ), #2204, .F. ) ;
#4627 = CARTESIAN_POINT ( 'NONE',  ( 2.079999999999999183, 1.458578643762690419, 0.6249999999999994449 ) ) ;
#4628 = ORIENTED_EDGE ( 'NONE', *, *, #6780, .T. ) ;
#4629 = PLANE ( 'NONE',  #747 ) ;
#4630 = VECTOR ( 'NONE', #2275, 1000.000000000000000 ) ;
#4631 = ORIENTED_EDGE ( 'NONE', *, *, #1123, .F. ) ;
#4632 = VERTEX_POINT ( 'NONE', #832 ) ;
#4633 =( LENGTH_UNIT ( ) NAMED_UNIT ( * ) SI_UNIT ( .MILLI., .METRE. ) );
#4634 = AXIS2_PLACEMENT_3D ( 'NONE', #4563, #4375, #6560 ) ;
#4635 = CARTESIAN_POINT ( 'NONE',  ( -0.3599999999999990985, -0.6500000000000000222, 3.583287396400481217 ) ) ;
#4636 = AXIS2_PLACEMENT_3D ( 'NONE', #2136, #11, #843 ) ;
#4637 =( LENGTH_UNIT ( ) NAMED_UNIT ( * ) SI_UNIT ( .MILLI., .METRE. ) );
#4638 = VECTOR ( 'NONE', #3332, 1000.000000000000000 ) ;
#4639 = FILL_AREA_STYLE ('',( #1852 ) ) ;
#4640 = DIRECTION ( 'NONE',  ( 1.000000000000000000, 0.000000000000000000, -0.000000000000000000 ) ) ;
#4641 = PRESENTATION_LAYER_ASSIGNMENT (  '', '', ( #3319 ) ) ;
#4642 = VECTOR ( 'NONE', #4430, 1000.000000000000114 ) ;
#4643 = ORIENTED_EDGE ( 'NONE', *, *, #5571, .F. ) ;
#4644 = CARTESIAN_POINT ( 'NONE',  ( -2.179999999999998828, -0.09593147900040142895, 3.369176195092057569 ) ) ;
#4645 = ORIENTED_EDGE ( 'NONE', *, *, #4202, .F. ) ;
#4646 =( LENGTH_UNIT ( ) NAMED_UNIT ( * ) SI_UNIT ( .MILLI., .METRE. ) );
#4647 = SURFACE_STYLE_USAGE ( .BOTH. , #7975 ) ;
#4648 = DIRECTION ( 'NONE',  ( -0.000000000000000000, -0.000000000000000000, 1.000000000000000000 ) ) ;
#4649 = DIRECTION ( 'NONE',  ( -0.9961946980917455452, -0.08715574274765836016, 2.160152911779223387E-16 ) ) ;
#4650 = EDGE_CURVE ( 'NONE', #2002, #8093, #6954, .T. ) ;
#4651 = ORIENTED_EDGE ( 'NONE', *, *, #1654, .F. ) ;
#4652 = CARTESIAN_POINT ( 'NONE',  ( -2.179999999999998828, 1.500000000000000000, 1.262607324199603642 ) ) ;
#4653 = ORIENTED_EDGE ( 'NONE', *, *, #5438, .F. ) ;
#4654 = ORIENTED_EDGE ( 'NONE', *, *, #4214, .T. ) ;
#4655 = CARTESIAN_POINT ( 'NONE',  ( -0.8099999999999996092, 1.458578643762690419, 0.6249999999999994449 ) ) ;
#4656 = ADVANCED_FACE ( 'NONE', ( #3617 ), #149, .F. ) ;
#4657 = ADVANCED_FACE ( 'NONE', ( #5590 ), #2, .T. ) ;
#4658 = CARTESIAN_POINT ( 'NONE',  ( -0.3599999999999990985, -0.6500000000000000222, -4.049999999999998046 ) ) ;
#4659 = DIRECTION ( 'NONE',  ( 0.08715574274765836016, 0.9961946980917455452, 0.000000000000000000 ) ) ;
#4660 = EDGE_CURVE ( 'NONE', #4678, #1907, #3986, .T. ) ;
#4661 = SURFACE_SIDE_STYLE ('',( #8806 ) ) ;
#4662 = CARTESIAN_POINT ( 'NONE',  ( 0.9100000000000010303, -0.6500000000000000222, 3.651850830482212373 ) ) ;
#4663 = LINE ( 'NONE', #1229, #1819 ) ;
#4664 = CARTESIAN_POINT ( 'NONE',  ( -2.145004534589629586, 1.100000000000000089, 4.651237152786669630E-16 ) ) ;
#4665 = ORIENTED_EDGE ( 'NONE', *, *, #4357, .T. ) ;
#4666 = PLANE ( 'NONE',  #835 ) ;
#4667 = DIRECTION ( 'NONE',  ( 1.000000000000000000, 0.000000000000000000, 0.000000000000000000 ) ) ;
#4668 = ORIENTED_EDGE ( 'NONE', *, *, #5525, .T. ) ;
#4669 = SURFACE_SIDE_STYLE ('',( #4089 ) ) ;
#4670 = FILL_AREA_STYLE_COLOUR ( '', #8863 ) ;
#4671 =( NAMED_UNIT ( * ) SI_UNIT ( $, .STERADIAN. ) SOLID_ANGLE_UNIT ( ) );
#4672 = CARTESIAN_POINT ( 'NONE',  ( 0.9100000000000010303, -0.1500000000000001610, 3.160696375133204228 ) ) ;
#4673 = DIRECTION ( 'NONE',  ( 1.000000000000000000, -0.000000000000000000, 0.000000000000000000 ) ) ;
#4674 = ORIENTED_EDGE ( 'NONE', *, *, #4338, .T. ) ;
#4675 = CARTESIAN_POINT ( 'NONE',  ( 0.4600000000000003531, 1.399999999999999911, -0.6250000000000004441 ) ) ;
#4676 = CARTESIAN_POINT ( 'NONE',  ( -3.104999999999999094, 0.000000000000000000, 3.100000000000000089 ) ) ;
#4677 = DIRECTION ( 'NONE',  ( 0.000000000000000000, -0.000000000000000000, 1.000000000000000000 ) ) ;
#4678 = VERTEX_POINT ( 'NONE', #443 ) ;
#4679 =( BOUNDED_CURVE ( )  B_SPLINE_CURVE ( 3, ( #4807, #2156, #6349, #4095 ),
 .UNSPECIFIED., .F., .F. ) 
 B_SPLINE_CURVE_WITH_KNOTS ( ( 4, 4 ),
 ( 3.141592653589793116, 4.712388980384689674 ),
 .UNSPECIFIED. ) 
 CURVE ( )  GEOMETRIC_REPRESENTATION_ITEM ( )  RATIONAL_B_SPLINE_CURVE ( ( 1.000000000000000000, 0.8047378541243649375, 0.8047378541243649375, 1.000000000000000000 ) ) 
 REPRESENTATION_ITEM ( '' )  );
#4680 = EDGE_LOOP ( 'NONE', ( #4653, #2926, #947, #5344 ) ) ;
#4681 = ORIENTED_EDGE ( 'NONE', *, *, #4777, .T. ) ;
#4682 = FILL_AREA_STYLE_COLOUR ( '', #1633 ) ;
#4683 = UNCERTAINTY_MEASURE_WITH_UNIT (LENGTH_MEASURE( 1.000000000000000082E-05 ), #5991, 'distance_accuracy_value', 'NONE');
#4684 = SURFACE_STYLE_FILL_AREA ( #4639 ) ;
#4685 = VERTEX_POINT ( 'NONE', #7904 ) ;
#4686 = EDGE_CURVE ( 'NONE', #1904, #1030, #1876, .T. ) ;
#4687 = UNCERTAINTY_MEASURE_WITH_UNIT (LENGTH_MEASURE( 1.000000000000000082E-05 ), #959, 'distance_accuracy_value', 'NONE');
#4688 = VERTEX_POINT ( 'NONE', #2560 ) ;
#4689 = CIRCLE ( 'NONE', #3076, 0.09999999999999982514 ) ;
#4690 = LINE ( 'NONE', #6105, #8636 ) ;
#4691 = EDGE_LOOP ( 'NONE', ( #434, #6989, #4404, #9005 ) ) ;
#4692 = FACE_OUTER_BOUND ( 'NONE', #4162, .T. ) ;
#4693 = SURFACE_STYLE_USAGE ( .BOTH. , #3450 ) ;
#4694 = ORIENTED_EDGE ( 'NONE', *, *, #2352, .T. ) ;
#4695 = DIRECTION ( 'NONE',  ( 0.000000000000000000, -0.000000000000000000, 1.000000000000000000 ) ) ;
#4696 = DIRECTION ( 'NONE',  ( 1.000000000000000000, 0.000000000000000000, 0.000000000000000000 ) ) ;
#4697 = SURFACE_STYLE_USAGE ( .BOTH. , #5388 ) ;
#4698 = PRESENTATION_STYLE_ASSIGNMENT (( #1035 ) ) ;
#4699 = FILL_AREA_STYLE ('',( #3368 ) ) ;
#4700 = ORIENTED_EDGE ( 'NONE', *, *, #1807, .F. ) ;
#4701 = DIRECTION ( 'NONE',  ( -1.000000000000000000, -0.000000000000000000, -0.000000000000000000 ) ) ;
#4702 = ORIENTED_EDGE ( 'NONE', *, *, #8100, .T. ) ;
#4703 =( NAMED_UNIT ( * ) PLANE_ANGLE_UNIT ( ) SI_UNIT ( $, .RADIAN. ) );
#4704 = DIRECTION ( 'NONE',  ( 1.000000000000000000, 0.000000000000000000, 0.000000000000000000 ) ) ;
#4705 = EDGE_CURVE ( 'NONE', #1924, #6357, #1131, .T. ) ;
#4706 = VECTOR ( 'NONE', #6648, 1000.000000000000000 ) ;
#4707 = PRESENTATION_LAYER_ASSIGNMENT (  '', '', ( #28 ) ) ;
#4708 = VECTOR ( 'NONE', #5810, 1000.000000000000000 ) ;
#4709 = DIRECTION ( 'NONE',  ( 0.000000000000000000, 0.9327759058474841547, -0.3604568066639957102 ) ) ;
#4710 = CARTESIAN_POINT ( 'NONE',  ( 0.9100000000000010303, -0.6500000000000000222, -4.150000000000000355 ) ) ;
#4711 = DIRECTION ( 'NONE',  ( 1.000000000000000000, 0.000000000000000000, 0.000000000000000000 ) ) ;
#4712 = CARTESIAN_POINT ( 'NONE',  ( -0.8099999999999990541, 1.500000000000000000, -0.6250000000000004441 ) ) ;
#4713 = ORIENTED_EDGE ( 'NONE', *, *, #3223, .F. ) ;
#4714 =( NAMED_UNIT ( * ) PLANE_ANGLE_UNIT ( ) SI_UNIT ( $, .RADIAN. ) );
#4715 = LINE ( 'NONE', #3240, #2400 ) ;
#4716 = AXIS2_PLACEMENT_3D ( 'NONE', #990, #4649, #6588 ) ;
#4717 = VERTEX_POINT ( 'NONE', #8807 ) ;
#4718 = VECTOR ( 'NONE', #4172, 1000.000000000000000 ) ;
#4719 = VECTOR ( 'NONE', #2452, 1000.000000000000000 ) ;
#4720 = MECHANICAL_DESIGN_GEOMETRIC_PRESENTATION_REPRESENTATION (  '', ( #8045 ), #5462 ) ;
#4721 = FACE_OUTER_BOUND ( 'NONE', #8534, .T. ) ;
#4722 =( NAMED_UNIT ( * ) SI_UNIT ( $, .STERADIAN. ) SOLID_ANGLE_UNIT ( ) );
#4723 = AXIS2_PLACEMENT_3D ( 'NONE', #8069, #1874, #4659 ) ;
#4724 = AXIS2_PLACEMENT_3D ( 'NONE', #239, #279, #7999 ) ;
#4725 = ORIENTED_EDGE ( 'NONE', *, *, #4892, .T. ) ;
#4726 = CARTESIAN_POINT ( 'NONE',  ( -2.038578643762689602, 1.500000000000000000, -0.5835786437626909740 ) ) ;
#4727 = CARTESIAN_POINT ( 'NONE',  ( -3.104999999999999094, 0.000000000000000000, -3.100000000000000089 ) ) ;
#4728 = EDGE_CURVE ( 'NONE', #7682, #8194, #1176, .T. ) ;
#4729 = ADVANCED_FACE ( 'NONE', ( #1651 ), #963, .T. ) ;
#4730 = ORIENTED_EDGE ( 'NONE', *, *, #2358, .T. ) ;
#4731 =( NAMED_UNIT ( * ) SI_UNIT ( $, .STERADIAN. ) SOLID_ANGLE_UNIT ( ) );
#4732 = ORIENTED_EDGE ( 'NONE', *, *, #1690, .T. ) ;
#4733 = AXIS2_PLACEMENT_3D ( 'NONE', #764, #6628, #3545 ) ;
#4734 = DIRECTION ( 'NONE',  ( -0.000000000000000000, 0.000000000000000000, 1.000000000000000000 ) ) ;
#4735 = DIRECTION ( 'NONE',  ( 0.000000000000000000, 0.000000000000000000, -1.000000000000000000 ) ) ;
#4736 = STYLED_ITEM ( 'NONE', ( #1621 ), #8798 ) ;
#4737 = STYLED_ITEM ( 'NONE', ( #7960 ), #1701 ) ;
#4738 = LINE ( 'NONE', #6055, #5140 ) ;
#4739 = ORIENTED_EDGE ( 'NONE', *, *, #6969, .F. ) ;
#4740 =( NAMED_UNIT ( * ) SI_UNIT ( $, .STERADIAN. ) SOLID_ANGLE_UNIT ( ) );
#4741 = LINE ( 'NONE', #2693, #5475 ) ;
#4742 = ORIENTED_EDGE ( 'NONE', *, *, #1516, .T. ) ;
#4743 = DIRECTION ( 'NONE',  ( 0.000000000000000000, -1.000000000000000000, 0.000000000000000000 ) ) ;
#4744 =( GEOMETRIC_REPRESENTATION_CONTEXT ( 3 ) GLOBAL_UNCERTAINTY_ASSIGNED_CONTEXT ( ( #1999 ) ) GLOBAL_UNIT_ASSIGNED_CONTEXT ( ( #3640, #2470, #6068 ) ) REPRESENTATION_CONTEXT ( 'NONE', 'WORKASPACE' ) );
#4745 = FACE_OUTER_BOUND ( 'NONE', #8037, .T. ) ;
#4746 = COLOUR_RGB ( '',0.6470588235294117974, 0.6196078431372549211, 0.5882352941176470784 ) ;
#4747 = PLANE ( 'NONE',  #3092 ) ;
#4748 = ORIENTED_EDGE ( 'NONE', *, *, #5571, .T. ) ;
#4749 = LINE ( 'NONE', #4041, #7555 ) ;
#4750 = VERTEX_POINT ( 'NONE', #7159 ) ;
#4751 = SURFACE_SIDE_STYLE ('',( #3230 ) ) ;
#4752 = SURFACE_STYLE_USAGE ( .BOTH. , #8906 ) ;
#4753 = PRESENTATION_LAYER_ASSIGNMENT (  '', '', ( #2276 ) ) ;
#4754 = ORIENTED_EDGE ( 'NONE', *, *, #4686, .T. ) ;
#4755 = DIRECTION ( 'NONE',  ( 0.000000000000000000, 0.3604568066639949886, -0.9327759058474844878 ) ) ;
#4756 = VECTOR ( 'NONE', #7066, 1000.000000000000000 ) ;
#4757 = CARTESIAN_POINT ( 'NONE',  ( 0.3600000000000009859, -0.6500000000000000222, -4.049999999999999822 ) ) ;
#4758 = CARTESIAN_POINT ( 'NONE',  ( 1.979999999999999538, 1.500000000000000000, -0.5250000000000004663 ) ) ;
#4759 = ORIENTED_EDGE ( 'NONE', *, *, #528, .T. ) ;
#4760 = FILL_AREA_STYLE_COLOUR ( '', #2152 ) ;
#4761 = STYLED_ITEM ( 'NONE', ( #2347 ), #4508 ) ;
#4762 = EDGE_CURVE ( 'NONE', #2002, #3566, #8584, .T. ) ;
#4763 = ORIENTED_EDGE ( 'NONE', *, *, #8286, .F. ) ;
#4764 = ORIENTED_EDGE ( 'NONE', *, *, #4660, .F. ) ;
#4765 = ORIENTED_EDGE ( 'NONE', *, *, #5431, .T. ) ;
#4766 = CARTESIAN_POINT ( 'NONE',  ( 0.3600000000000009304, 0.000000000000000000, 3.100000000000000089 ) ) ;
#4767 = DIRECTION ( 'NONE',  ( -4.336808689942015369E-15, -1.000000000000000000, 0.000000000000000000 ) ) ;
#4768 = EDGE_CURVE ( 'NONE', #105, #8102, #3739, .T. ) ;
#4769 = COLOUR_RGB ( '',0.6470588235294117974, 0.6196078431372549211, 0.5882352941176470784 ) ;
#4770 = EDGE_CURVE ( 'NONE', #925, #8602, #23, .T. ) ;
#4771 = FILL_AREA_STYLE ('',( #1603 ) ) ;
#4772 = PLANE ( 'NONE',  #1704 ) ;
#4773 =( NAMED_UNIT ( * ) PLANE_ANGLE_UNIT ( ) SI_UNIT ( $, .RADIAN. ) );
#4774 = EDGE_CURVE ( 'NONE', #5458, #7335, #6114, .T. ) ;
#4775 = DIRECTION ( 'NONE',  ( 0.000000000000000000, -1.000000000000000000, 0.000000000000000000 ) ) ;
#4776 = VECTOR ( 'NONE', #4817, 1000.000000000000000 ) ;
#4777 = EDGE_CURVE ( 'NONE', #6624, #7575, #6792, .T. ) ;
#4778 = VECTOR ( 'NONE', #4941, 1000.000000000000000 ) ;
#4779 = ORIENTED_EDGE ( 'NONE', *, *, #7276, .F. ) ;
#4780 = DIRECTION ( 'NONE',  ( -1.000000000000000000, -0.000000000000000000, -0.000000000000000000 ) ) ;
#4781 = UNCERTAINTY_MEASURE_WITH_UNIT (LENGTH_MEASURE( 1.000000000000000082E-05 ), #76, 'distance_accuracy_value', 'NONE');
#4782 = PRESENTATION_LAYER_ASSIGNMENT (  '', '', ( #6956 ) ) ;
#4783 = AXIS2_PLACEMENT_3D ( 'NONE', #5134, #7972, #3838 ) ;
#4784 = ORIENTED_EDGE ( 'NONE', *, *, #8308, .T. ) ;
#4785 = FILL_AREA_STYLE ('',( #2005 ) ) ;
#4786 = DIRECTION ( 'NONE',  ( 0.000000000000000000, -1.000000000000000000, 0.000000000000000000 ) ) ;
#4787 = LINE ( 'NONE', #7573, #6449 ) ;
#4788 = VERTEX_POINT ( 'NONE', #7666 ) ;
#4789 = DIRECTION ( 'NONE',  ( 0.9961946980917455452, -0.08715574274765836016, -2.160152911779223387E-16 ) ) ;
#4790 = CARTESIAN_POINT ( 'NONE',  ( 1.829999999999999405, 1.500000000000000000, 0.5249999999999995781 ) ) ;
#4791 = CARTESIAN_POINT ( 'NONE',  ( 2.180000000000001048, -0.1499999999999999944, 3.100000000000000089 ) ) ;
#4792 = VECTOR ( 'NONE', #6111, 1000.000000000000000 ) ;
#4793 = PRESENTATION_LAYER_ASSIGNMENT (  '', '', ( #7245 ) ) ;
#4794 = ORIENTED_EDGE ( 'NONE', *, *, #5039, .T. ) ;
#4795 = CYLINDRICAL_SURFACE ( 'NONE', #6089, 0.09999999999999982514 ) ;
#4796 = COLOUR_RGB ( '',0.6470588235294117974, 0.6196078431372549211, 0.5882352941176470784 ) ;
#4797 = VECTOR ( 'NONE', #6399, 1000.000000000000000 ) ;
#4798 = CARTESIAN_POINT ( 'NONE',  ( 0.000000000000000000, 1.500000000000000000, 0.000000000000000000 ) ) ;
#4799 = EDGE_LOOP ( 'NONE', ( #3980, #7043, #7165, #8786 ) ) ;
#4800 = ORIENTED_EDGE ( 'NONE', *, *, #2053, .F. ) ;
#4801 = CYLINDRICAL_SURFACE ( 'NONE', #5303, 0.1499999999999999667 ) ;
#4802 = CARTESIAN_POINT ( 'NONE',  ( 2.379074584758894773, -0.6500000000000000222, 3.850925415241104321 ) ) ;
#4803 = EDGE_CURVE ( 'NONE', #3609, #7683, #9051, .T. ) ;
#4804 = DIRECTION ( 'NONE',  ( -1.000000000000000000, -0.000000000000000000, 0.000000000000000000 ) ) ;
#4805 = DIRECTION ( 'NONE',  ( 0.000000000000000000, 0.9327759058474841547, -0.3604568066639957102 ) ) ;
#4806 = AXIS2_PLACEMENT_3D ( 'NONE', #3819, #8083, #4572 ) ;
#4807 = CARTESIAN_POINT ( 'NONE',  ( -0.4599999999999994649, 1.399999999999999911, -0.6250000000000004441 ) ) ;
#4808 = SURFACE_STYLE_USAGE ( .BOTH. , #2029 ) ;
#4809 = CARTESIAN_POINT ( 'NONE',  ( -2.179999999999999716, 1.500000000000000000, -2.000000000000000444 ) ) ;
#4810 = ORIENTED_EDGE ( 'NONE', *, *, #2629, .F. ) ;
#4811 = FILL_AREA_STYLE ('',( #4760 ) ) ;
#4812 = UNCERTAINTY_MEASURE_WITH_UNIT (LENGTH_MEASURE( 1.000000000000000082E-05 ), #4637, 'distance_accuracy_value', 'NONE');
#4813 = SURFACE_STYLE_USAGE ( .BOTH. , #8915 ) ;
#4814 = PLANE ( 'NONE',  #6422 ) ;
#4815 = ORIENTED_EDGE ( 'NONE', *, *, #2042, .T. ) ;
#4816 = ORIENTED_EDGE ( 'NONE', *, *, #240, .F. ) ;
#4817 = DIRECTION ( 'NONE',  ( -1.000000000000000000, 0.000000000000000000, 0.000000000000000000 ) ) ;
#4818 = CARTESIAN_POINT ( 'NONE',  ( -3.104999999999999094, -0.1499999999999999944, 3.100000000000000089 ) ) ;
#4819 = LINE ( 'NONE', #4901, #6222 ) ;
#4820 = CARTESIAN_POINT ( 'NONE',  ( 0.3600000000000009859, -0.5499999999999999334, -3.651850830482211929 ) ) ;
#4821 = ORIENTED_EDGE ( 'NONE', *, *, #5291, .T. ) ;
#4822 = UNCERTAINTY_MEASURE_WITH_UNIT (LENGTH_MEASURE( 1.000000000000000082E-05 ), #5683, 'distance_accuracy_value', 'NONE');
#4823 = ORIENTED_EDGE ( 'NONE', *, *, #8844, .T. ) ;
#4824 = EDGE_CURVE ( 'NONE', #1056, #6286, #2100, .T. ) ;
#4825 = SURFACE_STYLE_USAGE ( .BOTH. , #7571 ) ;
#4826 = LINE ( 'NONE', #8249, #6589 ) ;
#4827 = LINE ( 'NONE', #2178, #3365 ) ;
#4828 = VERTEX_POINT ( 'NONE', #717 ) ;
#4829 = PRESENTATION_LAYER_ASSIGNMENT (  '', '', ( #8753 ) ) ;
#4830 = CARTESIAN_POINT ( 'NONE',  ( -0.3599999999999990985, -0.2139543193336009841, 3.253973965717952943 ) ) ;
#4831 = EDGE_LOOP ( 'NONE', ( #5297, #5287, #6958, #8299 ) ) ;
#4832 = VECTOR ( 'NONE', #4199, 1000.000000000000000 ) ;
#4833 = PRESENTATION_STYLE_ASSIGNMENT (( #5429 ) ) ;
#4834 = SPHERICAL_SURFACE ( 'NONE', #7782, 0.1000000000000000056 ) ;
#4835 = CYLINDRICAL_SURFACE ( 'NONE', #8492, 0.1499999999999999667 ) ;
#4836 = VECTOR ( 'NONE', #8248, 1000.000000000000000 ) ;
#4837 = EDGE_LOOP ( 'NONE', ( #4514, #376, #5242, #6457 ) ) ;
#4838 = VECTOR ( 'NONE', #5630, 1000.000000000000000 ) ;
#4839 = CARTESIAN_POINT ( 'NONE',  ( 2.180000000000001048, -0.2139543193336009841, -3.253973965717952943 ) ) ;
#4840 = EDGE_CURVE ( 'NONE', #4904, #3514, #3497, .T. ) ;
#4841 = PLANE ( 'NONE',  #5606 ) ;
#4842 = SURFACE_STYLE_FILL_AREA ( #8175 ) ;
#4843 = CARTESIAN_POINT ( 'NONE',  ( -0.3949954654103691731, 1.100000000000000089, 1.262607324199603420 ) ) ;
#4844 = ORIENTED_EDGE ( 'NONE', *, *, #2622, .F. ) ;
#4845 = ADVANCED_FACE ( 'NONE', ( #4920 ), #8900, .T. ) ;
#4846 = DIRECTION ( 'NONE',  ( -1.000000000000000000, -0.000000000000000000, -0.000000000000000000 ) ) ;
#4847 = ORIENTED_EDGE ( 'NONE', *, *, #1592, .F. ) ;
#4848 = DIRECTION ( 'NONE',  ( -0.000000000000000000, -0.000000000000000000, 1.000000000000000000 ) ) ;
#4849 = ORIENTED_EDGE ( 'NONE', *, *, #3305, .T. ) ;
#4850 = COLOUR_RGB ( '',0.6470588235294117974, 0.6196078431372549211, 0.5882352941176470784 ) ;
#4851 = VECTOR ( 'NONE', #7249, 1000.000000000000000 ) ;
#4852 = EDGE_LOOP ( 'NONE', ( #2729, #4418, #6812, #6503 ) ) ;
#4853 = CARTESIAN_POINT ( 'NONE',  ( 2.180000000000001048, -0.7999999999999999334, 3.583287396400482105 ) ) ;
#4854 = DIRECTION ( 'NONE',  ( -4.336808689942017736E-15, 1.000000000000000000, 0.000000000000000000 ) ) ;
#4855 = DIRECTION ( 'NONE',  ( 1.000000000000000000, -0.000000000000000000, -0.000000000000000000 ) ) ;
#4856 = ORIENTED_EDGE ( 'NONE', *, *, #6345, .T. ) ;
#4857 = AXIS2_PLACEMENT_3D ( 'NONE', #8783, #3168, #7267 ) ;
#4858 = AXIS2_PLACEMENT_3D ( 'NONE', #8866, #6165, #585 ) ;
#4859 = ORIENTED_EDGE ( 'NONE', *, *, #1947, .T. ) ;
#4860 = CARTESIAN_POINT ( 'NONE',  ( -0.9099999999999993650, -0.1499999999999999944, -3.100000000000000089 ) ) ;
#4861 = STYLED_ITEM ( 'NONE', ( #4968 ), #3492 ) ;
#4862 = CARTESIAN_POINT ( 'NONE',  ( 0.3600000000000000977, 1.500000000000000000, 1.999999999999999556 ) ) ;
#4863 = PRESENTATION_LAYER_ASSIGNMENT (  '', '', ( #2818 ) ) ;
#4864 = EDGE_LOOP ( 'NONE', ( #8467, #705, #4823, #6251 ) ) ;
#4865 = DIRECTION ( 'NONE',  ( 0.000000000000000000, 1.000000000000000000, -0.000000000000000000 ) ) ;
#4866 = ADVANCED_FACE ( 'NONE', ( #1568 ), #5089, .F. ) ;
#4867 = VERTEX_POINT ( 'NONE', #5222 ) ;
#4868 = ADVANCED_FACE ( 'NONE', ( #7954 ), #1713, .T. ) ;
#4869 = COLOUR_RGB ( '',0.2980392156862745057, 0.2980392156862745057, 0.2980392156862745057 ) ;
#4870 = AXIS2_PLACEMENT_3D ( 'NONE', #1997, #4058, #6858 ) ;
#4871 = CARTESIAN_POINT ( 'NONE',  ( 0.3600000000000009859, -0.2500000000000000000, 4.049999999999999822 ) ) ;
#4872 = PLANE ( 'NONE',  #7517 ) ;
#4873 = MECHANICAL_DESIGN_GEOMETRIC_PRESENTATION_REPRESENTATION (  '', ( #6923 ), #6621 ) ;
#4874 = COLOUR_RGB ( '',0.6470588235294117974, 0.6196078431372549211, 0.5882352941176470784 ) ;
#4875 = ORIENTED_EDGE ( 'NONE', *, *, #3759, .T. ) ;
#4876 =( LENGTH_UNIT ( ) NAMED_UNIT ( * ) SI_UNIT ( .MILLI., .METRE. ) );
#4877 = VECTOR ( 'NONE', #4520, 1000.000000000000000 ) ;
#4878 = DIRECTION ( 'NONE',  ( 1.000000000000000000, 0.000000000000000000, -0.000000000000000000 ) ) ;
#4879 = DIRECTION ( 'NONE',  ( -1.000000000000000000, -0.000000000000000000, -0.000000000000000000 ) ) ;
#4880 = PRESENTATION_STYLE_ASSIGNMENT (( #2781 ) ) ;
#4881 =( NAMED_UNIT ( * ) SI_UNIT ( $, .STERADIAN. ) SOLID_ANGLE_UNIT ( ) );
#4882 = ORIENTED_EDGE ( 'NONE', *, *, #528, .F. ) ;
#4883 =( NAMED_UNIT ( * ) PLANE_ANGLE_UNIT ( ) SI_UNIT ( $, .RADIAN. ) );
#4884 = PRESENTATION_STYLE_ASSIGNMENT (( #727 ) ) ;
#4885 = CARTESIAN_POINT ( 'NONE',  ( 1.729999999999999316, 1.100000000000000089, 0.6249999999999995559 ) ) ;
#4886 = UNCERTAINTY_MEASURE_WITH_UNIT (LENGTH_MEASURE( 1.000000000000000082E-05 ), #6620, 'distance_accuracy_value', 'NONE');
#4887 = DIRECTION ( 'NONE',  ( -1.000000000000000000, -0.000000000000000000, -0.000000000000000000 ) ) ;
#4888 = EDGE_CURVE ( 'NONE', #3951, #2326, #8680, .T. ) ;
#4889 = CARTESIAN_POINT ( 'NONE',  ( -1.629999999999998561, -0.1499999999999999944, -2.969702453438674006 ) ) ;
#4890 = EDGE_LOOP ( 'NONE', ( #3785, #1445, #3333, #500, #3707, #348 ) ) ;
#4891 = PRESENTATION_STYLE_ASSIGNMENT (( #7640 ) ) ;
#4892 = EDGE_CURVE ( 'NONE', #4904, #5677, #6952, .T. ) ;
#4893 = PRESENTATION_LAYER_ASSIGNMENT (  '', '', ( #2420 ) ) ;
#4894 = ORIENTED_EDGE ( 'NONE', *, *, #738, .F. ) ;
#4895 = VERTEX_POINT ( 'NONE', #7998 ) ;
#4896 = LINE ( 'NONE', #1506, #3865 ) ;
#4897 = SURFACE_SIDE_STYLE ('',( #1296 ) ) ;
#4898 = CARTESIAN_POINT ( 'NONE',  ( -0.8099999999999997202, -0.6500000000000000222, 4.150000000000000355 ) ) ;
#4899 = DIRECTION ( 'NONE',  ( -1.000000000000000000, -0.000000000000000000, -0.000000000000000000 ) ) ;
#4900 = ADVANCED_FACE ( 'NONE', ( #5311 ), #1749, .F. ) ;
#4901 = CARTESIAN_POINT ( 'NONE',  ( 2.180000000000001048, -0.7999999999999999334, -4.150000000000000355 ) ) ;
#4902 = MECHANICAL_DESIGN_GEOMETRIC_PRESENTATION_REPRESENTATION (  '', ( #8258 ), #665 ) ;
#4903 = CARTESIAN_POINT ( 'NONE',  ( -0.3599999999999990985, -0.7999999999999999334, -4.150000000000000355 ) ) ;
#4904 = VERTEX_POINT ( 'NONE', #5175 ) ;
#4905 = COLOUR_RGB ( '',0.6470588235294117974, 0.6196078431372549211, 0.5882352941176470784 ) ;
#4906 = EDGE_CURVE ( 'NONE', #7154, #7711, #417, .T. ) ;
#4907 = ORIENTED_EDGE ( 'NONE', *, *, #932, .F. ) ;
#4908 = CARTESIAN_POINT ( 'NONE',  ( -2.179999999999998828, -0.09593147900040135956, 3.369176195092057569 ) ) ;
#4909 = CARTESIAN_POINT ( 'NONE',  ( 0.3600000000000009859, -0.2500000000000000000, -3.160696375133204672 ) ) ;
#4910 = CARTESIAN_POINT ( 'NONE',  ( -3.104999999999999094, -0.1499999999999999944, 3.100000000000000089 ) ) ;
#4911 = CARTESIAN_POINT ( 'NONE',  ( 0.9100000000000010303, -0.5499999999999999334, 3.651850830482211929 ) ) ;
#4912 = ORIENTED_EDGE ( 'NONE', *, *, #1845, .T. ) ;
#4913 = DIRECTION ( 'NONE',  ( 4.353374594594169657E-15, 0.000000000000000000, 1.000000000000000000 ) ) ;
#4914 =( NAMED_UNIT ( * ) PLANE_ANGLE_UNIT ( ) SI_UNIT ( $, .RADIAN. ) );
#4915 = ORIENTED_EDGE ( 'NONE', *, *, #5962, .F. ) ;
#4916 = AXIS2_PLACEMENT_3D ( 'NONE', #1107, #8594, #3795 ) ;
#4917 = UNCERTAINTY_MEASURE_WITH_UNIT (LENGTH_MEASURE( 1.000000000000000082E-05 ), #6366, 'distance_accuracy_value', 'NONE');
#4918 = DIRECTION ( 'NONE',  ( 1.000000000000000000, 0.000000000000000000, -0.000000000000000000 ) ) ;
#4919 = EDGE_CURVE ( 'NONE', #8119, #2823, #920, .T. ) ;
#4920 = FACE_OUTER_BOUND ( 'NONE', #2466, .T. ) ;
#4921 = PRESENTATION_LAYER_ASSIGNMENT (  '', '', ( #8868 ) ) ;
#4922 = FILL_AREA_STYLE ('',( #8303 ) ) ;
#4923 = VERTEX_POINT ( 'NONE', #6570 ) ;
#4924 = COLOUR_RGB ( '',0.6470588235294117974, 0.6196078431372549211, 0.5882352941176470784 ) ;
#4925 = PRESENTATION_LAYER_ASSIGNMENT (  '', '', ( #8871 ) ) ;
#4926 = EDGE_LOOP ( 'NONE', ( #5673, #8976, #5249, #6354 ) ) ;
#4927 = PLANE ( 'NONE',  #5009 ) ;
#4928 = PLANE ( 'NONE',  #1379 ) ;
#4929 = ORIENTED_EDGE ( 'NONE', *, *, #8837, .T. ) ;
#4930 = EDGE_CURVE ( 'NONE', #3268, #6420, #3109, .T. ) ;
#4931 = ADVANCED_FACE ( 'NONE', ( #3026 ), #2342, .F. ) ;
#4932 = AXIS2_PLACEMENT_3D ( 'NONE', #5562, #7664, #1393 ) ;
#4933 = EDGE_CURVE ( 'NONE', #3828, #1958, #4328, .T. ) ;
#4934 = AXIS2_PLACEMENT_3D ( 'NONE', #4911, #6871, #8333 ) ;
#4935 = EDGE_CURVE ( 'NONE', #555, #8955, #3427, .T. ) ;
#4936 = DIRECTION ( 'NONE',  ( -0.9961946980917455452, -0.08715574274765836016, 2.160152911779223387E-16 ) ) ;
#4937 = LINE ( 'NONE', #2028, #2142 ) ;
#4938 = CARTESIAN_POINT ( 'NONE',  ( -1.629999999999998561, 0.000000000000000000, 3.229259809214934052 ) ) ;
#4939 = CARTESIAN_POINT ( 'NONE',  ( 0.9100000000000010303, -0.5860456806663989493, -3.558573239897463658 ) ) ;
#4940 = ORIENTED_EDGE ( 'NONE', *, *, #240, .T. ) ;
#4941 = DIRECTION ( 'NONE',  ( -0.000000000000000000, -1.000000000000000000, -0.000000000000000000 ) ) ;
#4942 =( LENGTH_UNIT ( ) NAMED_UNIT ( * ) SI_UNIT ( .MILLI., .METRE. ) );
#4943 = DIRECTION ( 'NONE',  ( -1.000000000000000000, -0.000000000000000000, -0.000000000000000000 ) ) ;
#4944 =( NAMED_UNIT ( * ) SI_UNIT ( $, .STERADIAN. ) SOLID_ANGLE_UNIT ( ) );
#4945 = DIRECTION ( 'NONE',  ( 0.000000000000000000, 0.000000000000000000, -1.000000000000000000 ) ) ;
#4946 = ORIENTED_EDGE ( 'NONE', *, *, #2314, .F. ) ;
#4947 = DIRECTION ( 'NONE',  ( 1.000000000000000000, 0.000000000000000000, 0.000000000000000000 ) ) ;
#4948 = VERTEX_POINT ( 'NONE', #592 ) ;
#4949 = DIRECTION ( 'NONE',  ( 0.000000000000000000, -0.08715574274765836016, -0.9961946980917455452 ) ) ;
#4950 = CARTESIAN_POINT ( 'NONE',  ( -1.729999999999998872, 1.500000000000000000, -0.6250000000000004441 ) ) ;
#4951 = LINE ( 'NONE', #8363, #7242 ) ;
#4952 = FACE_OUTER_BOUND ( 'NONE', #6518, .T. ) ;
#4953 = FILL_AREA_STYLE_COLOUR ( '', #4186 ) ;
#4954 = CARTESIAN_POINT ( 'NONE',  ( -2.911255668237036964, -0.6500000000000001332, 2.814622550835295556 ) ) ;
#4955 = ORIENTED_EDGE ( 'NONE', *, *, #2884, .T. ) ;
#4956 = CARTESIAN_POINT ( 'NONE',  ( 0.9100000000000010303, -0.2139543193336009841, -3.253973965717952943 ) ) ;
#4957 = ORIENTED_EDGE ( 'NONE', *, *, #2328, .F. ) ;
#4958 = CARTESIAN_POINT ( 'NONE',  ( -1.629999999999998561, -0.1499999999999999944, 3.100000000000000089 ) ) ;
#4959 = CARTESIAN_POINT ( 'NONE',  ( -3.104999999999999094, 0.000000000000000000, -3.100000000000000089 ) ) ;
#4960 = FILL_AREA_STYLE_COLOUR ( '', #35 ) ;
#4961 = SURFACE_STYLE_USAGE ( .BOTH. , #7007 ) ;
#4962 = PRESENTATION_STYLE_ASSIGNMENT (( #5003 ) ) ;
#4963 = VERTEX_POINT ( 'NONE', #7395 ) ;
#4964 = PRODUCT_CONTEXT ( 'NONE', #3884, 'mechanical' ) ;
#4965 = EDGE_CURVE ( 'NONE', #3433, #1342, #8740, .T. ) ;
#4966 =( NAMED_UNIT ( * ) SI_UNIT ( $, .STERADIAN. ) SOLID_ANGLE_UNIT ( ) );
#4967 = CARTESIAN_POINT ( 'NONE',  ( -1.729999999999998872, 1.399999999999999911, 0.6249999999999995559 ) ) ;
#4968 = PRESENTATION_STYLE_ASSIGNMENT (( #8042 ) ) ;
#4969 =( NAMED_UNIT ( * ) SI_UNIT ( $, .STERADIAN. ) SOLID_ANGLE_UNIT ( ) );
#4970 = CARTESIAN_POINT ( 'NONE',  ( -2.954999999999999183, -0.1499999999999999944, 2.850380530190825379 ) ) ;
#4971 = CYLINDRICAL_SURFACE ( 'NONE', #7166, 0.1499999999999999667 ) ;
#4972 = ORIENTED_EDGE ( 'NONE', *, *, #6159, .F. ) ;
#4973 =( LENGTH_UNIT ( ) NAMED_UNIT ( * ) SI_UNIT ( .MILLI., .METRE. ) );
#4974 = DIRECTION ( 'NONE',  ( 0.08682659386424777803, 0.9924325091389669673, -0.08682659386424779191 ) ) ;
#4975 = STYLED_ITEM ( 'NONE', ( #3169 ), #46 ) ;
#4976 = LINE ( 'NONE', #2329, #7646 ) ;
#4977 = CARTESIAN_POINT ( 'NONE',  ( 0.9100000000000010303, -0.2139543193336009841, 3.253973965717952943 ) ) ;
#4978 = SURFACE_STYLE_FILL_AREA ( #6218 ) ;
#4979 = DIRECTION ( 'NONE',  ( 3.469446951953614189E-16, 0.000000000000000000, -1.000000000000000000 ) ) ;
#4980 =( NAMED_UNIT ( * ) SI_UNIT ( $, .STERADIAN. ) SOLID_ANGLE_UNIT ( ) );
#4981 = VECTOR ( 'NONE', #847, 1000.000000000000000 ) ;
#4982 = ORIENTED_EDGE ( 'NONE', *, *, #1374, .T. ) ;
#4983 = STYLED_ITEM ( 'NONE', ( #7252 ), #509 ) ;
#4984 = LINE ( 'NONE', #2120, #1327 ) ;
#4985 = ORIENTED_EDGE ( 'NONE', *, *, #3891, .T. ) ;
#4986 = CARTESIAN_POINT ( 'NONE',  ( 1.630000000000001004, -0.6500000000000000222, -3.651850830482212373 ) ) ;
#4987 = EDGE_CURVE ( 'NONE', #904, #5561, #6751, .T. ) ;
#4988 = CARTESIAN_POINT ( 'NONE',  ( 0.3600000000000009859, 0.000000000000000000, 3.229259809214934052 ) ) ;
#4989 = DIRECTION ( 'NONE',  ( -1.000000000000000000, 0.000000000000000000, 0.000000000000000000 ) ) ;
#4990 = COLOUR_RGB ( '',0.6470588235294117974, 0.6196078431372549211, 0.5882352941176470784 ) ;
#4991 = DIRECTION ( 'NONE',  ( 0.000000000000000000, -0.000000000000000000, -1.000000000000000000 ) ) ;
#4992 = CARTESIAN_POINT ( 'NONE',  ( -3.104999999999999094, 0.000000000000000000, -3.100000000000000089 ) ) ;
#4993 = PRESENTATION_LAYER_ASSIGNMENT (  '', '', ( #8933 ) ) ;
#4994 = AXIS2_PLACEMENT_3D ( 'NONE', #1416, #8400, #2963 ) ;
#4995 = MECHANICAL_DESIGN_GEOMETRIC_PRESENTATION_REPRESENTATION (  '', ( #8936 ), #1196 ) ;
#4996 = ORIENTED_EDGE ( 'NONE', *, *, #1551, .F. ) ;
#4997 = CARTESIAN_POINT ( 'NONE',  ( 0.3600000000000009859, -0.5499999999999999334, 3.651850830482211929 ) ) ;
#4998 = EDGE_LOOP ( 'NONE', ( #8600, #5177, #4529, #8579 ) ) ;
#4999 = COLOUR_RGB ( '',0.6470588235294117974, 0.6196078431372549211, 0.5882352941176470784 ) ;
#5000 = FACE_OUTER_BOUND ( 'NONE', #3866, .T. ) ;
#5001 = SURFACE_STYLE_USAGE ( .BOTH. , #3535 ) ;
#5002 = DIRECTION ( 'NONE',  ( 0.000000000000000000, -1.000000000000000000, 0.000000000000000000 ) ) ;
#5003 = SURFACE_STYLE_USAGE ( .BOTH. , #2808 ) ;
#5004 = ORIENTED_EDGE ( 'NONE', *, *, #3689, .T. ) ;
#5005 = LINE ( 'NONE', #8939, #8770 ) ;
#5006 = ADVANCED_FACE ( 'NONE', ( #6852 ), #8228, .F. ) ;
#5007 = AXIS2_PLACEMENT_3D ( 'NONE', #3711, #5189, #7969 ) ;
#5008 = PRESENTATION_STYLE_ASSIGNMENT (( #849 ) ) ;
#5009 = AXIS2_PLACEMENT_3D ( 'NONE', #8342, #5020, #7799 ) ;
#5010 = EDGE_CURVE ( 'NONE', #7575, #8111, #1841, .T. ) ;
#5011 = UNCERTAINTY_MEASURE_WITH_UNIT (LENGTH_MEASURE( 1.000000000000000082E-05 ), #765, 'distance_accuracy_value', 'NONE');
#5012 =( LENGTH_UNIT ( ) NAMED_UNIT ( * ) SI_UNIT ( .MILLI., .METRE. ) );
#5013 = CARTESIAN_POINT ( 'NONE',  ( -1.729999999999998872, 1.500000000000000000, -0.6250000000000004441 ) ) ;
#5014 = AXIS2_PLACEMENT_3D ( 'NONE', #7692, #699, #7125 ) ;
#5015 = PRESENTATION_LAYER_ASSIGNMENT (  '', '', ( #1668 ) ) ;
#5016 = EDGE_CURVE ( 'NONE', #7383, #2545, #5496, .T. ) ;
#5017 = FACE_OUTER_BOUND ( 'NONE', #5316, .T. ) ;
#5018 = FILL_AREA_STYLE ('',( #4400 ) ) ;
#5019 = VERTEX_POINT ( 'NONE', #1987 ) ;
#5020 = DIRECTION ( 'NONE',  ( 0.000000000000000000, -1.000000000000000000, 0.000000000000000000 ) ) ;
#5021 = SURFACE_STYLE_FILL_AREA ( #6419 ) ;
#5022 = CIRCLE ( 'NONE', #636, 0.09999999999999982514 ) ;
#5023 =( GEOMETRIC_REPRESENTATION_CONTEXT ( 3 ) GLOBAL_UNCERTAINTY_ASSIGNED_CONTEXT ( ( #1694 ) ) GLOBAL_UNIT_ASSIGNED_CONTEXT ( ( #8527, #7107, #5758 ) ) REPRESENTATION_CONTEXT ( 'NONE', 'WORKASPACE' ) );
#5024 = FACE_OUTER_BOUND ( 'NONE', #7753, .T. ) ;
#5025 = CARTESIAN_POINT ( 'NONE',  ( 1.630000000000001004, 0.000000000000000000, 3.229259809214934052 ) ) ;
#5026 = MECHANICAL_DESIGN_GEOMETRIC_PRESENTATION_REPRESENTATION (  '', ( #206 ), #5906 ) ;
#5027 = DIRECTION ( 'NONE',  ( 0.000000000000000000, 0.000000000000000000, -1.000000000000000000 ) ) ;
#5028 = VERTEX_POINT ( 'NONE', #6802 ) ;
#5029 = CARTESIAN_POINT ( 'NONE',  ( 0.3600000000000009859, -0.2500000000000000000, 3.160696375133204672 ) ) ;
#5030 = CARTESIAN_POINT ( 'NONE',  ( 1.630000000000000338, 1.100000000000000089, 1.262607324199603642 ) ) ;
#5031 = ORIENTED_EDGE ( 'NONE', *, *, #4579, .T. ) ;
#5032 = PRESENTATION_STYLE_ASSIGNMENT (( #2244 ) ) ;
#5033 = FILL_AREA_STYLE ('',( #7205 ) ) ;
#5034 = LINE ( 'NONE', #4344, #2171 ) ;
#5035 =( GEOMETRIC_REPRESENTATION_CONTEXT ( 3 ) GLOBAL_UNCERTAINTY_ASSIGNED_CONTEXT ( ( #2182 ) ) GLOBAL_UNIT_ASSIGNED_CONTEXT ( ( #7483, #6600, #2648 ) ) REPRESENTATION_CONTEXT ( 'NONE', 'WORKASPACE' ) );
#5036 = FILL_AREA_STYLE_COLOUR ( '', #2933 ) ;
#5037 = DIRECTION ( 'NONE',  ( -0.000000000000000000, -1.000000000000000000, -0.000000000000000000 ) ) ;
#5038 = LINE ( 'NONE', #5085, #3834 ) ;
#5039 = EDGE_CURVE ( 'NONE', #6343, #2104, #6506, .T. ) ;
#5040 = VECTOR ( 'NONE', #5828, 1000.000000000000000 ) ;
#5041 =( LENGTH_UNIT ( ) NAMED_UNIT ( * ) SI_UNIT ( .MILLI., .METRE. ) );
#5042 = VERTEX_POINT ( 'NONE', #6693 ) ;
#5043 = ADVANCED_FACE ( 'NONE', ( #5453 ), #3238, .T. ) ;
#5044 = VECTOR ( 'NONE', #2411, 1000.000000000000114 ) ;
#5045 = VERTEX_POINT ( 'NONE', #100 ) ;
#5046 = EDGE_CURVE ( 'NONE', #5677, #2045, #40, .T. ) ;
#5047 = FILL_AREA_STYLE ('',( #1437 ) ) ;
#5048 = LINE ( 'NONE', #1566, #7908 ) ;
#5049 = DIRECTION ( 'NONE',  ( 1.000000000000000000, 0.000000000000000000, 0.000000000000000000 ) ) ;
#5050 = EDGE_CURVE ( 'NONE', #7103, #683, #2196, .T. ) ;
#5051 = VECTOR ( 'NONE', #3603, 1000.000000000000000 ) ;
#5052 = DIRECTION ( 'NONE',  ( -0.000000000000000000, 1.000000000000000000, -0.000000000000000000 ) ) ;
#5053 =( NAMED_UNIT ( * ) PLANE_ANGLE_UNIT ( ) SI_UNIT ( $, .RADIAN. ) );
#5054 = VECTOR ( 'NONE', #2849, 1000.000000000000000 ) ;
#5055 = PRESENTATION_LAYER_ASSIGNMENT (  '', '', ( #9032 ) ) ;
#5056 = AXIS2_PLACEMENT_3D ( 'NONE', #320, #1657, #6616 ) ;
#5057 = LINE ( 'NONE', #6332, #4602 ) ;
#5058 = CARTESIAN_POINT ( 'NONE',  ( 2.180000000000001048, 0.000000000000000000, -3.100000000000000089 ) ) ;
#5059 = DIRECTION ( 'NONE',  ( 0.000000000000000000, 0.000000000000000000, 1.000000000000000000 ) ) ;
#5060 = ORIENTED_EDGE ( 'NONE', *, *, #2706, .T. ) ;
#5061 = AXIS2_PLACEMENT_3D ( 'NONE', #871, #2843, #144 ) ;
#5062 = ORIENTED_EDGE ( 'NONE', *, *, #3494, .F. ) ;
#5063 = UNCERTAINTY_MEASURE_WITH_UNIT (LENGTH_MEASURE( 1.000000000000000082E-05 ), #4039, 'distance_accuracy_value', 'NONE');
#5064 = SURFACE_SIDE_STYLE ('',( #6030 ) ) ;
#5065 = ORIENTED_EDGE ( 'NONE', *, *, #1068, .F. ) ;
#5066 = FACE_OUTER_BOUND ( 'NONE', #511, .T. ) ;
#5067 = DIRECTION ( 'NONE',  ( 0.000000000000000000, 0.000000000000000000, 1.000000000000000000 ) ) ;
#5068 = CYLINDRICAL_SURFACE ( 'NONE', #3596, 0.09999999999999982514 ) ;
#5069 =( NAMED_UNIT ( * ) PLANE_ANGLE_UNIT ( ) SI_UNIT ( $, .RADIAN. ) );
#5070 =( NAMED_UNIT ( * ) SI_UNIT ( $, .STERADIAN. ) SOLID_ANGLE_UNIT ( ) );
#5071 = ORIENTED_EDGE ( 'NONE', *, *, #5322, .F. ) ;
#5072 =( NAMED_UNIT ( * ) SI_UNIT ( $, .STERADIAN. ) SOLID_ANGLE_UNIT ( ) );
#5073 = SURFACE_STYLE_FILL_AREA ( #548 ) ;
#5074 = VERTEX_POINT ( 'NONE', #7721 ) ;
#5075 = DIRECTION ( 'NONE',  ( 0.000000000000000000, -0.000000000000000000, -1.000000000000000000 ) ) ;
#5076 = AXIS2_PLACEMENT_3D ( 'NONE', #4997, #2262, #7737 ) ;
#5077 = ADVANCED_FACE ( 'NONE', ( #2916 ), #684, .F. ) ;
#5078 = PLANE ( 'NONE',  #2253 ) ;
#5079 = CARTESIAN_POINT ( 'NONE',  ( -0.9100000000000002531, 1.500000000000000000, -2.000000000000000444 ) ) ;
#5080 = CARTESIAN_POINT ( 'NONE',  ( 2.180000000000001048, -0.6500000000000000222, -4.150000000000000355 ) ) ;
#5081 = VECTOR ( 'NONE', #1462, 1000.000000000000000 ) ;
#5082 = LINE ( 'NONE', #3571, #2369 ) ;
#5083 = DIRECTION ( 'NONE',  ( 0.000000000000000000, 1.000000000000000000, 0.000000000000000000 ) ) ;
#5084 = FILL_AREA_STYLE ('',( #2130 ) ) ;
#5085 = CARTESIAN_POINT ( 'NONE',  ( -2.911271758305164603, -0.6498160896797475772, -2.806652288495991243 ) ) ;
#5086 = LINE ( 'NONE', #2440, #1969 ) ;
#5087 = ORIENTED_EDGE ( 'NONE', *, *, #1371, .F. ) ;
#5088 = LINE ( 'NONE', #2403, #7042 ) ;
#5089 = PLANE ( 'NONE',  #2144 ) ;
#5090 = LINE ( 'NONE', #1389, #4718 ) ;
#5091 = PRESENTATION_STYLE_ASSIGNMENT (( #2899 ) ) ;
#5092 = PLANE ( 'NONE',  #6856 ) ;
#5093 = EDGE_CURVE ( 'NONE', #5458, #1099, #408, .T. ) ;
#5094 = CARTESIAN_POINT ( 'NONE',  ( -0.8099999999999994982, 1.500000000000000000, 0.6249999999999995559 ) ) ;
#5095 = DIRECTION ( 'NONE',  ( 0.000000000000000000, 0.000000000000000000, 1.000000000000000000 ) ) ;
#5096 = LINE ( 'NONE', #8521, #3102 ) ;
#5097 = ORIENTED_EDGE ( 'NONE', *, *, #4, .F. ) ;
#5098 = VERTEX_POINT ( 'NONE', #1587 ) ;
#5099 = DIRECTION ( 'NONE',  ( -0.08682659386424762538, -0.9924325091389671893, -0.08682659386424763925 ) ) ;
#5100 = ORIENTED_EDGE ( 'NONE', *, *, #1592, .T. ) ;
#5101 = CARTESIAN_POINT ( 'NONE',  ( 0.8099999999999999423, -0.7999999999999999334, -4.150000000000000355 ) ) ;
#5102 = ORIENTED_EDGE ( 'NONE', *, *, #3418, .F. ) ;
#5103 = LINE ( 'NONE', #7108, #7797 ) ;
#5104 = ORIENTED_EDGE ( 'NONE', *, *, #7161, .F. ) ;
#5105 =( GEOMETRIC_REPRESENTATION_CONTEXT ( 3 ) GLOBAL_UNCERTAINTY_ASSIGNED_CONTEXT ( ( #4051 ) ) GLOBAL_UNIT_ASSIGNED_CONTEXT ( ( #7409, #7921, #5330 ) ) REPRESENTATION_CONTEXT ( 'NONE', 'WORKASPACE' ) );
#5106 = DIRECTION ( 'NONE',  ( 0.000000000000000000, 0.000000000000000000, -1.000000000000000000 ) ) ;
#5107 = DIRECTION ( 'NONE',  ( 0.000000000000000000, -0.000000000000000000, 1.000000000000000000 ) ) ;
#5108 = CARTESIAN_POINT ( 'NONE',  ( 0.4600000000000003531, 1.100000000000000089, -0.6250000000000004441 ) ) ;
#5109 = SURFACE_STYLE_FILL_AREA ( #2377 ) ;
#5110 =( LENGTH_UNIT ( ) NAMED_UNIT ( * ) SI_UNIT ( .MILLI., .METRE. ) );
#5111 = CARTESIAN_POINT ( 'NONE',  ( -0.3599999999999990985, -0.2500000000000000000, 3.160696375133204672 ) ) ;
#5112 = ORIENTED_EDGE ( 'NONE', *, *, #3985, .F. ) ;
#5113 = EDGE_CURVE ( 'NONE', #5733, #2841, #5255, .T. ) ;
#5114 = CARTESIAN_POINT ( 'NONE',  ( 2.180000000000001048, -0.5499999999999999334, -3.651850830482211929 ) ) ;
#5115 = EDGE_CURVE ( 'NONE', #1907, #7273, #5160, .T. ) ;
#5116 = CARTESIAN_POINT ( 'NONE',  ( -2.079999999999998295, 1.500000000000000000, -0.6250000000000004441 ) ) ;
#5117 = LINE ( 'NONE', #2389, #2451 ) ;
#5118 = ADVANCED_FACE ( 'NONE', ( #311 ), #7943, .T. ) ;
#5119 = CIRCLE ( 'NONE', #7014, 0.09999999999999982514 ) ;
#5120 = DIRECTION ( 'NONE',  ( -0.000000000000000000, -1.000000000000000000, -0.000000000000000000 ) ) ;
#5121 = LINE ( 'NONE', #6569, #1365 ) ;
#5122 = EDGE_CURVE ( 'NONE', #5860, #8525, #3730, .T. ) ;
#5123 = CARTESIAN_POINT ( 'NONE',  ( -1.629999999999998561, -0.1500000000000001610, -3.160696375133204228 ) ) ;
#5124 = CIRCLE ( 'NONE', #1933, 0.09999999999999982514 ) ;
#5125 = ORIENTED_EDGE ( 'NONE', *, *, #3025, .T. ) ;
#5126 = VERTEX_POINT ( 'NONE', #7251 ) ;
#5127 =( GEOMETRIC_REPRESENTATION_CONTEXT ( 3 ) GLOBAL_UNCERTAINTY_ASSIGNED_CONTEXT ( ( #8354 ) ) GLOBAL_UNIT_ASSIGNED_CONTEXT ( ( #7674, #5539, #8269 ) ) REPRESENTATION_CONTEXT ( 'NONE', 'WORKASPACE' ) );
#5128 = DIRECTION ( 'NONE',  ( -1.000000000000000000, 0.000000000000000000, 0.000000000000000000 ) ) ;
#5129 = COLOUR_RGB ( '',0.2980392156862745057, 0.2980392156862745057, 0.2980392156862745057 ) ;
#5130 = LINE ( 'NONE', #3074, #2954 ) ;
#5131 = DIRECTION ( 'NONE',  ( -1.000000000000000000, -0.000000000000000000, 3.942553354492739094E-16 ) ) ;
#5132 = APPLICATION_CONTEXT ( 'automotive_design' ) ;
#5133 = VECTOR ( 'NONE', #5674, 1000.000000000000000 ) ;
#5134 = CARTESIAN_POINT ( 'NONE',  ( 0.000000000000000000, 1.100000000000000089, 0.000000000000000000 ) ) ;
#5135 =( LENGTH_UNIT ( ) NAMED_UNIT ( * ) SI_UNIT ( .MILLI., .METRE. ) );
#5136 = LINE ( 'NONE', #4363, #1059 ) ;
#5137 = CARTESIAN_POINT ( 'NONE',  ( -3.008762470121482568, 1.100000000000000089, 3.003762470121483119 ) ) ;
#5138 = CARTESIAN_POINT ( 'NONE',  ( 1.630000000000001004, -0.2500000000000000000, 3.160696375133204672 ) ) ;
#5139 = EDGE_CURVE ( 'NONE', #2248, #6573, #1741, .T. ) ;
#5140 = VECTOR ( 'NONE', #5518, 1000.000000000000000 ) ;
#5141 = EDGE_LOOP ( 'NONE', ( #8865, #421, #8570, #423 ) ) ;
#5142 = MECHANICAL_DESIGN_GEOMETRIC_PRESENTATION_REPRESENTATION (  '', ( #8952 ), #2385 ) ;
#5143 = CARTESIAN_POINT ( 'NONE',  ( -2.179999999999998828, -0.2500000000000000000, 4.049999999999999822 ) ) ;
#5144 = ORIENTED_EDGE ( 'NONE', *, *, #7736, .F. ) ;
#5145 = SURFACE_STYLE_FILL_AREA ( #994 ) ;
#5146 = CARTESIAN_POINT ( 'NONE',  ( 0.3687488663525916865, 1.399999999999999911, -1.262607324199603642 ) ) ;
#5147 = ORIENTED_EDGE ( 'NONE', *, *, #8725, .F. ) ;
#5148 = UNCERTAINTY_MEASURE_WITH_UNIT (LENGTH_MEASURE( 1.000000000000000082E-05 ), #4446, 'distance_accuracy_value', 'NONE');
#5149 =( NAMED_UNIT ( * ) SI_UNIT ( $, .STERADIAN. ) SOLID_ANGLE_UNIT ( ) );
#5150 = ADVANCED_FACE ( 'NONE', ( #5897 ), #3813, .F. ) ;
#5151 = ORIENTED_EDGE ( 'NONE', *, *, #6244, .F. ) ;
#5152 = VECTOR ( 'NONE', #876, 1000.000000000000000 ) ;
#5153 = VECTOR ( 'NONE', #9013, 1000.000000000000000 ) ;
#5154 = FACE_OUTER_BOUND ( 'NONE', #778, .T. ) ;
#5155 = CARTESIAN_POINT ( 'NONE',  ( 0.7099999999999999645, 1.500000000000000000, 0.5249999999999995781 ) ) ;
#5156 = EDGE_CURVE ( 'NONE', #2104, #19, #8717, .T. ) ;
#5157 = UNCERTAINTY_MEASURE_WITH_UNIT (LENGTH_MEASURE( 1.000000000000000082E-05 ), #4633, 'distance_accuracy_value', 'NONE');
#5158 = DIRECTION ( 'NONE',  ( -1.000000000000000000, -0.000000000000000000, -0.000000000000000000 ) ) ;
#5159 = ORIENTED_EDGE ( 'NONE', *, *, #4987, .F. ) ;
#5160 = LINE ( 'NONE', #7896, #3738 ) ;
#5161 = PRESENTATION_LAYER_ASSIGNMENT (  '', '', ( #56 ) ) ;
#5162 = CARTESIAN_POINT ( 'NONE',  ( 0.3600000000000009859, -0.1499999999999999944, 3.100000000000000089 ) ) ;
#5163 = CIRCLE ( 'NONE', #1510, 0.1000000000000001027 ) ;
#5164 = VECTOR ( 'NONE', #449, 1000.000000000000000 ) ;
#5165 = VERTEX_POINT ( 'NONE', #4419 ) ;
#5166 = DIRECTION ( 'NONE',  ( -1.000000000000000000, -0.000000000000000000, -0.000000000000000000 ) ) ;
#5167 = CARTESIAN_POINT ( 'NONE',  ( 1.630000000000001004, -0.6499999999999998002, -3.651850830482212373 ) ) ;
#5168 =( NAMED_UNIT ( * ) SI_UNIT ( $, .STERADIAN. ) SOLID_ANGLE_UNIT ( ) );
#5169 = SURFACE_SIDE_STYLE ('',( #4381 ) ) ;
#5170 = AXIS2_PLACEMENT_3D ( 'NONE', #3362, #1271, #3979 ) ;
#5171 = COLOUR_RGB ( '',0.6470588235294117974, 0.6196078431372549211, 0.5882352941176470784 ) ;
#5172 = SURFACE_STYLE_FILL_AREA ( #7213 ) ;
#5173 = CARTESIAN_POINT ( 'NONE',  ( -2.079999999999997851, -0.6500000000000000222, -4.150000000000000355 ) ) ;
#5174 = ADVANCED_FACE ( 'NONE', ( #2293 ), #905, .T. ) ;
#5175 = CARTESIAN_POINT ( 'NONE',  ( -0.3599999999999990985, -0.6499999999999998002, 3.651850830482212373 ) ) ;
#5176 =( NAMED_UNIT ( * ) PLANE_ANGLE_UNIT ( ) SI_UNIT ( $, .RADIAN. ) );
#5177 = ORIENTED_EDGE ( 'NONE', *, *, #623, .F. ) ;
#5178 = PRESENTATION_LAYER_ASSIGNMENT (  '', '', ( #4592 ) ) ;
#5179 = AXIS2_PLACEMENT_3D ( 'NONE', #3194, #6747, #4047 ) ;
#5180 = PRODUCT_DEFINITION_FORMATION_WITH_SPECIFIED_SOURCE ( 'ANY', '', #2697, .NOT_KNOWN. ) ;
#5181 = MECHANICAL_DESIGN_GEOMETRIC_PRESENTATION_REPRESENTATION (  '', ( #3983 ), #5483 ) ;
#5182 = VERTEX_POINT ( 'NONE', #534 ) ;
#5183 = ORIENTED_EDGE ( 'NONE', *, *, #1691, .F. ) ;
#5184 = LINE ( 'NONE', #7961, #1725 ) ;
#5185 = ORIENTED_EDGE ( 'NONE', *, *, #7439, .F. ) ;
#5186 = EDGE_CURVE ( 'NONE', #5649, #3212, #2609, .T. ) ;
#5187 = AXIS2_PLACEMENT_3D ( 'NONE', #2117, #6953, #6997 ) ;
#5188 = DIRECTION ( 'NONE',  ( -0.000000000000000000, -0.000000000000000000, 1.000000000000000000 ) ) ;
#5189 = DIRECTION ( 'NONE',  ( 0.000000000000000000, 1.000000000000000000, 0.000000000000000000 ) ) ;
#5190 = FACE_OUTER_BOUND ( 'NONE', #1476, .T. ) ;
#5191 = EDGE_CURVE ( 'NONE', #2414, #7834, #1882, .T. ) ;
#5192 = DIRECTION ( 'NONE',  ( 0.000000000000000000, -1.000000000000000000, 0.000000000000000000 ) ) ;
#5193 = AXIS2_PLACEMENT_3D ( 'NONE', #3542, #7133, #2273 ) ;
#5194 = DIRECTION ( 'NONE',  ( -0.08682659386424779191, 0.9924325091389670783, -0.08682659386424779191 ) ) ;
#5195 = LINE ( 'NONE', #4597, #88 ) ;
#5196 = FILL_AREA_STYLE_COLOUR ( '', #5948 ) ;
#5197 = COLOUR_RGB ( '',0.6470588235294117974, 0.6196078431372549211, 0.5882352941176470784 ) ;
#5198 = DIRECTION ( 'NONE',  ( 0.08682659386424777803, 0.9924325091389669673, -0.08682659386424779191 ) ) ;
#5199 = SURFACE_SIDE_STYLE ('',( #2460 ) ) ;
#5200 = ORIENTED_EDGE ( 'NONE', *, *, #5869, .F. ) ;
#5201 = SURFACE_STYLE_FILL_AREA ( #2464 ) ;
#5202 = EDGE_LOOP ( 'NONE', ( #5200, #868, #3503, #3856 ) ) ;
#5203 =( GEOMETRIC_REPRESENTATION_CONTEXT ( 3 ) GLOBAL_UNCERTAINTY_ASSIGNED_CONTEXT ( ( #1447 ) ) GLOBAL_UNIT_ASSIGNED_CONTEXT ( ( #8106, #1306, #799 ) ) REPRESENTATION_CONTEXT ( 'NONE', 'WORKASPACE' ) );
#5204 = ADVANCED_FACE ( 'NONE', ( #489 ), #8902, .T. ) ;
#5205 = LINE ( 'NONE', #481, #698 ) ;
#5206 = SURFACE_STYLE_FILL_AREA ( #7280 ) ;
#5207 =( NAMED_UNIT ( * ) PLANE_ANGLE_UNIT ( ) SI_UNIT ( $, .RADIAN. ) );
#5208 = DIRECTION ( 'NONE',  ( 0.000000000000000000, 0.000000000000000000, 1.000000000000000000 ) ) ;
#5209 = ORIENTED_EDGE ( 'NONE', *, *, #4136, .F. ) ;
#5210 = SURFACE_SIDE_STYLE ('',( #5842 ) ) ;
#5211 = STYLED_ITEM ( 'NONE', ( #7336 ), #5174 ) ;
#5212 = CARTESIAN_POINT ( 'NONE',  ( 0.9100000000000010303, -0.2139543193336009841, -3.253973965717952943 ) ) ;
#5213 = VERTEX_POINT ( 'NONE', #1974 ) ;
#5214 = LINE ( 'NONE', #8720, #7168 ) ;
#5215 = ADVANCED_FACE ( 'NONE', ( #5353 ), #4666, .F. ) ;
#5216 = FILL_AREA_STYLE_COLOUR ( '', #5529 ) ;
#5217 = SURFACE_STYLE_USAGE ( .BOTH. , #6793 ) ;
#5218 = SURFACE_STYLE_FILL_AREA ( #1707 ) ;
#5219 = EDGE_CURVE ( 'NONE', #2768, #8525, #8862, .T. ) ;
#5220 = VECTOR ( 'NONE', #6908, 1000.000000000000000 ) ;
#5221 = COLOUR_RGB ( '',0.6470588235294117974, 0.6196078431372549211, 0.5882352941176470784 ) ;
#5222 = CARTESIAN_POINT ( 'NONE',  ( -2.171251133647406295, 1.399999999999999911, 1.991251133647407690 ) ) ;
#5223 = VECTOR ( 'NONE', #7776, 1000.000000000000000 ) ;
#5224 = DIRECTION ( 'NONE',  ( -2.168404344971008868E-16, -0.000000000000000000, -1.000000000000000000 ) ) ;
#5225 = ORIENTED_EDGE ( 'NONE', *, *, #6896, .T. ) ;
#5226 = MECHANICAL_DESIGN_GEOMETRIC_PRESENTATION_REPRESENTATION (  '', ( #119 ), #3036 ) ;
#5227 = ORIENTED_EDGE ( 'NONE', *, *, #7404, .F. ) ;
#5228 = ORIENTED_EDGE ( 'NONE', *, *, #3078, .F. ) ;
#5229 = MECHANICAL_DESIGN_GEOMETRIC_PRESENTATION_REPRESENTATION (  '', ( #8571 ), #8151 ) ;
#5230 = AXIS2_PLACEMENT_3D ( 'NONE', #4301, #7078, #825 ) ;
#5231 = DIRECTION ( 'NONE',  ( 0.08682659386424779191, 0.9924325091389670783, 0.08682659386424779191 ) ) ;
#5232 = DIRECTION ( 'NONE',  ( 0.000000000000000000, 0.000000000000000000, -1.000000000000000000 ) ) ;
#5233 = SURFACE_SIDE_STYLE ('',( #7865 ) ) ;
#5234 = DIRECTION ( 'NONE',  ( -0.7071067811865505703, 0.000000000000000000, 0.7071067811865444641 ) ) ;
#5235 = CARTESIAN_POINT ( 'NONE',  ( 0.3600000000000004863, 1.399999999999999911, 1.262607324199603642 ) ) ;
#5236 = FILL_AREA_STYLE ('',( #3077 ) ) ;
#5237 = DIRECTION ( 'NONE',  ( -0.000000000000000000, -0.000000000000000000, 1.000000000000000000 ) ) ;
#5238 = CARTESIAN_POINT ( 'NONE',  ( -0.3599999999999990985, -0.1500000000000001610, -3.160696375133204228 ) ) ;
#5239 = LINE ( 'NONE', #987, #7551 ) ;
#5240 = SURFACE_SIDE_STYLE ('',( #8665 ) ) ;
#5241 = EDGE_CURVE ( 'NONE', #3195, #6902, #7538, .T. ) ;
#5242 = ORIENTED_EDGE ( 'NONE', *, *, #8221, .T. ) ;
#5243 = FILL_AREA_STYLE ('',( #3932 ) ) ;
#5244 = DIRECTION ( 'NONE',  ( 0.7071067811865444641, 0.000000000000000000, -0.7071067811865505703 ) ) ;
#5245 = ORIENTED_EDGE ( 'NONE', *, *, #1320, .F. ) ;
#5246 = DIRECTION ( 'NONE',  ( -1.000000000000000000, -0.000000000000000000, -0.000000000000000000 ) ) ;
#5247 = ORIENTED_EDGE ( 'NONE', *, *, #7095, .F. ) ;
#5248 = UNCERTAINTY_MEASURE_WITH_UNIT (LENGTH_MEASURE( 1.000000000000000082E-05 ), #2176, 'distance_accuracy_value', 'NONE');
#5249 = ORIENTED_EDGE ( 'NONE', *, *, #1981, .F. ) ;
#5250 = LINE ( 'NONE', #8114, #8645 ) ;
#5251 =( NAMED_UNIT ( * ) SI_UNIT ( $, .STERADIAN. ) SOLID_ANGLE_UNIT ( ) );
#5252 = CARTESIAN_POINT ( 'NONE',  ( 0.000000000000000000, -0.6500000000000001332, 0.000000000000000000 ) ) ;
#5253 = DIRECTION ( 'NONE',  ( -0.08715574274765836016, 0.9961946980917455452, 3.436161659330867058E-17 ) ) ;
#5254 = VERTEX_POINT ( 'NONE', #2652 ) ;
#5255 = LINE ( 'NONE', #3145, #1410 ) ;
#5256 = EDGE_LOOP ( 'NONE', ( #6135, #6141, #471, #6073 ) ) ;
#5257 = CARTESIAN_POINT ( 'NONE',  ( -2.149844570391730603, 1.155321862365258134, 1.969844570391731775 ) ) ;
#5258 = DIRECTION ( 'NONE',  ( -4.336808689942025625E-15, 0.000000000000000000, -1.000000000000000000 ) ) ;
#5259 = LINE ( 'NONE', #2521, #7835 ) ;
#5260 = FILL_AREA_STYLE_COLOUR ( '', #151 ) ;
#5261 = FACE_OUTER_BOUND ( 'NONE', #970, .T. ) ;
#5262 =( NAMED_UNIT ( * ) PLANE_ANGLE_UNIT ( ) SI_UNIT ( $, .RADIAN. ) );
#5263 = FILL_AREA_STYLE ('',( #2980 ) ) ;
#5264 = FILL_AREA_STYLE ('',( #1012 ) ) ;
#5265 = VECTOR ( 'NONE', #816, 1000.000000000000000 ) ;
#5266 = CARTESIAN_POINT ( 'NONE',  ( 0.8099999999999999423, 1.100000000000000089, -0.6250000000000004441 ) ) ;
#5267 = ORIENTED_EDGE ( 'NONE', *, *, #1092, .T. ) ;
#5268 = EDGE_CURVE ( 'NONE', #4963, #6239, #4749, .T. ) ;
#5269 = VERTEX_POINT ( 'NONE', #5298 ) ;
#5270 = ORIENTED_EDGE ( 'NONE', *, *, #5113, .T. ) ;
#5271 = LINE ( 'NONE', #6489, #7082 ) ;
#5272 = CARTESIAN_POINT ( 'NONE',  ( 2.180000000000001048, -0.2500000000000000000, -3.160696375133204672 ) ) ;
#5273 = CARTESIAN_POINT ( 'NONE',  ( 2.366570652704332645, 1.500000000000000000, -2.968767004711113433 ) ) ;
#5274 = VECTOR ( 'NONE', #6146, 1000.000000000000000 ) ;
#5275 = COLOUR_RGB ( '',0.6470588235294117974, 0.6196078431372549211, 0.5882352941176470784 ) ;
#5276 = SURFACE_STYLE_USAGE ( .BOTH. , #982 ) ;
#5277 = FILL_AREA_STYLE ('',( #2499 ) ) ;
#5278 = LINE ( 'NONE', #342, #2721 ) ;
#5279 = DIRECTION ( 'NONE',  ( 0.7071067811865444641, 0.000000000000000000, -0.7071067811865505703 ) ) ;
#5280 =( NAMED_UNIT ( * ) PLANE_ANGLE_UNIT ( ) SI_UNIT ( $, .RADIAN. ) );
#5281 = ADVANCED_FACE ( 'NONE', ( #8075 ), #1831, .F. ) ;
#5282 = ORIENTED_EDGE ( 'NONE', *, *, #2352, .F. ) ;
#5283 = CARTESIAN_POINT ( 'NONE',  ( -2.179999999999998828, -0.5499999999999999334, 3.651850830482211929 ) ) ;
#5284 = CARTESIAN_POINT ( 'NONE',  ( 1.829999999999999405, 1.500000000000000000, 0.5249999999999995781 ) ) ;
#5285 = ADVANCED_FACE ( 'NONE', ( #8644 ), #1612, .T. ) ;
#5286 = FILL_AREA_STYLE ('',( #6877 ) ) ;
#5287 = ORIENTED_EDGE ( 'NONE', *, *, #8252, .T. ) ;
#5288 = ORIENTED_EDGE ( 'NONE', *, *, #4930, .F. ) ;
#5289 =( LENGTH_UNIT ( ) NAMED_UNIT ( * ) SI_UNIT ( .MILLI., .METRE. ) );
#5290 = EDGE_CURVE ( 'NONE', #2344, #5182, #7269, .T. ) ;
#5291 = EDGE_CURVE ( 'NONE', #1549, #8658, #3167, .T. ) ;
#5292 = DIRECTION ( 'NONE',  ( 1.000000000000000000, -0.000000000000000000, 3.469446951953614189E-16 ) ) ;
#5293 = VECTOR ( 'NONE', #2378, 1000.000000000000114 ) ;
#5294 = VECTOR ( 'NONE', #6355, 1000.000000000000000 ) ;
#5295 = AXIS2_PLACEMENT_3D ( 'NONE', #6433, #191, #5771 ) ;
#5296 = LINE ( 'NONE', #309, #4394 ) ;
#5297 = ORIENTED_EDGE ( 'NONE', *, *, #8841, .F. ) ;
#5298 = CARTESIAN_POINT ( 'NONE',  ( -0.9012511336474077206, 1.399999999999999911, -1.991251133647408134 ) ) ;
#5299 = CARTESIAN_POINT ( 'NONE',  ( 2.180000000000001048, -0.6500000000000000222, -3.583287396400481217 ) ) ;
#5300 = VERTEX_POINT ( 'NONE', #6544 ) ;
#5301 = DIRECTION ( 'NONE',  ( -0.7071067811865444641, -0.000000000000000000, -0.7071067811865505703 ) ) ;
#5302 = VECTOR ( 'NONE', #3582, 1000.000000000000000 ) ;
#5303 = AXIS2_PLACEMENT_3D ( 'NONE', #2151, #721, #5664 ) ;
#5304 = PLANE ( 'NONE',  #3464 ) ;
#5305 = CARTESIAN_POINT ( 'NONE',  ( 2.180000000000000604, -0.1499999999999999944, -3.100000000000000089 ) ) ;
#5306 = CARTESIAN_POINT ( 'NONE',  ( -0.3599999999999990985, -0.7999999999999999334, 3.583287396400482105 ) ) ;
#5307 = CIRCLE ( 'NONE', #1359, 0.09999999999999982514 ) ;
#5308 = CARTESIAN_POINT ( 'NONE',  ( -0.3600000000000003197, 1.500000000000000000, -2.000000000000000444 ) ) ;
#5309 = AXIS2_PLACEMENT_3D ( 'NONE', #5822, #8591, #5923 ) ;
#5310 =( GEOMETRIC_REPRESENTATION_CONTEXT ( 3 ) GLOBAL_UNCERTAINTY_ASSIGNED_CONTEXT ( ( #3052 ) ) GLOBAL_UNIT_ASSIGNED_CONTEXT ( ( #2607, #5331, #7362 ) ) REPRESENTATION_CONTEXT ( 'NONE', 'WORKASPACE' ) );
#5311 = FACE_OUTER_BOUND ( 'NONE', #5352, .T. ) ;
#5312 = VECTOR ( 'NONE', #6629, 1000.000000000000000 ) ;
#5313 = VERTEX_POINT ( 'NONE', #3040 ) ;
#5314 = FACE_OUTER_BOUND ( 'NONE', #2072, .T. ) ;
#5315 =( BOUNDED_CURVE ( )  B_SPLINE_CURVE ( 3, ( #8397, #7547, #3380, #4758 ),
 .UNSPECIFIED., .F., .T. ) 
 B_SPLINE_CURVE_WITH_KNOTS ( ( 4, 4 ),
 ( 3.141592653589793116, 4.712388980384689674 ),
 .UNSPECIFIED. ) 
 CURVE ( )  GEOMETRIC_REPRESENTATION_ITEM ( )  RATIONAL_B_SPLINE_CURVE ( ( 1.000000000000000000, 0.8047378541243649375, 0.8047378541243649375, 1.000000000000000000 ) ) 
 REPRESENTATION_ITEM ( '' )  );
#5316 = EDGE_LOOP ( 'NONE', ( #7744, #3298, #8549, #8751 ) ) ;
#5317 = VERTEX_POINT ( 'NONE', #6585 ) ;
#5318 = STYLED_ITEM ( 'NONE', ( #427 ), #3529 ) ;
#5319 = SURFACE_STYLE_FILL_AREA ( #1101 ) ;
#5320 = AXIS2_PLACEMENT_3D ( 'NONE', #2205, #1514, #833 ) ;
#5321 = PRESENTATION_LAYER_ASSIGNMENT (  '', '', ( #5617 ) ) ;
#5322 = EDGE_CURVE ( 'NONE', #6573, #3066, #4541, .T. ) ;
#5323 = UNCERTAINTY_MEASURE_WITH_UNIT (LENGTH_MEASURE( 1.000000000000000082E-05 ), #277, 'distance_accuracy_value', 'NONE');
#5324 = CARTESIAN_POINT ( 'NONE',  ( 0.9100000000000010303, -0.09593147900040142895, -3.369176195092057569 ) ) ;
#5325 =( NAMED_UNIT ( * ) SI_UNIT ( $, .STERADIAN. ) SOLID_ANGLE_UNIT ( ) );
#5326 = MECHANICAL_DESIGN_GEOMETRIC_PRESENTATION_REPRESENTATION (  '', ( #3981 ), #5035 ) ;
#5327 = STYLED_ITEM ( 'NONE', ( #2270 ), #9047 ) ;
#5328 = ADVANCED_FACE ( 'NONE', ( #1677, #3079 ), #3206, .T. ) ;
#5329 = EDGE_CURVE ( 'NONE', #1930, #5042, #6496, .T. ) ;
#5330 =( NAMED_UNIT ( * ) SI_UNIT ( $, .STERADIAN. ) SOLID_ANGLE_UNIT ( ) );
#5331 =( NAMED_UNIT ( * ) PLANE_ANGLE_UNIT ( ) SI_UNIT ( $, .RADIAN. ) );
#5332 = EDGE_CURVE ( 'NONE', #6559, #4750, #4395, .T. ) ;
#5333 = ORIENTED_EDGE ( 'NONE', *, *, #2911, .T. ) ;
#5334 = DIRECTION ( 'NONE',  ( 0.000000000000000000, -1.000000000000000000, 0.000000000000000000 ) ) ;
#5335 = UNCERTAINTY_MEASURE_WITH_UNIT (LENGTH_MEASURE( 1.000000000000000082E-05 ), #5516, 'distance_accuracy_value', 'NONE');
#5336 = EDGE_LOOP ( 'NONE', ( #720, #6982, #3530, #1014 ) ) ;
#5337 = LINE ( 'NONE', #3755, #6630 ) ;
#5338 = SURFACE_STYLE_USAGE ( .BOTH. , #3882 ) ;
#5339 =( NAMED_UNIT ( * ) PLANE_ANGLE_UNIT ( ) SI_UNIT ( $, .RADIAN. ) );
#5340 = ORIENTED_EDGE ( 'NONE', *, *, #5875, .T. ) ;
#5341 = LINE ( 'NONE', #3978, #5423 ) ;
#5342 = CARTESIAN_POINT ( 'NONE',  ( 1.629999999999999893, 1.399999999999999911, -1.262607324199603642 ) ) ;
#5343 = MECHANICAL_DESIGN_GEOMETRIC_PRESENTATION_REPRESENTATION (  '', ( #1842 ), #507 ) ;
#5344 = ORIENTED_EDGE ( 'NONE', *, *, #386, .T. ) ;
#5345 = ORIENTED_EDGE ( 'NONE', *, *, #1123, .T. ) ;
#5346 = CARTESIAN_POINT ( 'NONE',  ( -2.913827693562530463, -0.1499999999999999944, -2.949999999999998845 ) ) ;
#5347 = LINE ( 'NONE', #3849, #3254 ) ;
#5348 =( NAMED_UNIT ( * ) PLANE_ANGLE_UNIT ( ) SI_UNIT ( $, .RADIAN. ) );
#5349 =( NAMED_UNIT ( * ) SI_UNIT ( $, .STERADIAN. ) SOLID_ANGLE_UNIT ( ) );
#5350 = DIRECTION ( 'NONE',  ( 0.000000000000000000, -0.9327759058474844878, 0.3604568066639949886 ) ) ;
#5351 = PRESENTATION_STYLE_ASSIGNMENT (( #1135 ) ) ;
#5352 = EDGE_LOOP ( 'NONE', ( #1736, #9053, #6662, #2035, #5654, #6279 ) ) ;
#5353 = FACE_OUTER_BOUND ( 'NONE', #7986, .T. ) ;
#5354 = VECTOR ( 'NONE', #723, 1000.000000000000114 ) ;
#5355 = CARTESIAN_POINT ( 'NONE',  ( -0.3599999999999990985, -0.6499999999999998002, -3.651850830482212373 ) ) ;
#5356 = VERTEX_POINT ( 'NONE', #292 ) ;
#5357 = CARTESIAN_POINT ( 'NONE',  ( -2.819622550835294561, -0.5587155742747659248, -2.914242020644469910 ) ) ;
#5358 = ORIENTED_EDGE ( 'NONE', *, *, #5050, .F. ) ;
#5359 = CARTESIAN_POINT ( 'NONE',  ( 2.855380530190826605, -0.1499999999999999944, -2.949999999999999734 ) ) ;
#5360 = CARTESIAN_POINT ( 'NONE',  ( -2.179999999999998828, -0.09593147900040142895, -3.369176195092057569 ) ) ;
#5361 = DIRECTION ( 'NONE',  ( 0.000000000000000000, -1.000000000000000000, 0.000000000000000000 ) ) ;
#5362 = DIRECTION ( 'NONE',  ( 1.000000000000000000, 0.000000000000000000, 0.000000000000000000 ) ) ;
#5363 = CARTESIAN_POINT ( 'NONE',  ( -0.3599999999999994316, 1.500000000000000000, 1.999999999999999556 ) ) ;
#5364 = ORIENTED_EDGE ( 'NONE', *, *, #988, .F. ) ;
#5365 = LINE ( 'NONE', #8138, #1206 ) ;
#5366 = DIRECTION ( 'NONE',  ( 0.000000000000000000, 1.000000000000000000, 0.000000000000000000 ) ) ;
#5367 = VERTEX_POINT ( 'NONE', #5926 ) ;
#5368 = EDGE_CURVE ( 'NONE', #5733, #7684, #8695, .T. ) ;
#5369 = DIRECTION ( 'NONE',  ( 0.000000000000000000, 1.000000000000000000, 0.000000000000000000 ) ) ;
#5370 = STYLED_ITEM ( 'NONE', ( #1404 ), #6270 ) ;
#5371 = EDGE_LOOP ( 'NONE', ( #5420, #877, #8260, #6227 ) ) ;
#5372 = ORIENTED_EDGE ( 'NONE', *, *, #8072, .T. ) ;
#5373 = PRESENTATION_LAYER_ASSIGNMENT (  '', '', ( #247 ) ) ;
#5374 = ORIENTED_EDGE ( 'NONE', *, *, #8344, .F. ) ;
#5375 =( NAMED_UNIT ( * ) SI_UNIT ( $, .STERADIAN. ) SOLID_ANGLE_UNIT ( ) );
#5376 = AXIS2_PLACEMENT_3D ( 'NONE', #57, #1209, #565 ) ;
#5377 = SURFACE_STYLE_USAGE ( .BOTH. , #464 ) ;
#5378 = ORIENTED_EDGE ( 'NONE', *, *, #3495, .F. ) ;
#5379 = DIRECTION ( 'NONE',  ( 0.000000000000000000, -0.000000000000000000, 1.000000000000000000 ) ) ;
#5380 = MECHANICAL_DESIGN_GEOMETRIC_PRESENTATION_REPRESENTATION (  '', ( #8137 ), #2604 ) ;
#5381 = FILL_AREA_STYLE ('',( #6714 ) ) ;
#5382 = EDGE_LOOP ( 'NONE', ( #1870, #3764, #6552, #4490 ) ) ;
#5383 = CARTESIAN_POINT ( 'NONE',  ( 0.000000000000000000, 1.399999999999999911, -0.5250000000000004663 ) ) ;
#5384 = LINE ( 'NONE', #7613, #5741 ) ;
#5385 = ORIENTED_EDGE ( 'NONE', *, *, #2053, .T. ) ;
#5386 = DIRECTION ( 'NONE',  ( -0.000000000000000000, 0.000000000000000000, -1.000000000000000000 ) ) ;
#5387 = EDGE_CURVE ( 'NONE', #2045, #3144, #5826, .T. ) ;
#5388 = SURFACE_SIDE_STYLE ('',( #5206 ) ) ;
#5389 = DIRECTION ( 'NONE',  ( -1.000000000000000000, -0.000000000000000000, 0.000000000000000000 ) ) ;
#5390 = VERTEX_POINT ( 'NONE', #6631 ) ;
#5391 =( NAMED_UNIT ( * ) SI_UNIT ( $, .STERADIAN. ) SOLID_ANGLE_UNIT ( ) );
#5392 = EDGE_LOOP ( 'NONE', ( #7541, #7445, #8928, #281 ) ) ;
#5393 = FILL_AREA_STYLE ('',( #1316 ) ) ;
#5394 = DIRECTION ( 'NONE',  ( -1.000000000000000000, -0.000000000000000000, -0.000000000000000000 ) ) ;
#5395 = ORIENTED_EDGE ( 'NONE', *, *, #3385, .F. ) ;
#5396 = CARTESIAN_POINT ( 'NONE',  ( -0.3599999999999990985, -0.5860456806663989493, 3.558573239897463658 ) ) ;
#5397 =( LENGTH_UNIT ( ) NAMED_UNIT ( * ) SI_UNIT ( .MILLI., .METRE. ) );
#5398 = CARTESIAN_POINT ( 'NONE',  ( 0.3600000000000009859, -0.2500000000000000000, -3.160696375133204672 ) ) ;
#5399 = CARTESIAN_POINT ( 'NONE',  ( 3.105000000000000870, 0.000000000000000000, -3.100000000000000089 ) ) ;
#5400 =( LENGTH_UNIT ( ) NAMED_UNIT ( * ) SI_UNIT ( .MILLI., .METRE. ) );
#5401 = CARTESIAN_POINT ( 'NONE',  ( 0.3600000000000009859, 0.000000000000000000, -2.969702453438674006 ) ) ;
#5402 = ORIENTED_EDGE ( 'NONE', *, *, #7315, .F. ) ;
#5403 = DIRECTION ( 'NONE',  ( -3.794215962506405244E-16, 4.336808689942015369E-15, 1.000000000000000000 ) ) ;
#5404 = ADVANCED_FACE ( 'NONE', ( #387 ), #8742, .F. ) ;
#5405 = CARTESIAN_POINT ( 'NONE',  ( -0.9099999999999991429, -0.2500000000000000000, 4.049999999999999822 ) ) ;
#5406 = EDGE_CURVE ( 'NONE', #5356, #8408, #6050, .T. ) ;
#5407 = VERTEX_POINT ( 'NONE', #8843 ) ;
#5408 = FILL_AREA_STYLE ('',( #557 ) ) ;
#5409 =( NAMED_UNIT ( * ) PLANE_ANGLE_UNIT ( ) SI_UNIT ( $, .RADIAN. ) );
#5410 = SURFACE_STYLE_FILL_AREA ( #462 ) ;
#5411 = CARTESIAN_POINT ( 'NONE',  ( -0.9099999999999991429, -0.6500000000000000222, -3.583287396400481217 ) ) ;
#5412 = ORIENTED_EDGE ( 'NONE', *, *, #3744, .F. ) ;
#5413 = VECTOR ( 'NONE', #4164, 1000.000000000000000 ) ;
#5414 = DIRECTION ( 'NONE',  ( 0.000000000000000000, 0.000000000000000000, -1.000000000000000000 ) ) ;
#5415 = FILL_AREA_STYLE_COLOUR ( '', #1471 ) ;
#5416 = ORIENTED_EDGE ( 'NONE', *, *, #6720, .T. ) ;
#5417 = DIRECTION ( 'NONE',  ( 0.000000000000000000, -0.000000000000000000, -1.000000000000000000 ) ) ;
#5418 = UNCERTAINTY_MEASURE_WITH_UNIT (LENGTH_MEASURE( 1.000000000000000082E-05 ), #6962, 'distance_accuracy_value', 'NONE');
#5419 = VECTOR ( 'NONE', #7392, 1000.000000000000000 ) ;
#5420 = ORIENTED_EDGE ( 'NONE', *, *, #217, .F. ) ;
#5421 = CARTESIAN_POINT ( 'NONE',  ( 0.8099999999999999423, 1.500000000000000000, -0.6250000000000004441 ) ) ;
#5422 = LINE ( 'NONE', #3359, #6868 ) ;
#5423 = VECTOR ( 'NONE', #8109, 1000.000000000000000 ) ;
#5424 = CIRCLE ( 'NONE', #2351, 0.1499999999999999667 ) ;
#5425 =( LENGTH_UNIT ( ) NAMED_UNIT ( * ) SI_UNIT ( .MILLI., .METRE. ) );
#5426 = VERTEX_POINT ( 'NONE', #4017 ) ;
#5427 = LINE ( 'NONE', #1026, #8607 ) ;
#5428 = ORIENTED_EDGE ( 'NONE', *, *, #7312, .T. ) ;
#5429 = SURFACE_STYLE_USAGE ( .BOTH. , #2051 ) ;
#5430 = CYLINDRICAL_SURFACE ( 'NONE', #2875, 0.09999999999999982514 ) ;
#5431 = EDGE_CURVE ( 'NONE', #5731, #5733, #1430, .T. ) ;
#5432 = CARTESIAN_POINT ( 'NONE',  ( -0.9099999999999998090, 1.399999999999999911, -1.262607324199603642 ) ) ;
#5433 = SURFACE_SIDE_STYLE ('',( #361 ) ) ;
#5434 = FILL_AREA_STYLE_COLOUR ( '', #3945 ) ;
#5435 = EDGE_LOOP ( 'NONE', ( #5486, #1754, #7420, #4177 ) ) ;
#5436 = COLOUR_RGB ( '',0.6470588235294117974, 0.6196078431372549211, 0.5882352941176470784 ) ;
#5437 = AXIS2_PLACEMENT_3D ( 'NONE', #589, #7495, #3860 ) ;
#5438 = EDGE_CURVE ( 'NONE', #3134, #6530, #7412, .T. ) ;
#5439 = ORIENTED_EDGE ( 'NONE', *, *, #4436, .F. ) ;
#5440 = PRESENTATION_STYLE_ASSIGNMENT (( #6791 ) ) ;
#5441 = SURFACE_SIDE_STYLE ('',( #375 ) ) ;
#5442 = DIRECTION ( 'NONE',  ( 0.000000000000000000, -0.000000000000000000, 1.000000000000000000 ) ) ;
#5443 = COLOUR_RGB ( '',0.2980392156862745057, 0.2980392156862745057, 0.2980392156862745057 ) ;
#5444 = ADVANCED_FACE ( 'NONE', ( #2590 ), #7519, .F. ) ;
#5445 = VECTOR ( 'NONE', #7677, 1000.000000000000000 ) ;
#5446 = STYLED_ITEM ( 'NONE', ( #7203 ), #6826 ) ;
#5447 = LINE ( 'NONE', #8222, #2776 ) ;
#5448 = DIRECTION ( 'NONE',  ( -1.000000000000000000, -0.000000000000000000, 0.000000000000000000 ) ) ;
#5449 =( NAMED_UNIT ( * ) SI_UNIT ( $, .STERADIAN. ) SOLID_ANGLE_UNIT ( ) );
#5450 = PRESENTATION_STYLE_ASSIGNMENT (( #3339 ) ) ;
#5451 = DIRECTION ( 'NONE',  ( 0.000000000000000000, 0.000000000000000000, -1.000000000000000000 ) ) ;
#5452 = ORIENTED_EDGE ( 'NONE', *, *, #6443, .T. ) ;
#5453 = FACE_OUTER_BOUND ( 'NONE', #3331, .T. ) ;
#5454 = ORIENTED_EDGE ( 'NONE', *, *, #5093, .F. ) ;
#5455 = VECTOR ( 'NONE', #3899, 1000.000000000000000 ) ;
#5456 = ORIENTED_EDGE ( 'NONE', *, *, #4067, .T. ) ;
#5457 = SURFACE_STYLE_FILL_AREA ( #5408 ) ;
#5458 = VERTEX_POINT ( 'NONE', #7689 ) ;
#5459 =( NAMED_UNIT ( * ) PLANE_ANGLE_UNIT ( ) SI_UNIT ( $, .RADIAN. ) );
#5460 = EDGE_CURVE ( 'NONE', #3621, #6664, #1262, .T. ) ;
#5461 = AXIS2_PLACEMENT_3D ( 'NONE', #8009, #7171, #1020 ) ;
#5462 =( GEOMETRIC_REPRESENTATION_CONTEXT ( 3 ) GLOBAL_UNCERTAINTY_ASSIGNED_CONTEXT ( ( #1687 ) ) GLOBAL_UNIT_ASSIGNED_CONTEXT ( ( #8533, #8449, #5070 ) ) REPRESENTATION_CONTEXT ( 'NONE', 'WORKASPACE' ) );
#5463 = FILL_AREA_STYLE ('',( #2671 ) ) ;
#5464 = CYLINDRICAL_SURFACE ( 'NONE', #7931, 0.1499999999999999667 ) ;
#5465 = CARTESIAN_POINT ( 'NONE',  ( 0.3600000000000009859, 0.000000000000000000, -3.100000000000000089 ) ) ;
#5466 = MECHANICAL_DESIGN_GEOMETRIC_PRESENTATION_REPRESENTATION (  '', ( #3685 ), #2695 ) ;
#5467 = PRESENTATION_LAYER_ASSIGNMENT (  '', '', ( #343 ) ) ;
#5468 = VECTOR ( 'NONE', #6476, 1000.000000000000227 ) ;
#5469 = ORIENTED_EDGE ( 'NONE', *, *, #1675, .T. ) ;
#5470 = LINE ( 'NONE', #3258, #1518 ) ;
#5471 = FILL_AREA_STYLE ('',( #5415 ) ) ;
#5472 = ORIENTED_EDGE ( 'NONE', *, *, #5438, .T. ) ;
#5473 = ORIENTED_EDGE ( 'NONE', *, *, #988, .T. ) ;
#5474 = LINE ( 'NONE', #8895, #5274 ) ;
#5475 = VECTOR ( 'NONE', #6968, 1000.000000000000114 ) ;
#5476 = LINE ( 'NONE', #8940, #6729 ) ;
#5477 = DIRECTION ( 'NONE',  ( 0.08682659386424780579, 0.9924325091389669673, 0.08682659386424779191 ) ) ;
#5478 = ORIENTED_EDGE ( 'NONE', *, *, #6541, .T. ) ;
#5479 = CYLINDRICAL_SURFACE ( 'NONE', #6147, 0.1499999999999999667 ) ;
#5480 = CARTESIAN_POINT ( 'NONE',  ( -0.9012511336474068324, 1.399999999999999911, 1.991251133647407690 ) ) ;
#5481 = ADVANCED_FACE ( 'NONE', ( #2637 ), #6313, .T. ) ;
#5482 = ORIENTED_EDGE ( 'NONE', *, *, #1632, .T. ) ;
#5483 =( GEOMETRIC_REPRESENTATION_CONTEXT ( 3 ) GLOBAL_UNCERTAINTY_ASSIGNED_CONTEXT ( ( #1164 ) ) GLOBAL_UNIT_ASSIGNED_CONTEXT ( ( #452, #5262, #8266 ) ) REPRESENTATION_CONTEXT ( 'NONE', 'WORKASPACE' ) );
#5484 = EDGE_LOOP ( 'NONE', ( #7299, #2694, #8074, #7980 ) ) ;
#5485 = DIRECTION ( 'NONE',  ( 0.000000000000000000, 1.000000000000000000, 0.000000000000000000 ) ) ;
#5486 = ORIENTED_EDGE ( 'NONE', *, *, #2422, .F. ) ;
#5487 = SURFACE_STYLE_FILL_AREA ( #8958 ) ;
#5488 = ADVANCED_FACE ( 'NONE', ( #5644 ), #2167, .F. ) ;
#5489 = PLANE ( 'NONE',  #978 ) ;
#5490 = PRESENTATION_LAYER_ASSIGNMENT (  '', '', ( #7667 ) ) ;
#5491 = CARTESIAN_POINT ( 'NONE',  ( 0.9100000000000010303, -0.6500000000000000222, 3.583287396400481217 ) ) ;
#5492 = CARTESIAN_POINT ( 'NONE',  ( 1.630000000000001004, -0.2139543193336009841, 3.253973965717952943 ) ) ;
#5493 = FILL_AREA_STYLE_COLOUR ( '', #8927 ) ;
#5494 = FILL_AREA_STYLE ('',( #4048 ) ) ;
#5495 = CARTESIAN_POINT ( 'NONE',  ( -1.629999999999998561, -0.6499999999999998002, -3.651850830482212373 ) ) ;
#5496 = LINE ( 'NONE', #8876, #2740 ) ;
#5497 = DIRECTION ( 'NONE',  ( 0.000000000000000000, 0.000000000000000000, 1.000000000000000000 ) ) ;
#5498 = CARTESIAN_POINT ( 'NONE',  ( 0.9100000000000010303, -0.5860456806663989493, -3.558573239897463658 ) ) ;
#5499 = DIRECTION ( 'NONE',  ( -1.000000000000000000, -0.000000000000000000, 0.000000000000000000 ) ) ;
#5500 = EDGE_CURVE ( 'NONE', #7888, #6624, #5117, .T. ) ;
#5501 = ORIENTED_EDGE ( 'NONE', *, *, #8081, .T. ) ;
#5502 = EDGE_CURVE ( 'NONE', #7683, #5860, #3696, .T. ) ;
#5503 = ORIENTED_EDGE ( 'NONE', *, *, #7801, .T. ) ;
#5504 = SURFACE_STYLE_USAGE ( .BOTH. , #9026 ) ;
#5505 = DIRECTION ( 'NONE',  ( 0.000000000000000000, -0.000000000000000000, 1.000000000000000000 ) ) ;
#5506 = VECTOR ( 'NONE', #3457, 1000.000000000000114 ) ;
#5507 = LINE ( 'NONE', #8284, #6785 ) ;
#5508 = CARTESIAN_POINT ( 'NONE',  ( -0.8099999999999990541, 1.100000000000000089, -0.6250000000000004441 ) ) ;
#5509 = CARTESIAN_POINT ( 'NONE',  ( 1.729999999999999316, 1.500000000000000000, 0.6249999999999995559 ) ) ;
#5510 = AXIS2_PLACEMENT_3D ( 'NONE', #3282, #7490, #5442 ) ;
#5511 = VECTOR ( 'NONE', #3702, 1000.000000000000000 ) ;
#5512 = EDGE_LOOP ( 'NONE', ( #6947, #6750, #2569, #171 ) ) ;
#5513 = ORIENTED_EDGE ( 'NONE', *, *, #4010, .F. ) ;
#5514 =( GEOMETRIC_REPRESENTATION_CONTEXT ( 3 ) GLOBAL_UNCERTAINTY_ASSIGNED_CONTEXT ( ( #470 ) ) GLOBAL_UNIT_ASSIGNED_CONTEXT ( ( #2287, #3554, #3008 ) ) REPRESENTATION_CONTEXT ( 'NONE', 'WORKASPACE' ) );
#5515 = CARTESIAN_POINT ( 'NONE',  ( -3.104999999999999094, -0.1499999999999999944, -3.100000000000000089 ) ) ;
#5516 =( LENGTH_UNIT ( ) NAMED_UNIT ( * ) SI_UNIT ( .MILLI., .METRE. ) );
#5517 = PRESENTATION_STYLE_ASSIGNMENT (( #8991 ) ) ;
#5518 = DIRECTION ( 'NONE',  ( 1.000000000000000000, -0.000000000000000000, -0.000000000000000000 ) ) ;
#5519 = CARTESIAN_POINT ( 'NONE',  ( -0.8099999999999980549, -0.7999999999999999334, -4.150000000000000355 ) ) ;
#5520 = VERTEX_POINT ( 'NONE', #5729 ) ;
#5521 = CARTESIAN_POINT ( 'NONE',  ( -1.979999999999999538, 1.500000000000000000, 0.5249999999999995781 ) ) ;
#5522 = VECTOR ( 'NONE', #2986, 1000.000000000000000 ) ;
#5523 = AXIS2_PLACEMENT_3D ( 'NONE', #3444, #6240, #9038 ) ;
#5524 = ORIENTED_EDGE ( 'NONE', *, *, #1186, .F. ) ;
#5525 = EDGE_CURVE ( 'NONE', #6653, #7466, #8459, .T. ) ;
#5526 = VECTOR ( 'NONE', #3192, 1000.000000000000000 ) ;
#5527 = PRESENTATION_STYLE_ASSIGNMENT (( #5563 ) ) ;
#5528 = EDGE_CURVE ( 'NONE', #9020, #7927, #193, .T. ) ;
#5529 = COLOUR_RGB ( '',0.2980392156862745057, 0.2980392156862745057, 0.2980392156862745057 ) ;
#5530 = SURFACE_STYLE_FILL_AREA ( #5620 ) ;
#5531 = DIRECTION ( 'NONE',  ( 1.000000000000000000, 0.000000000000000000, -0.000000000000000000 ) ) ;
#5532 = ORIENTED_EDGE ( 'NONE', *, *, #2093, .T. ) ;
#5533 = ORIENTED_EDGE ( 'NONE', *, *, #4126, .F. ) ;
#5534 = DIRECTION ( 'NONE',  ( -1.000000000000000000, 0.000000000000000000, 3.942553354492737614E-16 ) ) ;
#5535 = DIRECTION ( 'NONE',  ( 3.942553354492739094E-16, -0.000000000000000000, 1.000000000000000000 ) ) ;
#5536 = DIRECTION ( 'NONE',  ( 0.000000000000000000, 0.000000000000000000, 1.000000000000000000 ) ) ;
#5537 = CARTESIAN_POINT ( 'NONE',  ( 0.8099999999999999423, 1.100000000000000089, -0.6250000000000004441 ) ) ;
#5538 = CARTESIAN_POINT ( 'NONE',  ( -1.629999999999998561, -0.5499999999999999334, -3.651850830482211929 ) ) ;
#5539 =( NAMED_UNIT ( * ) PLANE_ANGLE_UNIT ( ) SI_UNIT ( $, .RADIAN. ) );
#5540 = ORIENTED_EDGE ( 'NONE', *, *, #1898, .T. ) ;
#5541 = FILL_AREA_STYLE_COLOUR ( '', #109 ) ;
#5542 = SURFACE_STYLE_FILL_AREA ( #9018 ) ;
#5543 = ORIENTED_EDGE ( 'NONE', *, *, #2016, .T. ) ;
#5544 = VERTEX_POINT ( 'NONE', #8542 ) ;
#5545 = ORIENTED_EDGE ( 'NONE', *, *, #2904, .F. ) ;
#5546 = LINE ( 'NONE', #8362, #4776 ) ;
#5547 = CARTESIAN_POINT ( 'NONE',  ( -1.629999999999998561, 0.000000000000000000, -3.229259809214934052 ) ) ;
#5548 = EDGE_LOOP ( 'NONE', ( #7009, #4844, #5776, #4985 ) ) ;
#5549 =( NAMED_UNIT ( * ) SI_UNIT ( $, .STERADIAN. ) SOLID_ANGLE_UNIT ( ) );
#5550 = ADVANCED_FACE ( 'NONE', ( #3020 ), #5853, .F. ) ;
#5551 =( NAMED_UNIT ( * ) PLANE_ANGLE_UNIT ( ) SI_UNIT ( $, .RADIAN. ) );
#5552 =( NAMED_UNIT ( * ) PLANE_ANGLE_UNIT ( ) SI_UNIT ( $, .RADIAN. ) );
#5553 = EDGE_CURVE ( 'NONE', #6343, #3828, #7951, .T. ) ;
#5554 = VERTEX_POINT ( 'NONE', #1008 ) ;
#5555 = UNCERTAINTY_MEASURE_WITH_UNIT (LENGTH_MEASURE( 1.000000000000000082E-05 ), #3524, 'distance_accuracy_value', 'NONE');
#5556 = ORIENTED_EDGE ( 'NONE', *, *, #1690, .F. ) ;
#5557 = DIRECTION ( 'NONE',  ( 1.000000000000000000, 0.000000000000000000, -0.000000000000000000 ) ) ;
#5558 = CARTESIAN_POINT ( 'NONE',  ( -1.629999999999998561, -0.7999999999999999334, -4.150000000000000355 ) ) ;
#5559 = EDGE_LOOP ( 'NONE', ( #3259, #4915, #6023, #996 ) ) ;
#5560 = SURFACE_SIDE_STYLE ('',( #3449 ) ) ;
#5561 = VERTEX_POINT ( 'NONE', #1509 ) ;
#5562 = CARTESIAN_POINT ( 'NONE',  ( 0.4600000000000004086, -0.6500000000000000222, -4.150000000000000355 ) ) ;
#5563 = SURFACE_STYLE_USAGE ( .BOTH. , #578 ) ;
#5564 = EDGE_CURVE ( 'NONE', #7451, #8478, #4304, .T. ) ;
#5565 = DIRECTION ( 'NONE',  ( 0.08715574274765836016, -0.9961946980917455452, -3.436161659330867058E-17 ) ) ;
#5566 = EDGE_CURVE ( 'NONE', #7575, #1915, #8768, .T. ) ;
#5567 = CARTESIAN_POINT ( 'NONE',  ( 0.8099999999999999423, 1.100000000000000089, 0.6249999999999995559 ) ) ;
#5568 = PRESENTATION_STYLE_ASSIGNMENT (( #672 ) ) ;
#5569 = MECHANICAL_DESIGN_GEOMETRIC_PRESENTATION_REPRESENTATION (  '', ( #6006 ), #7292 ) ;
#5570 = EDGE_LOOP ( 'NONE', ( #4946, #7627, #8000, #9042 ) ) ;
#5571 = EDGE_CURVE ( 'NONE', #7463, #1579, #3779, .T. ) ;
#5572 = FACE_OUTER_BOUND ( 'NONE', #8334, .T. ) ;
#5573 = PLANE ( 'NONE',  #3438 ) ;
#5574 = CIRCLE ( 'NONE', #5437, 0.09999999999999982514 ) ;
#5575 = FILL_AREA_STYLE ('',( #5493 ) ) ;
#5576 = DIRECTION ( 'NONE',  ( 0.000000000000000000, 0.000000000000000000, 1.000000000000000000 ) ) ;
#5577 = ORIENTED_EDGE ( 'NONE', *, *, #620, .T. ) ;
#5578 = CARTESIAN_POINT ( 'NONE',  ( 0.9100000000000010303, 0.000000000000000000, 2.969702453438674006 ) ) ;
#5579 = CARTESIAN_POINT ( 'NONE',  ( 2.180000000000001048, -0.6500000000000000222, -4.049999999999999822 ) ) ;
#5580 = LINE ( 'NONE', #6895, #8233 ) ;
#5581 = ORIENTED_EDGE ( 'NONE', *, *, #1353, .F. ) ;
#5582 = CYLINDRICAL_SURFACE ( 'NONE', #5736, 0.1499999999999999667 ) ;
#5583 = EDGE_LOOP ( 'NONE', ( #4485, #1952, #2165, #445 ) ) ;
#5584 = AXIS2_PLACEMENT_3D ( 'NONE', #863, #1585, #6427 ) ;
#5585 = EDGE_LOOP ( 'NONE', ( #567, #2839, #1314, #253, #4517, #3440, #3474, #3345 ) ) ;
#5586 = CARTESIAN_POINT ( 'NONE',  ( 1.660155429608267452, 1.155321862365258134, 1.969844570391731775 ) ) ;
#5587 = CARTESIAN_POINT ( 'NONE',  ( 1.630000000000001004, -0.2500000000000000000, 4.049999999999999822 ) ) ;
#5588 = CARTESIAN_POINT ( 'NONE',  ( 2.180000000000001048, -0.7999999999999999334, 4.049999999999999822 ) ) ;
#5589 = CARTESIAN_POINT ( 'NONE',  ( 0.3600000000000009859, -0.7999999999999999334, -3.583287396400482105 ) ) ;
#5590 = FACE_OUTER_BOUND ( 'NONE', #5371, .T. ) ;
#5591 = MECHANICAL_DESIGN_GEOMETRIC_PRESENTATION_REPRESENTATION (  '', ( #8208 ), #6175 ) ;
#5592 = CIRCLE ( 'NONE', #1644, 0.1499999999999999667 ) ;
#5593 = COLOUR_RGB ( '',0.2980392156862745057, 0.2980392156862745057, 0.2980392156862745057 ) ;
#5594 = CARTESIAN_POINT ( 'NONE',  ( 1.109074584758894755, -0.6500000000000000222, 3.850925415241106098 ) ) ;
#5595 = ORIENTED_EDGE ( 'NONE', *, *, #4224, .T. ) ;
#5596 = DIRECTION ( 'NONE',  ( -3.469446951953614189E-16, 0.000000000000000000, 1.000000000000000000 ) ) ;
#5597 = EDGE_CURVE ( 'NONE', #5703, #8358, #413, .T. ) ;
#5598 = VECTOR ( 'NONE', #2172, 1000.000000000000000 ) ;
#5599 = DIRECTION ( 'NONE',  ( -1.000000000000000000, -0.000000000000000000, -0.000000000000000000 ) ) ;
#5600 = EDGE_CURVE ( 'NONE', #3397, #1121, #4064, .T. ) ;
#5601 = STYLED_ITEM ( 'NONE', ( #9007 ), #6932 ) ;
#5602 = ORIENTED_EDGE ( 'NONE', *, *, #8956, .F. ) ;
#5603 = LINE ( 'NONE', #8426, #7076 ) ;
#5604 = LINE ( 'NONE', #752, #691 ) ;
#5605 = CARTESIAN_POINT ( 'NONE',  ( -0.4599999999999994649, 1.500000000000000000, -0.6250000000000004441 ) ) ;
#5606 = AXIS2_PLACEMENT_3D ( 'NONE', #3601, #7194, #5106 ) ;
#5607 = DIRECTION ( 'NONE',  ( -0.000000000000000000, -0.000000000000000000, 1.000000000000000000 ) ) ;
#5608 = VECTOR ( 'NONE', #6618, 1000.000000000000000 ) ;
#5609 = VERTEX_POINT ( 'NONE', #7343 ) ;
#5610 = VECTOR ( 'NONE', #2439, 1000.000000000000000 ) ;
#5611 = EDGE_CURVE ( 'NONE', #7608, #6903, #2480, .T. ) ;
#5612 = DIRECTION ( 'NONE',  ( 0.000000000000000000, 0.9327759058474841547, -0.3604568066639957102 ) ) ;
#5613 = EDGE_CURVE ( 'NONE', #3433, #8015, #5259, .T. ) ;
#5614 = FILL_AREA_STYLE ('',( #6375 ) ) ;
#5615 = ADVANCED_FACE ( 'NONE', ( #3107 ), #5304, .F. ) ;
#5616 = AXIS2_PLACEMENT_3D ( 'NONE', #5342, #3179, #6058 ) ;
#5617 = STYLED_ITEM ( 'NONE', ( #6665 ), #1705 ) ;
#5618 = CARTESIAN_POINT ( 'NONE',  ( -1.829999999999998961, 1.500000000000000000, 0.5249999999999995781 ) ) ;
#5619 = DIRECTION ( 'NONE',  ( 1.000000000000000000, 0.000000000000000000, -0.000000000000000000 ) ) ;
#5620 = FILL_AREA_STYLE ('',( #8953 ) ) ;
#5621 = LINE ( 'NONE', #7136, #3398 ) ;
#5622 = STYLED_ITEM ( 'NONE', ( #718 ), #3878 ) ;
#5623 = VERTEX_POINT ( 'NONE', #1145 ) ;
#5624 = FACE_OUTER_BOUND ( 'NONE', #2553, .T. ) ;
#5625 = FACE_OUTER_BOUND ( 'NONE', #657, .T. ) ;
#5626 = ORIENTED_EDGE ( 'NONE', *, *, #6119, .T. ) ;
#5627 = SURFACE_STYLE_USAGE ( .BOTH. , #2828 ) ;
#5628 = PRESENTATION_STYLE_ASSIGNMENT (( #902 ) ) ;
#5629 = CARTESIAN_POINT ( 'NONE',  ( 2.180000000000001048, -0.09593147900040135956, -3.369176195092057569 ) ) ;
#5630 = DIRECTION ( 'NONE',  ( -1.000000000000000000, -0.000000000000000000, -0.000000000000000000 ) ) ;
#5631 = FACE_OUTER_BOUND ( 'NONE', #6099, .T. ) ;
#5632 = EDGE_LOOP ( 'NONE', ( #6593, #5097, #218, #6397 ) ) ;
#5633 = CARTESIAN_POINT ( 'NONE',  ( -1.629999999999998561, -0.6500000000000000222, 3.651850830482212373 ) ) ;
#5634 = CARTESIAN_POINT ( 'NONE',  ( -0.3599999999999990985, -0.2139543193336009841, -3.253973965717952943 ) ) ;
#5635 = CARTESIAN_POINT ( 'NONE',  ( 0.000000000000000000, 1.399999999999999911, -0.5250000000000004663 ) ) ;
#5636 = ORIENTED_EDGE ( 'NONE', *, *, #769, .F. ) ;
#5637 = CARTESIAN_POINT ( 'NONE',  ( -0.3599999999999990985, -0.09593147900040135956, 3.369176195092057569 ) ) ;
#5638 = STYLED_ITEM ( 'NONE', ( #6004 ), #4486 ) ;
#5639 = EDGE_LOOP ( 'NONE', ( #7468, #4056, #4531, #7185 ) ) ;
#5640 = DIRECTION ( 'NONE',  ( -1.000000000000000000, -0.000000000000000000, -0.000000000000000000 ) ) ;
#5641 = FACE_OUTER_BOUND ( 'NONE', #922, .T. ) ;
#5642 = LINE ( 'NONE', #7603, #116 ) ;
#5643 = CARTESIAN_POINT ( 'NONE',  ( 2.955000000000000959, -0.1499999999999999944, 2.850380530190824491 ) ) ;
#5644 = FACE_OUTER_BOUND ( 'NONE', #1375, .T. ) ;
#5645 = LINE ( 'NONE', #4992, #5054 ) ;
#5646 = EDGE_CURVE ( 'NONE', #8352, #3691, #8130, .T. ) ;
#5647 =( NAMED_UNIT ( * ) SI_UNIT ( $, .STERADIAN. ) SOLID_ANGLE_UNIT ( ) );
#5648 = ORIENTED_EDGE ( 'NONE', *, *, #6911, .T. ) ;
#5649 = VERTEX_POINT ( 'NONE', #1187 ) ;
#5650 = LINE ( 'NONE', #6367, #4342 ) ;
#5651 = FACE_OUTER_BOUND ( 'NONE', #5202, .T. ) ;
#5652 = COLOUR_RGB ( '',0.6470588235294117974, 0.6196078431372549211, 0.5882352941176470784 ) ;
#5653 = DIRECTION ( 'NONE',  ( 1.000000000000000000, -0.000000000000000000, 0.000000000000000000 ) ) ;
#5654 = ORIENTED_EDGE ( 'NONE', *, *, #34, .F. ) ;
#5655 = EDGE_LOOP ( 'NONE', ( #2371, #1998, #6153, #4875 ) ) ;
#5656 = COLOUR_RGB ( '',0.6470588235294117974, 0.6196078431372549211, 0.5882352941176470784 ) ;
#5657 = UNCERTAINTY_MEASURE_WITH_UNIT (LENGTH_MEASURE( 1.000000000000000082E-05 ), #8169, 'distance_accuracy_value', 'NONE');
#5658 = DIRECTION ( 'NONE',  ( -1.000000000000000000, -0.000000000000000000, -0.000000000000000000 ) ) ;
#5659 = SURFACE_SIDE_STYLE ('',( #1618 ) ) ;
#5660 = EDGE_CURVE ( 'NONE', #2308, #6649, #3947, .T. ) ;
#5661 = MECHANICAL_DESIGN_GEOMETRIC_PRESENTATION_REPRESENTATION (  '', ( #6818 ), #8287 ) ;
#5662 = VECTOR ( 'NONE', #4478, 1000.000000000000000 ) ;
#5663 = ORIENTED_EDGE ( 'NONE', *, *, #3032, .F. ) ;
#5664 = DIRECTION ( 'NONE',  ( 0.000000000000000000, 0.000000000000000000, 1.000000000000000000 ) ) ;
#5665 = CARTESIAN_POINT ( 'NONE',  ( 0.9100000000000010303, -0.09593147900040135956, 3.369176195092057569 ) ) ;
#5666 = VERTEX_POINT ( 'NONE', #2617 ) ;
#5667 = VECTOR ( 'NONE', #6132, 1000.000000000000000 ) ;
#5668 = CARTESIAN_POINT ( 'NONE',  ( -0.3599999999999990985, -0.7040685209995984906, 3.443371010523358589 ) ) ;
#5669 = DIRECTION ( 'NONE',  ( 0.000000000000000000, 0.000000000000000000, -1.000000000000000000 ) ) ;
#5670 = FACE_OUTER_BOUND ( 'NONE', #7806, .T. ) ;
#5671 = FACE_OUTER_BOUND ( 'NONE', #5880, .T. ) ;
#5672 =( NAMED_UNIT ( * ) SI_UNIT ( $, .STERADIAN. ) SOLID_ANGLE_UNIT ( ) );
#5673 = ORIENTED_EDGE ( 'NONE', *, *, #563, .F. ) ;
#5674 = DIRECTION ( 'NONE',  ( -0.7071067811865444641, -0.000000000000000000, -0.7071067811865505703 ) ) ;
#5675 = DIRECTION ( 'NONE',  ( 1.000000000000000000, 0.000000000000000000, 0.000000000000000000 ) ) ;
#5676 = DIRECTION ( 'NONE',  ( 0.000000000000000000, 0.000000000000000000, -1.000000000000000000 ) ) ;
#5677 = VERTEX_POINT ( 'NONE', #5396 ) ;
#5678 = PLANE ( 'NONE',  #1636 ) ;
#5679 = LINE ( 'NONE', #3518, #7993 ) ;
#5680 = CARTESIAN_POINT ( 'NONE',  ( 1.143356301799759889, -0.7999999999999999334, 3.816643698200240742 ) ) ;
#5681 = CYLINDRICAL_SURFACE ( 'NONE', #1504, 0.1000000000000000472 ) ;
#5682 = CARTESIAN_POINT ( 'NONE',  ( 2.180000000000001048, 0.000000000000000000, -2.969702453438674006 ) ) ;
#5683 =( LENGTH_UNIT ( ) NAMED_UNIT ( * ) SI_UNIT ( .MILLI., .METRE. ) );
#5684 = EDGE_CURVE ( 'NONE', #1171, #8719, #6971, .T. ) ;
#5685 = EDGE_CURVE ( 'NONE', #6559, #7515, #7279, .T. ) ;
#5686 = LINE ( 'NONE', #6998, #1655 ) ;
#5687 = EDGE_LOOP ( 'NONE', ( #7471, #2044, #5718, #5819 ) ) ;
#5688 = EDGE_CURVE ( 'NONE', #5367, #8525, #6642, .T. ) ;
#5689 = ORIENTED_EDGE ( 'NONE', *, *, #2836, .F. ) ;
#5690 = CLOSED_SHELL ( 'NONE', ( #5328, #5281, #7748, #2568, #1523, #5215, #7011, #892, #2728, #448, #3301, #4931, #2779, #8925, #4656, #8798, #8707, #4366, #6448, #682, #1595, #6270, #112, #927, #7586, #6875, #1809, #3827, #7077, #6826, #8547, #2201, #8381, #6194, #3805, #5550, #46, #1205, #42, #2058, #4033, #5488, #1925, #7012, #2766, #4866, #1339, #6617, #3059, #7610, #5879, #5285, #1991, #3311, #4479, #7071, #9047, #454, #7425, #8746, #8422, #6188, #2601, #2628, #2309, #4474, #7650, #4626, #2991, #3846, #7433, #4536, #1403, #3171, #304, #5174, #667, #5077, #6755, #4900, #4072, #1765, #1301, #1920, #5204, #5404, #3794, #1994, #1042, #7400, #6932, #1705, #1701, #2364, #2525, #3792, #854, #1011, #9045, #4657, #2535, #7137, #6238, #4525, #3135, #7771, #7619, #192, #6480, #7580, #1604, #4443, #3544, #3693, #848, #1619, #1444, #7719, #606, #6500, #5789, #4729, #3878, #1893, #2862, #2871, #3720, #6901, #509, #5481, #2335, #3492, #4191, #1298, #5721, #2910, #3529, #6425, #7796, #9, #2446, #4508, #731, #4486, #6335, #5043, #3870, #7965, #8322, #7204, #5006, #3, #6297, #4076, #21, #2975, #4845, #261, #319, #6138, #3243, #6528, #6262, #2993, #3252, #7144, #7074, #2571, #6066, #8950, #7456, #2281, #5444, #3267, #5150, #378, #7193, #1804, #7272, #152, #5800, #4036, #7821, #81, #7302, #1159, #4255, #8128, #5615, #8380, #8664, #6527, #1513, #4868, #3496, #424, #4043, #3625, #704, #8241, #8679, #2679, #7488, #1776, #2327, #4506, #5118, #6990, #4391, #3105, #6237, #7690, #7764, #8044, #4533, #6644, #2189, #8836, #8403, #2640, #8628, #1483, #8193 ) ) ;
#5691 = CARTESIAN_POINT ( 'NONE',  ( 0.9100000000000010303, -0.6499999999999998002, -3.651850830482212373 ) ) ;
#5692 = LINE ( 'NONE', #6410, #2221 ) ;
#5693 = CARTESIAN_POINT ( 'NONE',  ( 0.4600000000000004086, -0.7999999999999999334, 4.150000000000000355 ) ) ;
#5694 = VERTEX_POINT ( 'NONE', #4464 ) ;
#5695 = CARTESIAN_POINT ( 'NONE',  ( 1.630000000000001004, -0.09593147900040142895, -3.369176195092057569 ) ) ;
#5696 = DIRECTION ( 'NONE',  ( 0.000000000000000000, 0.000000000000000000, -1.000000000000000000 ) ) ;
#5697 = DIRECTION ( 'NONE',  ( -0.000000000000000000, 1.000000000000000000, 0.000000000000000000 ) ) ;
#5698 = CARTESIAN_POINT ( 'NONE',  ( 0.4599999999999999090, 1.399999999999999911, 0.6249999999999995559 ) ) ;
#5699 =( NAMED_UNIT ( * ) SI_UNIT ( $, .STERADIAN. ) SOLID_ANGLE_UNIT ( ) );
#5700 = DIRECTION ( 'NONE',  ( -0.000000000000000000, -1.000000000000000000, -0.000000000000000000 ) ) ;
#5701 =( GEOMETRIC_REPRESENTATION_CONTEXT ( 3 ) GLOBAL_UNCERTAINTY_ASSIGNED_CONTEXT ( ( #9017 ) ) GLOBAL_UNIT_ASSIGNED_CONTEXT ( ( #3713, #8471, #210 ) ) REPRESENTATION_CONTEXT ( 'NONE', 'WORKASPACE' ) );
#5702 = CARTESIAN_POINT ( 'NONE',  ( -1.629999999999998561, -0.5860456806663989493, 3.558573239897463658 ) ) ;
#5703 = VERTEX_POINT ( 'NONE', #6554 ) ;
#5704 = SURFACE_STYLE_FILL_AREA ( #8391 ) ;
#5705 = CARTESIAN_POINT ( 'NONE',  ( -0.8750045345896305671, 1.100000000000000089, -1.262607324199603642 ) ) ;
#5706 = STYLED_ITEM ( 'NONE', ( #3394 ), #731 ) ;
#5707 = EDGE_CURVE ( 'NONE', #3279, #3725, #3889, .T. ) ;
#5708 = DIRECTION ( 'NONE',  ( 0.000000000000000000, -1.000000000000000000, 0.000000000000000000 ) ) ;
#5709 = CARTESIAN_POINT ( 'NONE',  ( -0.9100000000000002531, 1.500000000000000000, -2.000000000000000444 ) ) ;
#5710 = CARTESIAN_POINT ( 'NONE',  ( -0.9099999999999991429, -0.5860456806663989493, 3.558573239897463658 ) ) ;
#5711 = DIRECTION ( 'NONE',  ( 0.000000000000000000, 0.000000000000000000, 1.000000000000000000 ) ) ;
#5712 = DIRECTION ( 'NONE',  ( -1.000000000000000000, -0.000000000000000000, -0.000000000000000000 ) ) ;
#5713 = FILL_AREA_STYLE ('',( #2425 ) ) ;
#5714 =( GEOMETRIC_REPRESENTATION_CONTEXT ( 3 ) GLOBAL_UNCERTAINTY_ASSIGNED_CONTEXT ( ( #4683 ) ) GLOBAL_UNIT_ASSIGNED_CONTEXT ( ( #5991, #3780, #8033 ) ) REPRESENTATION_CONTEXT ( 'NONE', 'WORKASPACE' ) );
#5715 = DIRECTION ( 'NONE',  ( -1.000000000000000000, -0.000000000000000000, -0.000000000000000000 ) ) ;
#5716 = EDGE_CURVE ( 'NONE', #732, #2758, #399, .T. ) ;
#5717 = AXIS2_PLACEMENT_3D ( 'NONE', #8846, #7572, #1163 ) ;
#5718 = ORIENTED_EDGE ( 'NONE', *, *, #8619, .T. ) ;
#5719 = VECTOR ( 'NONE', #6604, 1000.000000000000000 ) ;
#5720 = DIRECTION ( 'NONE',  ( 4.336808689942025625E-15, 0.000000000000000000, 1.000000000000000000 ) ) ;
#5721 = ADVANCED_FACE ( 'NONE', ( #305 ), #8023, .T. ) ;
#5722 = EDGE_LOOP ( 'NONE', ( #4145, #2532, #1666, #7539 ) ) ;
#5723 = SURFACE_SIDE_STYLE ('',( #2920 ) ) ;
#5724 = EDGE_CURVE ( 'NONE', #4632, #7220, #3771, .T. ) ;
#5725 =( LENGTH_UNIT ( ) NAMED_UNIT ( * ) SI_UNIT ( .MILLI., .METRE. ) );
#5726 = VECTOR ( 'NONE', #2251, 1000.000000000000000 ) ;
#5727 = EDGE_CURVE ( 'NONE', #1181, #1855, #4554, .T. ) ;
#5728 = VECTOR ( 'NONE', #8457, 1000.000000000000114 ) ;
#5729 = CARTESIAN_POINT ( 'NONE',  ( 2.180000000000001048, -0.1499999999999999944, -3.100000000000000089 ) ) ;
#5730 = CARTESIAN_POINT ( 'NONE',  ( -0.8099999999999980549, -0.6500000000000000222, -4.150000000000000355 ) ) ;
#5731 = VERTEX_POINT ( 'NONE', #1873 ) ;
#5732 = PLANE ( 'NONE',  #493 ) ;
#5733 = VERTEX_POINT ( 'NONE', #4658 ) ;
#5734 = AXIS2_PLACEMENT_3D ( 'NONE', #3095, #8668, #2426 ) ;
#5735 = CIRCLE ( 'NONE', #7632, 0.09999999999999982514 ) ;
#5736 = AXIS2_PLACEMENT_3D ( 'NONE', #5767, #5166, #8538 ) ;
#5737 = CARTESIAN_POINT ( 'NONE',  ( -2.451237529878516064, 1.100000000000000089, 3.003762470121483119 ) ) ;
#5738 = CARTESIAN_POINT ( 'NONE',  ( -0.3599999999999990985, 0.000000000000000000, 3.100000000000000089 ) ) ;
#5739 = PLANE ( 'NONE',  #1067 ) ;
#5740 = LINE ( 'NONE', #4910, #3546 ) ;
#5741 = VECTOR ( 'NONE', #3403, 1000.000000000000000 ) ;
#5742 = AXIS2_PLACEMENT_3D ( 'NONE', #3790, #5234, #6579 ) ;
#5743 = MECHANICAL_DESIGN_GEOMETRIC_PRESENTATION_REPRESENTATION (  '', ( #7641 ), #1798 ) ;
#5744 = VECTOR ( 'NONE', #7968, 1000.000000000000000 ) ;
#5745 = FILL_AREA_STYLE ('',( #2939 ) ) ;
#5746 = UNCERTAINTY_MEASURE_WITH_UNIT (LENGTH_MEASURE( 1.000000000000000082E-05 ), #3775, 'distance_accuracy_value', 'NONE');
#5747 = LINE ( 'NONE', #8517, #4630 ) ;
#5748 = AXIS2_PLACEMENT_3D ( 'NONE', #5509, #8289, #2043 ) ;
#5749 = STYLED_ITEM ( 'NONE', ( #3203 ), #1619 ) ;
#5750 = VECTOR ( 'NONE', #1527, 1000.000000000000000 ) ;
#5751 = CARTESIAN_POINT ( 'NONE',  ( 3.105000000000000870, 0.000000000000000000, -3.100000000000000089 ) ) ;
#5752 = CARTESIAN_POINT ( 'NONE',  ( 0.9100000000000010303, -0.1499999999999999944, 3.100000000000000089 ) ) ;
#5753 = CARTESIAN_POINT ( 'NONE',  ( 0.9100000000000010303, -0.6500000000000000222, -3.583287396400481217 ) ) ;
#5754 = EDGE_CURVE ( 'NONE', #6573, #313, #8663, .T. ) ;
#5755 = VERTEX_POINT ( 'NONE', #6727 ) ;
#5756 = PRESENTATION_STYLE_ASSIGNMENT (( #2323 ) ) ;
#5757 = MECHANICAL_DESIGN_GEOMETRIC_PRESENTATION_REPRESENTATION (  '', ( #3558 ), #3974 ) ;
#5758 =( NAMED_UNIT ( * ) SI_UNIT ( $, .STERADIAN. ) SOLID_ANGLE_UNIT ( ) );
#5759 = EDGE_LOOP ( 'NONE', ( #4562, #7615, #8254, #7319, #8424, #8206, #7377, #3158 ) ) ;
#5760 = VECTOR ( 'NONE', #8048, 1000.000000000000000 ) ;
#5761 = DIRECTION ( 'NONE',  ( 0.000000000000000000, -0.9327759058474844878, 0.3604568066639949886 ) ) ;
#5762 = VECTOR ( 'NONE', #3129, 1000.000000000000000 ) ;
#5763 = MECHANICAL_DESIGN_GEOMETRIC_PRESENTATION_REPRESENTATION (  '', ( #2978 ), #1821 ) ;
#5764 = ORIENTED_EDGE ( 'NONE', *, *, #9050, .F. ) ;
#5765 = DIRECTION ( 'NONE',  ( -0.08715574274765836016, 0.9961946980917455452, 3.436161659330867058E-17 ) ) ;
#5766 = ORIENTED_EDGE ( 'NONE', *, *, #6109, .F. ) ;
#5767 = CARTESIAN_POINT ( 'NONE',  ( -0.3599999999999990985, -0.6500000000000000222, -3.583287396400481217 ) ) ;
#5768 = EDGE_CURVE ( 'NONE', #856, #2793, #5205, .T. ) ;
#5769 = DIRECTION ( 'NONE',  ( -1.000000000000000000, -0.000000000000000000, -0.000000000000000000 ) ) ;
#5770 = COLOUR_RGB ( '',0.6470588235294117974, 0.6196078431372549211, 0.5882352941176470784 ) ;
#5771 = DIRECTION ( 'NONE',  ( 0.000000000000000000, 0.000000000000000000, 1.000000000000000000 ) ) ;
#5772 = SURFACE_STYLE_USAGE ( .BOTH. , #8583 ) ;
#5773 = CARTESIAN_POINT ( 'NONE',  ( -2.955751016977360202, -0.1414158366685032975, 2.851131547168185953 ) ) ;
#5774 = VECTOR ( 'NONE', #3082, 1000.000000000000000 ) ;
#5775 = EDGE_CURVE ( 'NONE', #7369, #5213, #1737, .T. ) ;
#5776 = ORIENTED_EDGE ( 'NONE', *, *, #1068, .T. ) ;
#5777 = COLOUR_RGB ( '',0.2980392156862745057, 0.2980392156862745057, 0.2980392156862745057 ) ;
#5778 = ORIENTED_EDGE ( 'NONE', *, *, #7312, .F. ) ;
#5779 = CARTESIAN_POINT ( 'NONE',  ( -1.729999999999998872, 1.399999999999999911, -0.6250000000000004441 ) ) ;
#5780 = CARTESIAN_POINT ( 'NONE',  ( 0.3600000000000009859, -0.09593147900040135956, 3.369176195092057569 ) ) ;
#5781 = SURFACE_STYLE_FILL_AREA ( #8509 ) ;
#5782 = PRESENTATION_LAYER_ASSIGNMENT (  '', '', ( #3857 ) ) ;
#5783 = SURFACE_STYLE_FILL_AREA ( #3665 ) ;
#5784 =( GEOMETRIC_REPRESENTATION_CONTEXT ( 3 ) GLOBAL_UNCERTAINTY_ASSIGNED_CONTEXT ( ( #6453 ) ) GLOBAL_UNIT_ASSIGNED_CONTEXT ( ( #485, #6065, #2979 ) ) REPRESENTATION_CONTEXT ( 'NONE', 'WORKASPACE' ) );
#5785 = CARTESIAN_POINT ( 'NONE',  ( 0.7099999999999999645, 1.500000000000000000, -0.5250000000000004663 ) ) ;
#5786 = CARTESIAN_POINT ( 'NONE',  ( -0.9099999999999998090, 1.100000000000000089, -1.262607324199603642 ) ) ;
#5787 = DIRECTION ( 'NONE',  ( 0.08682659386424779191, -0.9924325091389669673, 0.08682659386424779191 ) ) ;
#5788 = DIRECTION ( 'NONE',  ( -1.000000000000000000, -0.000000000000000000, -0.000000000000000000 ) ) ;
#5789 = ADVANCED_FACE ( 'NONE', ( #5154 ), #614, .F. ) ;
#5790 = ORIENTED_EDGE ( 'NONE', *, *, #8511, .T. ) ;
#5791 = EDGE_CURVE ( 'NONE', #1967, #9020, #1390, .T. ) ;
#5792 = AXIS2_PLACEMENT_3D ( 'NONE', #539, #9056, #2778 ) ;
#5793 = ORIENTED_EDGE ( 'NONE', *, *, #259, .F. ) ;
#5794 = FACE_OUTER_BOUND ( 'NONE', #6340, .T. ) ;
#5795 = ORIENTED_EDGE ( 'NONE', *, *, #7875, .F. ) ;
#5796 = UNCERTAINTY_MEASURE_WITH_UNIT (LENGTH_MEASURE( 1.000000000000000082E-05 ), #4160, 'distance_accuracy_value', 'NONE');
#5797 = PRESENTATION_STYLE_ASSIGNMENT (( #1582 ) ) ;
#5798 = ORIENTED_EDGE ( 'NONE', *, *, #822, .T. ) ;
#5799 = DIRECTION ( 'NONE',  ( -1.000000000000000000, 0.000000000000000000, -0.000000000000000000 ) ) ;
#5800 = ADVANCED_FACE ( 'NONE', ( #1440 ), #801, .T. ) ;
#5801 = DIRECTION ( 'NONE',  ( 0.08682659386424768089, -0.9924325091389669673, 0.08682659386424779191 ) ) ;
#5802 = VECTOR ( 'NONE', #6409, 1000.000000000000000 ) ;
#5803 = SURFACE_SIDE_STYLE ('',( #3012 ) ) ;
#5804 = FILL_AREA_STYLE_COLOUR ( '', #1237 ) ;
#5805 = CARTESIAN_POINT ( 'NONE',  ( -0.3599999999999990985, -0.6500000000000000222, -3.583287396400481217 ) ) ;
#5806 = ORIENTED_EDGE ( 'NONE', *, *, #796, .F. ) ;
#5807 = DIRECTION ( 'NONE',  ( 1.000000000000000000, 0.000000000000000000, 0.000000000000000000 ) ) ;
#5808 = PRESENTATION_STYLE_ASSIGNMENT (( #3056 ) ) ;
#5809 = VERTEX_POINT ( 'NONE', #4221 ) ;
#5810 = DIRECTION ( 'NONE',  ( -1.000000000000000000, -0.000000000000000000, -0.000000000000000000 ) ) ;
#5811 = MECHANICAL_DESIGN_GEOMETRIC_PRESENTATION_REPRESENTATION (  '', ( #6660 ), #3034 ) ;
#5812 = MECHANICAL_DESIGN_GEOMETRIC_PRESENTATION_REPRESENTATION (  '', ( #8425 ), #3750 ) ;
#5813 = CYLINDRICAL_SURFACE ( 'NONE', #1344, 0.09999999999999982514 ) ;
#5814 = ORIENTED_EDGE ( 'NONE', *, *, #2614, .F. ) ;
#5815 = FILL_AREA_STYLE ('',( #8627 ) ) ;
#5816 = DIRECTION ( 'NONE',  ( -1.000000000000000000, -0.000000000000000000, -0.000000000000000000 ) ) ;
#5817 =( NAMED_UNIT ( * ) SI_UNIT ( $, .STERADIAN. ) SOLID_ANGLE_UNIT ( ) );
#5818 = CARTESIAN_POINT ( 'NONE',  ( -2.954999999999999183, -0.1499999999999999944, 2.949999999999999734 ) ) ;
#5819 = ORIENTED_EDGE ( 'NONE', *, *, #1675, .F. ) ;
#5820 = EDGE_CURVE ( 'NONE', #525, #5901, #7008, .T. ) ;
#5821 = LINE ( 'NONE', #6490, #1786 ) ;
#5822 = CARTESIAN_POINT ( 'NONE',  ( 0.000000000000000000, 1.399999999999999911, -0.5250000000000004663 ) ) ;
#5823 = EDGE_CURVE ( 'NONE', #7033, #1241, #6369, .T. ) ;
#5824 = CARTESIAN_POINT ( 'NONE',  ( 2.180000000000001048, 0.000000000000000000, 3.100000000000000089 ) ) ;
#5825 = EDGE_CURVE ( 'NONE', #1461, #8842, #7614, .T. ) ;
#5826 = LINE ( 'NONE', #8010, #4477 ) ;
#5827 = DIRECTION ( 'NONE',  ( -1.000000000000000000, -0.000000000000000000, -0.000000000000000000 ) ) ;
#5828 = DIRECTION ( 'NONE',  ( 0.000000000000000000, 0.000000000000000000, -1.000000000000000000 ) ) ;
#5829 = EDGE_LOOP ( 'NONE', ( #8566, #8861, #3182, #458 ) ) ;
#5830 = ORIENTED_EDGE ( 'NONE', *, *, #2169, .F. ) ;
#5831 = DIRECTION ( 'NONE',  ( 0.000000000000000000, -1.000000000000000000, 0.000000000000000000 ) ) ;
#5832 = ORIENTED_EDGE ( 'NONE', *, *, #7966, .F. ) ;
#5833 = ORIENTED_EDGE ( 'NONE', *, *, #5191, .F. ) ;
#5834 = MECHANICAL_DESIGN_GEOMETRIC_PRESENTATION_REPRESENTATION (  '', ( #8014 ), #4228 ) ;
#5835 = EDGE_CURVE ( 'NONE', #2929, #8765, #4055, .T. ) ;
#5836 = VERTEX_POINT ( 'NONE', #2379 ) ;
#5837 = EDGE_CURVE ( 'NONE', #3212, #3195, #7334, .T. ) ;
#5838 = DIRECTION ( 'NONE',  ( -0.000000000000000000, 0.000000000000000000, -1.000000000000000000 ) ) ;
#5839 = DIRECTION ( 'NONE',  ( -0.000000000000000000, -0.000000000000000000, -1.000000000000000000 ) ) ;
#5840 = PLANE ( 'NONE',  #8781 ) ;
#5841 = EDGE_LOOP ( 'NONE', ( #3321, #6866, #7962, #3576 ) ) ;
#5842 = SURFACE_STYLE_FILL_AREA ( #2334 ) ;
#5843 = VECTOR ( 'NONE', #3336, 1000.000000000000000 ) ;
#5844 = FILL_AREA_STYLE_COLOUR ( '', #3511 ) ;
#5845 = EDGE_CURVE ( 'NONE', #8179, #732, #6247, .T. ) ;
#5846 = ORIENTED_EDGE ( 'NONE', *, *, #2052, .T. ) ;
#5847 = CARTESIAN_POINT ( 'NONE',  ( 2.955000000000000959, -0.1499999999999999944, 2.949999999999999734 ) ) ;
#5848 = MECHANICAL_DESIGN_GEOMETRIC_PRESENTATION_REPRESENTATION (  '', ( #2777 ), #4078 ) ;
#5849 = SURFACE_STYLE_USAGE ( .BOTH. , #6690 ) ;
#5850 =( NAMED_UNIT ( * ) PLANE_ANGLE_UNIT ( ) SI_UNIT ( $, .RADIAN. ) );
#5851 = CARTESIAN_POINT ( 'NONE',  ( -0.3599999999999990985, -0.1499999999999999944, -3.100000000000000089 ) ) ;
#5852 = LINE ( 'NONE', #1745, #4877 ) ;
#5853 = PLANE ( 'NONE',  #8141 ) ;
#5854 = VECTOR ( 'NONE', #6057, 1000.000000000000000 ) ;
#5855 = DIRECTION ( 'NONE',  ( 0.000000000000000000, 0.000000000000000000, -1.000000000000000000 ) ) ;
#5856 = SURFACE_STYLE_USAGE ( .BOTH. , #4526 ) ;
#5857 = ORIENTED_EDGE ( 'NONE', *, *, #8554, .F. ) ;
#5858 = AXIS2_PLACEMENT_3D ( 'NONE', #2140, #4913, #7704 ) ;
#5859 = VERTEX_POINT ( 'NONE', #1037 ) ;
#5860 = VERTEX_POINT ( 'NONE', #6831 ) ;
#5861 = PRESENTATION_LAYER_ASSIGNMENT (  '', '', ( #312 ) ) ;
#5862 = LINE ( 'NONE', #7301, #257 ) ;
#5863 = ORIENTED_EDGE ( 'NONE', *, *, #7813, .F. ) ;
#5864 = CARTESIAN_POINT ( 'NONE',  ( 1.630000000000001004, 0.000000000000000000, -2.969702453438674006 ) ) ;
#5865 = DIRECTION ( 'NONE',  ( -0.000000000000000000, -1.000000000000000000, -0.000000000000000000 ) ) ;
#5866 = LINE ( 'NONE', #4588, #8959 ) ;
#5867 = EDGE_CURVE ( 'NONE', #4688, #2759, #1308, .T. ) ;
#5868 = CYLINDRICAL_SURFACE ( 'NONE', #1601, 0.09999999999999982514 ) ;
#5869 = EDGE_CURVE ( 'NONE', #1967, #3584, #7940, .T. ) ;
#5870 = VECTOR ( 'NONE', #5715, 1000.000000000000000 ) ;
#5871 = MECHANICAL_DESIGN_GEOMETRIC_PRESENTATION_REPRESENTATION (  '', ( #28 ), #7628 ) ;
#5872 = VECTOR ( 'NONE', #8618, 1000.000000000000000 ) ;
#5873 = DIRECTION ( 'NONE',  ( -1.000000000000000000, 0.000000000000000000, 0.000000000000000000 ) ) ;
#5874 = CYLINDRICAL_SURFACE ( 'NONE', #7563, 0.09999999999999982514 ) ;
#5875 = EDGE_CURVE ( 'NONE', #8139, #2414, #1698, .T. ) ;
#5876 = CARTESIAN_POINT ( 'NONE',  ( -3.104999999999999094, -0.1499999999999999944, 3.100000000000000089 ) ) ;
#5877 = FILL_AREA_STYLE_COLOUR ( '', #770 ) ;
#5878 = COLOUR_RGB ( '',0.6470588235294117974, 0.6196078431372549211, 0.5882352941176470784 ) ;
#5880 = EDGE_LOOP ( 'NONE', ( #4184, #974, #7084, #8057 ) ) ;
#5879 = ADVANCED_FACE ( 'NONE', ( #2009 ), #2627, .T. ) ;
#5881 = MECHANICAL_DESIGN_GEOMETRIC_PRESENTATION_REPRESENTATION (  '', ( #771 ), #324 ) ;
#5882 = AXIS2_PLACEMENT_3D ( 'NONE', #4909, #8377, #882 ) ;
#5883 = CARTESIAN_POINT ( 'NONE',  ( 2.171251133647406295, 1.399999999999999911, -1.262607324199603864 ) ) ;
#5884 = EDGE_CURVE ( 'NONE', #8312, #4867, #5546, .T. ) ;
#5885 = ORIENTED_EDGE ( 'NONE', *, *, #8830, .F. ) ;
#5886 = PLANE ( 'NONE',  #2101 ) ;
#5887 = EDGE_LOOP ( 'NONE', ( #5358, #4438, #6574, #7492 ) ) ;
#5888 = UNCERTAINTY_MEASURE_WITH_UNIT (LENGTH_MEASURE( 1.000000000000000082E-05 ), #2879, 'distance_accuracy_value', 'NONE');
#5889 = VERTEX_POINT ( 'NONE', #6859 ) ;
#5890 = MECHANICAL_DESIGN_GEOMETRIC_PRESENTATION_REPRESENTATION (  '', ( #628 ), #3677 ) ;
#5891 = COLOUR_RGB ( '',0.6470588235294117974, 0.6196078431372549211, 0.5882352941176470784 ) ;
#5892 = DIRECTION ( 'NONE',  ( 1.000000000000000000, 0.000000000000000000, -0.000000000000000000 ) ) ;
#5893 = LINE ( 'NONE', #7424, #5898 ) ;
#5894 = UNCERTAINTY_MEASURE_WITH_UNIT (LENGTH_MEASURE( 1.000000000000000082E-05 ), #2550, 'distance_accuracy_value', 'NONE');
#5895 = SURFACE_SIDE_STYLE ('',( #6022 ) ) ;
#5896 = VERTEX_POINT ( 'NONE', #7554 ) ;
#5897 = FACE_OUTER_BOUND ( 'NONE', #3658, .T. ) ;
#5898 = VECTOR ( 'NONE', #1175, 1000.000000000000000 ) ;
#5899 = CARTESIAN_POINT ( 'NONE',  ( -2.856131547168185403, -0.1327002623937375003, 2.851131547168185953 ) ) ;
#5900 = MECHANICAL_DESIGN_GEOMETRIC_PRESENTATION_REPRESENTATION (  '', ( #480 ), #2108 ) ;
#5901 = VERTEX_POINT ( 'NONE', #4766 ) ;
#5902 = LINE ( 'NONE', #5257, #1052 ) ;
#5903 = FILL_AREA_STYLE ('',( #5216 ) ) ;
#5904 = PLANE ( 'NONE',  #7648 ) ;
#5905 = DIRECTION ( 'NONE',  ( 0.000000000000000000, -1.000000000000000000, 0.000000000000000000 ) ) ;
#5906 =( GEOMETRIC_REPRESENTATION_CONTEXT ( 3 ) GLOBAL_UNCERTAINTY_ASSIGNED_CONTEXT ( ( #2720 ) ) GLOBAL_UNIT_ASSIGNED_CONTEXT ( ( #5400, #8729, #8771 ) ) REPRESENTATION_CONTEXT ( 'NONE', 'WORKASPACE' ) );
#5907 = CARTESIAN_POINT ( 'NONE',  ( 0.3949954654103692842, 1.100000000000000089, -8.565098834396905529E-17 ) ) ;
#5908 =( NAMED_UNIT ( * ) SI_UNIT ( $, .STERADIAN. ) SOLID_ANGLE_UNIT ( ) );
#5909 = STYLED_ITEM ( 'NONE', ( #7618 ), #9045 ) ;
#5910 =( GEOMETRIC_REPRESENTATION_CONTEXT ( 3 ) GLOBAL_UNCERTAINTY_ASSIGNED_CONTEXT ( ( #5157 ) ) GLOBAL_UNIT_ASSIGNED_CONTEXT ( ( #4633, #2579, #3868 ) ) REPRESENTATION_CONTEXT ( 'NONE', 'WORKASPACE' ) );
#5911 = CARTESIAN_POINT ( 'NONE',  ( 1.630000000000001004, -0.1499999999999999944, -2.969702453438674006 ) ) ;
#5912 = CARTESIAN_POINT ( 'NONE',  ( -1.629999999999998561, -0.2139543193336009841, -3.253973965717952943 ) ) ;
#5913 = FILL_AREA_STYLE ('',( #1714 ) ) ;
#5914 = ORIENTED_EDGE ( 'NONE', *, *, #5219, .F. ) ;
#5915 = MECHANICAL_DESIGN_GEOMETRIC_PRESENTATION_REPRESENTATION (  '', ( #4137 ), #7346 ) ;
#5916 = ORIENTED_EDGE ( 'NONE', *, *, #813, .F. ) ;
#5917 = EDGE_LOOP ( 'NONE', ( #2333, #3001, #2462, #2863, #6167, #4754, #6851, #2704 ) ) ;
#5918 = EDGE_CURVE ( 'NONE', #7888, #6903, #7601, .T. ) ;
#5919 = AXIS2_PLACEMENT_3D ( 'NONE', #5421, #4452, #7229 ) ;
#5920 =( NAMED_UNIT ( * ) SI_UNIT ( $, .STERADIAN. ) SOLID_ANGLE_UNIT ( ) );
#5921 = CARTESIAN_POINT ( 'NONE',  ( -1.629999999999998561, -0.7999999999999999334, -3.583287396400482105 ) ) ;
#5922 = PLANE ( 'NONE',  #8497 ) ;
#5923 = DIRECTION ( 'NONE',  ( 0.000000000000000000, 0.000000000000000000, -1.000000000000000000 ) ) ;
#5924 =( LENGTH_UNIT ( ) NAMED_UNIT ( * ) SI_UNIT ( .MILLI., .METRE. ) );
#5925 = VECTOR ( 'NONE', #6632, 1000.000000000000000 ) ;
#5926 = CARTESIAN_POINT ( 'NONE',  ( 2.171251133647407183, 1.399999999999999911, 1.262607324199603420 ) ) ;
#5927 = CARTESIAN_POINT ( 'NONE',  ( -0.3641463715711362736, 1.452606756075222938, 1.995853628428862825 ) ) ;
#5928 = FILL_AREA_STYLE ('',( #5196 ) ) ;
#5929 = PLANE ( 'NONE',  #2680 ) ;
#5930 = VERTEX_POINT ( 'NONE', #1295 ) ;
#5931 = LINE ( 'NONE', #6107, #2350 ) ;
#5932 = DIRECTION ( 'NONE',  ( -1.000000000000000000, -0.000000000000000000, 3.942553354492739094E-16 ) ) ;
#5933 = ORIENTED_EDGE ( 'NONE', *, *, #1769, .T. ) ;
#5934 = ORIENTED_EDGE ( 'NONE', *, *, #9023, .F. ) ;
#5935 = ORIENTED_EDGE ( 'NONE', *, *, #4330, .T. ) ;
#5936 = PRESENTATION_STYLE_ASSIGNMENT (( #400 ) ) ;
#5937 = EDGE_CURVE ( 'NONE', #1121, #2773, #1377, .T. ) ;
#5938 =( LENGTH_UNIT ( ) NAMED_UNIT ( * ) SI_UNIT ( .MILLI., .METRE. ) );
#5939 = FACE_OUTER_BOUND ( 'NONE', #1457, .T. ) ;
#5940 = CARTESIAN_POINT ( 'NONE',  ( -0.9099999999999993650, 1.500000000000000000, 1.999999999999999556 ) ) ;
#5941 = ORIENTED_EDGE ( 'NONE', *, *, #1902, .F. ) ;
#5942 = VECTOR ( 'NONE', #1743, 1000.000000000000000 ) ;
#5943 = FILL_AREA_STYLE_COLOUR ( '', #8050 ) ;
#5944 = VECTOR ( 'NONE', #7285, 1000.000000000000000 ) ;
#5945 = ORIENTED_EDGE ( 'NONE', *, *, #7044, .T. ) ;
#5946 = LINE ( 'NONE', #2433, #412 ) ;
#5947 = FACE_OUTER_BOUND ( 'NONE', #644, .T. ) ;
#5948 = COLOUR_RGB ( '',0.6470588235294117974, 0.6196078431372549211, 0.5882352941176470784 ) ;
#5949 = LINE ( 'NONE', #3191, #69 ) ;
#5950 = DIRECTION ( 'NONE',  ( 0.000000000000000000, -0.9961946980917455452, -0.08715574274765836016 ) ) ;
#5951 = DIRECTION ( 'NONE',  ( 0.000000000000000000, -0.3604568066639957102, 0.9327759058474842657 ) ) ;
#5952 = DIRECTION ( 'NONE',  ( -1.000000000000000000, -0.000000000000000000, -0.000000000000000000 ) ) ;
#5953 = VERTEX_POINT ( 'NONE', #4853 ) ;
#5954 = VECTOR ( 'NONE', #3262, 1000.000000000000000 ) ;
#5955 =( BOUNDED_CURVE ( )  B_SPLINE_CURVE ( 3, ( #6452, #212, #936, #5785 ),
 .UNSPECIFIED., .F., .F. ) 
 B_SPLINE_CURVE_WITH_KNOTS ( ( 4, 4 ),
 ( 3.141592653589793116, 4.712388980384689674 ),
 .UNSPECIFIED. ) 
 CURVE ( )  GEOMETRIC_REPRESENTATION_ITEM ( )  RATIONAL_B_SPLINE_CURVE ( ( 1.000000000000000000, 0.8047378541243649375, 0.8047378541243649375, 1.000000000000000000 ) ) 
 REPRESENTATION_ITEM ( '' )  );
#5956 = VECTOR ( 'NONE', #6681, 1000.000000000000000 ) ;
#5957 = VERTEX_POINT ( 'NONE', #2761 ) ;
#5958 = VERTEX_POINT ( 'NONE', #1335 ) ;
#5959 = SURFACE_STYLE_USAGE ( .BOTH. , #3830 ) ;
#5960 = CARTESIAN_POINT ( 'NONE',  ( 3.105000000000000870, -0.1499999999999999944, 3.100000000000000089 ) ) ;
#5961 = EDGE_CURVE ( 'NONE', #7834, #7557, #4104, .T. ) ;
#5962 = EDGE_CURVE ( 'NONE', #7103, #4299, #6992, .T. ) ;
#5963 = VECTOR ( 'NONE', #8318, 1000.000000000000000 ) ;
#5964 = FILL_AREA_STYLE_COLOUR ( '', #8840 ) ;
#5965 = LINE ( 'NONE', #131, #199 ) ;
#5966 = FACE_OUTER_BOUND ( 'NONE', #4441, .T. ) ;
#5967 = LINE ( 'NONE', #7308, #3687 ) ;
#5968 = CARTESIAN_POINT ( 'NONE',  ( 0.8100000000000008304, -0.6500000000000000222, 4.150000000000000355 ) ) ;
#5969 = EDGE_CURVE ( 'NONE', #3609, #8870, #1943, .T. ) ;
#5970 = EDGE_CURVE ( 'NONE', #5182, #5356, #6949, .T. ) ;
#5971 = DIRECTION ( 'NONE',  ( -0.000000000000000000, -1.000000000000000000, -0.000000000000000000 ) ) ;
#5972 = DIRECTION ( 'NONE',  ( -1.000000000000000000, -0.000000000000000000, -0.000000000000000000 ) ) ;
#5973 = DIRECTION ( 'NONE',  ( 0.000000000000000000, -0.000000000000000000, 1.000000000000000000 ) ) ;
#5974 = ORIENTED_EDGE ( 'NONE', *, *, #2561, .T. ) ;
#5975 = DIRECTION ( 'NONE',  ( 1.000000000000000000, 0.000000000000000000, -0.000000000000000000 ) ) ;
#5976 = LINE ( 'NONE', #8750, #7933 ) ;
#5977 = VERTEX_POINT ( 'NONE', #2669 ) ;
#5978 = LINE ( 'NONE', #5547, #7706 ) ;
#5979 = ORIENTED_EDGE ( 'NONE', *, *, #1402, .F. ) ;
#5980 =( NAMED_UNIT ( * ) PLANE_ANGLE_UNIT ( ) SI_UNIT ( $, .RADIAN. ) );
#5981 = DIRECTION ( 'NONE',  ( -1.000000000000000000, -0.000000000000000000, -0.000000000000000000 ) ) ;
#5982 = SURFACE_SIDE_STYLE ('',( #8543 ) ) ;
#5983 = DIRECTION ( 'NONE',  ( 0.000000000000000000, 0.000000000000000000, 1.000000000000000000 ) ) ;
#5984 = CARTESIAN_POINT ( 'NONE',  ( -2.486232995288884862, 1.500000000000000000, 2.968767004711113433 ) ) ;
#5985 = ORIENTED_EDGE ( 'NONE', *, *, #5970, .T. ) ;
#5986 = ORIENTED_EDGE ( 'NONE', *, *, #6378, .F. ) ;
#5987 = EDGE_CURVE ( 'NONE', #1241, #2002, #9003, .T. ) ;
#5988 = SURFACE_SIDE_STYLE ('',( #3233 ) ) ;
#5989 = CARTESIAN_POINT ( 'NONE',  ( 0.9100000000000010303, -0.7999999999999999334, 3.583287396400482105 ) ) ;
#5990 = CARTESIAN_POINT ( 'NONE',  ( 2.180000000000001048, -0.2500000000000000000, -4.049999999999999822 ) ) ;
#5991 =( LENGTH_UNIT ( ) NAMED_UNIT ( * ) SI_UNIT ( .MILLI., .METRE. ) );
#5992 = SURFACE_STYLE_FILL_AREA ( #5263 ) ;
#5993 = CARTESIAN_POINT ( 'NONE',  ( 0.9100000000000010303, -0.09593147900040135956, -3.369176195092057569 ) ) ;
#5994 = EDGE_CURVE ( 'NONE', #3279, #7530, #7824, .T. ) ;
#5995 = MECHANICAL_DESIGN_GEOMETRIC_PRESENTATION_REPRESENTATION (  '', ( #7745 ), #295 ) ;
#5996 = DIRECTION ( 'NONE',  ( -0.08682659386424763925, -0.9924325091389671893, 0.08682659386424762538 ) ) ;
#5997 = ORIENTED_EDGE ( 'NONE', *, *, #4249, .F. ) ;
#5998 = EDGE_CURVE ( 'NONE', #4335, #6357, #4896, .T. ) ;
#5999 = ORIENTED_EDGE ( 'NONE', *, *, #3959, .T. ) ;
#6000 = ORIENTED_EDGE ( 'NONE', *, *, #7876, .F. ) ;
#6001 = DIRECTION ( 'NONE',  ( 2.168404344971008868E-16, 0.000000000000000000, 1.000000000000000000 ) ) ;
#6002 = AXIS2_PLACEMENT_3D ( 'NONE', #2301, #8544, #5083 ) ;
#6003 = COLOUR_RGB ( '',0.2980392156862745057, 0.2980392156862745057, 0.2980392156862745057 ) ;
#6004 = PRESENTATION_STYLE_ASSIGNMENT (( #3070 ) ) ;
#6005 = CARTESIAN_POINT ( 'NONE',  ( -2.104074584758894861, -0.6500000000000000222, 4.125925415241104233 ) ) ;
#6006 = STYLED_ITEM ( 'NONE', ( #5091 ), #927 ) ;
#6007 = EDGE_LOOP ( 'NONE', ( #4847, #5626, #1860, #1279, #107, #3130 ) ) ;
#6008 = LINE ( 'NONE', #3175, #6781 ) ;
#6009 = CARTESIAN_POINT ( 'NONE',  ( -3.104999999999999094, -0.1499999999999999944, -3.100000000000000089 ) ) ;
#6010 =( NAMED_UNIT ( * ) SI_UNIT ( $, .STERADIAN. ) SOLID_ANGLE_UNIT ( ) );
#6011 = EDGE_LOOP ( 'NONE', ( #3416, #5374, #3364, #8 ) ) ;
#6012 = CARTESIAN_POINT ( 'NONE',  ( -1.629999999999998561, -0.7999999999999999334, 3.583287396400482105 ) ) ;
#6013 = COLOUR_RGB ( '',0.2980392156862745057, 0.2980392156862745057, 0.2980392156862745057 ) ;
#6014 = VERTEX_POINT ( 'NONE', #2247 ) ;
#6015 = EDGE_LOOP ( 'NONE', ( #8142, #6777, #6486, #5793, #4241, #3324, #5104, #7897, #2356, #7532, #1420, #4763 ) ) ;
#6016 = FILL_AREA_STYLE ('',( #356 ) ) ;
#6017 = EDGE_CURVE ( 'NONE', #5561, #186, #5034, .T. ) ;
#6018 = DIRECTION ( 'NONE',  ( -1.000000000000000000, -0.000000000000000000, -0.000000000000000000 ) ) ;
#6019 = AXIS2_PLACEMENT_3D ( 'NONE', #1814, #3798, #4500 ) ;
#6020 = SURFACE_STYLE_FILL_AREA ( #5084 ) ;
#6021 = AXIS2_PLACEMENT_3D ( 'NONE', #3992, #2570, #8766 ) ;
#6022 = SURFACE_STYLE_FILL_AREA ( #406 ) ;
#6023 = ORIENTED_EDGE ( 'NONE', *, *, #1931, .F. ) ;
#6024 = SURFACE_STYLE_FILL_AREA ( #582 ) ;
#6025 = DIRECTION ( 'NONE',  ( 0.000000000000000000, 0.000000000000000000, -1.000000000000000000 ) ) ;
#6026 = ORIENTED_EDGE ( 'NONE', *, *, #1124, .T. ) ;
#6027 = CARTESIAN_POINT ( 'NONE',  ( -2.138356301799759773, -0.7999999999999999334, 4.091643698200238433 ) ) ;
#6028 = VECTOR ( 'NONE', #8097, 1000.000000000000000 ) ;
#6029 = VECTOR ( 'NONE', #9010, 1000.000000000000000 ) ;
#6030 = SURFACE_STYLE_FILL_AREA ( #5033 ) ;
#6031 = PLANE ( 'NONE',  #2036 ) ;
#6032 = ORIENTED_EDGE ( 'NONE', *, *, #84, .F. ) ;
#6033 = FILL_AREA_STYLE_COLOUR ( '', #6914 ) ;
#6034 = AXIS2_PLACEMENT_3D ( 'NONE', #5818, #7259, #8036 ) ;
#6035 = PRESENTATION_LAYER_ASSIGNMENT (  '', '', ( #480 ) ) ;
#6036 = CARTESIAN_POINT ( 'NONE',  ( -0.3599999999999990985, -0.09593147900040142895, -3.369176195092057569 ) ) ;
#6037 = PLANE ( 'NONE',  #789 ) ;
#6038 = ORIENTED_EDGE ( 'NONE', *, *, #5597, .T. ) ;
#6039 = DIRECTION ( 'NONE',  ( 0.000000000000000000, 0.000000000000000000, 1.000000000000000000 ) ) ;
#6040 = ORIENTED_EDGE ( 'NONE', *, *, #5241, .T. ) ;
#6041 = AXIS2_PLACEMENT_3D ( 'NONE', #380, #3164, #7058 ) ;
#6042 = ORIENTED_EDGE ( 'NONE', *, *, #6216, .T. ) ;
#6043 = UNCERTAINTY_MEASURE_WITH_UNIT (LENGTH_MEASURE( 1.000000000000000082E-05 ), #5938, 'distance_accuracy_value', 'NONE');
#6044 = EDGE_CURVE ( 'NONE', #234, #7720, #6824, .T. ) ;
#6045 = MECHANICAL_DESIGN_GEOMETRIC_PRESENTATION_REPRESENTATION (  '', ( #360 ), #1524 ) ;
#6046 = DIRECTION ( 'NONE',  ( 0.000000000000000000, 1.000000000000000000, -0.000000000000000000 ) ) ;
#6047 = ORIENTED_EDGE ( 'NONE', *, *, #2095, .F. ) ;
#6048 = SURFACE_SIDE_STYLE ('',( #1806 ) ) ;
#6049 = ORIENTED_EDGE ( 'NONE', *, *, #8692, .F. ) ;
#6050 = LINE ( 'NONE', #1856, #1122 ) ;
#6051 = AXIS2_PLACEMENT_3D ( 'NONE', #1570, #80, #2180 ) ;
#6052 = UNCERTAINTY_MEASURE_WITH_UNIT (LENGTH_MEASURE( 1.000000000000000082E-05 ), #8149, 'distance_accuracy_value', 'NONE');
#6053 = VERTEX_POINT ( 'NONE', #4988 ) ;
#6054 = FACE_OUTER_BOUND ( 'NONE', #8943, .T. ) ;
#6055 = CARTESIAN_POINT ( 'NONE',  ( -1.729999999999998872, 1.399999999999999911, -0.6250000000000004441 ) ) ;
#6056 = ORIENTED_EDGE ( 'NONE', *, *, #1092, .F. ) ;
#6057 = DIRECTION ( 'NONE',  ( 0.000000000000000000, 0.000000000000000000, -1.000000000000000000 ) ) ;
#6058 = DIRECTION ( 'NONE',  ( -1.000000000000000000, 0.000000000000000000, 3.942553354492739094E-16 ) ) ;
#6059 = ORIENTED_EDGE ( 'NONE', *, *, #715, .F. ) ;
#6060 = MECHANICAL_DESIGN_GEOMETRIC_PRESENTATION_REPRESENTATION (  '', ( #3857 ), #2141 ) ;
#6061 = CARTESIAN_POINT ( 'NONE',  ( 0.9100000000000010303, -0.09593147900040142895, -3.369176195092057569 ) ) ;
#6062 = EDGE_CURVE ( 'NONE', #3989, #3045, #2892, .T. ) ;
#6063 = LINE ( 'NONE', #1395, #6190 ) ;
#6064 = VECTOR ( 'NONE', #1455, 1000.000000000000000 ) ;
#6065 =( NAMED_UNIT ( * ) PLANE_ANGLE_UNIT ( ) SI_UNIT ( $, .RADIAN. ) );
#6066 = ADVANCED_FACE ( 'NONE', ( #7031 ), #7854, .F. ) ;
#6067 = DIRECTION ( 'NONE',  ( 0.08682659386424780579, 0.9924325091389669673, 0.08682659386424779191 ) ) ;
#6068 =( NAMED_UNIT ( * ) SI_UNIT ( $, .STERADIAN. ) SOLID_ANGLE_UNIT ( ) );
#6069 = LINE ( 'NONE', #3853, #4706 ) ;
#6070 = ORIENTED_EDGE ( 'NONE', *, *, #7535, .F. ) ;
#6071 = DIRECTION ( 'NONE',  ( 0.7071067811865474617, 0.000000000000000000, -0.7071067811865474617 ) ) ;
#6072 = EDGE_CURVE ( 'NONE', #4923, #1436, #7811, .T. ) ;
#6073 = ORIENTED_EDGE ( 'NONE', *, *, #3451, .T. ) ;
#6074 = MECHANICAL_DESIGN_GEOMETRIC_PRESENTATION_REPRESENTATION (  '', ( #6231 ), #6364 ) ;
#6075 =( NAMED_UNIT ( * ) SI_UNIT ( $, .STERADIAN. ) SOLID_ANGLE_UNIT ( ) );
#6076 = DIRECTION ( 'NONE',  ( 1.000000000000000000, 0.000000000000000000, -0.000000000000000000 ) ) ;
#6077 = DIRECTION ( 'NONE',  ( 1.000000000000000000, -0.000000000000000000, 3.469446951953614189E-16 ) ) ;
#6078 = SURFACE_STYLE_FILL_AREA ( #3859 ) ;
#6079 = FILL_AREA_STYLE_COLOUR ( '', #5891 ) ;
#6080 = DIRECTION ( 'NONE',  ( 0.000000000000000000, -0.9327759058474844878, 0.3604568066639949886 ) ) ;
#6081 = VECTOR ( 'NONE', #3906, 1000.000000000000000 ) ;
#6082 = EDGE_LOOP ( 'NONE', ( #8464, #1494, #4581, #1699 ) ) ;
#6083 = CARTESIAN_POINT ( 'NONE',  ( -2.819622550835295005, -0.5500000000000001554, 2.814622550835295112 ) ) ;
#6084 = CARTESIAN_POINT ( 'NONE',  ( 2.819622550835296337, -0.5500000000000001554, -2.814622550835295556 ) ) ;
#6085 = PRESENTATION_LAYER_ASSIGNMENT (  '', '', ( #5370 ) ) ;
#6086 = VERTEX_POINT ( 'NONE', #8540 ) ;
#6087 =( NAMED_UNIT ( * ) PLANE_ANGLE_UNIT ( ) SI_UNIT ( $, .RADIAN. ) );
#6088 = MECHANICAL_DESIGN_GEOMETRIC_PRESENTATION_REPRESENTATION (  '', ( #8871 ), #4019 ) ;
#6089 = AXIS2_PLACEMENT_3D ( 'NONE', #265, #5246, #2367 ) ;
#6090 = DIRECTION ( 'NONE',  ( 2.168404344971008868E-16, 0.000000000000000000, 1.000000000000000000 ) ) ;
#6091 = VECTOR ( 'NONE', #7415, 1000.000000000000000 ) ;
#6092 = VECTOR ( 'NONE', #8941, 1000.000000000000000 ) ;
#6093 = LINE ( 'NONE', #7565, #6622 ) ;
#6094 = FILL_AREA_STYLE ('',( #3351 ) ) ;
#6095 = EDGE_LOOP ( 'NONE', ( #5778, #7662, #4264, #8231 ) ) ;
#6096 = CARTESIAN_POINT ( 'NONE',  ( 1.671643698200239836, -0.7999999999999999334, 4.091643698200238433 ) ) ;
#6097 = EDGE_CURVE ( 'NONE', #6607, #5901, #3613, .T. ) ;
#6098 = VECTOR ( 'NONE', #8675, 1000.000000000000000 ) ;
#6099 = EDGE_LOOP ( 'NONE', ( #2907, #5945, #5524 ) ) ;
#6100 = DIRECTION ( 'NONE',  ( 0.000000000000000000, 0.9327759058474841547, -0.3604568066639957102 ) ) ;
#6101 = ORIENTED_EDGE ( 'NONE', *, *, #5835, .F. ) ;
#6102 = SURFACE_SIDE_STYLE ('',( #2770 ) ) ;
#6103 = LINE ( 'NONE', #7524, #1337 ) ;
#6104 = EDGE_CURVE ( 'NONE', #6110, #2551, #3157, .T. ) ;
#6105 = CARTESIAN_POINT ( 'NONE',  ( -2.179999999999998828, -0.1499999999999999944, 3.100000000000000089 ) ) ;
#6106 = VERTEX_POINT ( 'NONE', #51 ) ;
#6107 = CARTESIAN_POINT ( 'NONE',  ( -2.179999999999999272, 1.100000000000000089, 1.262607324199603642 ) ) ;
#6108 = DIRECTION ( 'NONE',  ( -0.000000000000000000, 0.000000000000000000, 1.000000000000000000 ) ) ;
#6109 = EDGE_CURVE ( 'NONE', #7341, #105, #5679, .T. ) ;
#6110 = VERTEX_POINT ( 'NONE', #3569 ) ;
#6111 = DIRECTION ( 'NONE',  ( 3.469446951953614189E-16, -0.000000000000000000, -1.000000000000000000 ) ) ;
#6112 = ORIENTED_EDGE ( 'NONE', *, *, #5431, .F. ) ;
#6113 = FACE_OUTER_BOUND ( 'NONE', #5548, .T. ) ;
#6114 = LINE ( 'NONE', #2820, #5506 ) ;
#6115 = EDGE_LOOP ( 'NONE', ( #3361, #6505, #3099, #7139, #5472, #2004, #855, #4101, #1007, #7217, #4200, #9025 ) ) ;
#6116 = CARTESIAN_POINT ( 'NONE',  ( -1.729999999999998872, 1.399999999999999911, 0.6249999999999995559 ) ) ;
#6117 = ORIENTED_EDGE ( 'NONE', *, *, #7851, .F. ) ;
#6118 = FILL_AREA_STYLE_COLOUR ( '', #4403 ) ;
#6119 = EDGE_CURVE ( 'NONE', #3766, #1181, #8455, .T. ) ;
#6120 = CARTESIAN_POINT ( 'NONE',  ( -3.104999999999999094, 0.000000000000000000, 3.100000000000000089 ) ) ;
#6121 = PLANE ( 'NONE',  #7743 ) ;
#6122 =( NAMED_UNIT ( * ) PLANE_ANGLE_UNIT ( ) SI_UNIT ( $, .RADIAN. ) );
#6123 = CARTESIAN_POINT ( 'NONE',  ( 2.180000000000001048, -0.2139543193336009841, 3.253973965717952943 ) ) ;
#6124 = DIRECTION ( 'NONE',  ( 0.000000000000000000, 0.000000000000000000, -1.000000000000000000 ) ) ;
#6125 = ORIENTED_EDGE ( 'NONE', *, *, #7966, .T. ) ;
#6126 = CARTESIAN_POINT ( 'NONE',  ( -1.629999999999998561, -0.2500000000000000000, 3.160696375133204672 ) ) ;
#6127 = CARTESIAN_POINT ( 'NONE',  ( -3.104999999999999094, -0.1499999999999999944, -3.100000000000000089 ) ) ;
#6128 = SURFACE_STYLE_USAGE ( .BOTH. , #4053 ) ;
#6129 = ORIENTED_EDGE ( 'NONE', *, *, #6814, .T. ) ;
#6130 = ORIENTED_EDGE ( 'NONE', *, *, #1465, .F. ) ;
#6131 = CARTESIAN_POINT ( 'NONE',  ( 2.180000000000001048, -0.7999999999999999334, 4.049999999999999822 ) ) ;
#6132 = DIRECTION ( 'NONE',  ( 3.469446951953614189E-16, -0.000000000000000000, -1.000000000000000000 ) ) ;
#6133 = CARTESIAN_POINT ( 'NONE',  ( -2.954999999999999183, -0.1499999999999999944, -2.949999999999999734 ) ) ;
#6134 = EDGE_CURVE ( 'NONE', #5889, #1751, #6358, .T. ) ;
#6135 = ORIENTED_EDGE ( 'NONE', *, *, #3420, .T. ) ;
#6136 = DIRECTION ( 'NONE',  ( 0.000000000000000000, -0.000000000000000000, 1.000000000000000000 ) ) ;
#6137 =( NAMED_UNIT ( * ) PLANE_ANGLE_UNIT ( ) SI_UNIT ( $, .RADIAN. ) );
#6138 = ADVANCED_FACE ( 'NONE', ( #108 ), #1646, .F. ) ;
#6139 = EDGE_LOOP ( 'NONE', ( #4406, #5595, #4100, #1662 ) ) ;
#6140 = CARTESIAN_POINT ( 'NONE',  ( 0.9100000000000010303, 0.000000000000000000, 2.969702453438674006 ) ) ;
#6141 = ORIENTED_EDGE ( 'NONE', *, *, #933, .F. ) ;
#6142 = SURFACE_STYLE_USAGE ( .BOTH. , #3573 ) ;
#6143 = UNCERTAINTY_MEASURE_WITH_UNIT (LENGTH_MEASURE( 1.000000000000000082E-05 ), #147, 'distance_accuracy_value', 'NONE');
#6144 = VERTEX_POINT ( 'NONE', #5167 ) ;
#6145 = FILL_AREA_STYLE_COLOUR ( '', #4924 ) ;
#6146 = DIRECTION ( 'NONE',  ( -1.000000000000000000, -0.000000000000000000, -0.000000000000000000 ) ) ;
#6147 = AXIS2_PLACEMENT_3D ( 'NONE', #6151, #2734, #4077 ) ;
#6148 = PRESENTATION_LAYER_ASSIGNMENT (  '', '', ( #6704 ) ) ;
#6149 = DIRECTION ( 'NONE',  ( 1.000000000000000000, 0.000000000000000000, -0.000000000000000000 ) ) ;
#6150 = ORIENTED_EDGE ( 'NONE', *, *, #8773, .T. ) ;
#6151 = CARTESIAN_POINT ( 'NONE',  ( -1.629999999999998561, -0.1499999999999999667, -3.229259809214934940 ) ) ;
#6152 = CARTESIAN_POINT ( 'NONE',  ( 1.630000000000001226, -0.1499999999999999944, -3.100000000000000089 ) ) ;
#6153 = ORIENTED_EDGE ( 'NONE', *, *, #4067, .F. ) ;
#6154 = FACE_OUTER_BOUND ( 'NONE', #7584, .T. ) ;
#6155 = DIRECTION ( 'NONE',  ( 0.7071067811865505703, 0.000000000000000000, 0.7071067811865444641 ) ) ;
#6156 = EDGE_CURVE ( 'NONE', #7550, #2344, #5946, .T. ) ;
#6157 =( LENGTH_UNIT ( ) NAMED_UNIT ( * ) SI_UNIT ( .MILLI., .METRE. ) );
#6158 = SURFACE_SIDE_STYLE ('',( #8210 ) ) ;
#6159 = EDGE_CURVE ( 'NONE', #4299, #8408, #8722, .T. ) ;
#6160 = VECTOR ( 'NONE', #4392, 1000.000000000000000 ) ;
#6161 = ORIENTED_EDGE ( 'NONE', *, *, #7160, .F. ) ;
#6162 = SURFACE_STYLE_USAGE ( .BOTH. , #8120 ) ;
#6163 = PRESENTATION_STYLE_ASSIGNMENT (( #8123 ) ) ;
#6164 = ORIENTED_EDGE ( 'NONE', *, *, #6854, .F. ) ;
#6165 = DIRECTION ( 'NONE',  ( -0.000000000000000000, 1.000000000000000000, 0.000000000000000000 ) ) ;
#6166 = CARTESIAN_POINT ( 'NONE',  ( -1.629999999999998561, -0.2500000000000000000, -4.049999999999998046 ) ) ;
#6167 = ORIENTED_EDGE ( 'NONE', *, *, #8956, .T. ) ;
#6168 = COLOUR_RGB ( '',0.2980392156862745057, 0.2980392156862745057, 0.2980392156862745057 ) ;
#6169 = CARTESIAN_POINT ( 'NONE',  ( 0.000000000000000000, 1.399999999999999911, 0.000000000000000000 ) ) ;
#6170 = FACE_OUTER_BOUND ( 'NONE', #2813, .T. ) ;
#6171 = ORIENTED_EDGE ( 'NONE', *, *, #969, .F. ) ;
#6172 = DIRECTION ( 'NONE',  ( 0.000000000000000000, 0.000000000000000000, 1.000000000000000000 ) ) ;
#6173 = FILL_AREA_STYLE_COLOUR ( '', #4999 ) ;
#6174 =( NAMED_UNIT ( * ) PLANE_ANGLE_UNIT ( ) SI_UNIT ( $, .RADIAN. ) );
#6175 =( GEOMETRIC_REPRESENTATION_CONTEXT ( 3 ) GLOBAL_UNCERTAINTY_ASSIGNED_CONTEXT ( ( #8604 ) ) GLOBAL_UNIT_ASSIGNED_CONTEXT ( ( #3125, #5339, #6634 ) ) REPRESENTATION_CONTEXT ( 'NONE', 'WORKASPACE' ) );
#6176 = MECHANICAL_DESIGN_GEOMETRIC_PRESENTATION_REPRESENTATION (  '', ( #6898 ), #8794 ) ;
#6177 = ORIENTED_EDGE ( 'NONE', *, *, #4987, .T. ) ;
#6178 = VECTOR ( 'NONE', #2366, 1000.000000000000000 ) ;
#6179 = ORIENTED_EDGE ( 'NONE', *, *, #8964, .T. ) ;
#6180 = FACE_OUTER_BOUND ( 'NONE', #2124, .T. ) ;
#6181 = DIRECTION ( 'NONE',  ( -0.08682659386424779191, -0.9924325091389669673, 0.08682659386424777803 ) ) ;
#6182 = LINE ( 'NONE', #9028, #3462 ) ;
#6183 = UNCERTAINTY_MEASURE_WITH_UNIT (LENGTH_MEASURE( 1.000000000000000082E-05 ), #4608, 'distance_accuracy_value', 'NONE');
#6184 = VECTOR ( 'NONE', #335, 1000.000000000000000 ) ;
#6185 = VECTOR ( 'NONE', #205, 1000.000000000000000 ) ;
#6186 = DIRECTION ( 'NONE',  ( 0.000000000000000000, -0.9327759058474842657, -0.3604568066639957102 ) ) ;
#6187 = CYLINDRICAL_SURFACE ( 'NONE', #7053, 0.1499999999999999667 ) ;
#6188 = ADVANCED_FACE ( 'NONE', ( #1885 ), #6031, .F. ) ;
#6189 =( NAMED_UNIT ( * ) SI_UNIT ( $, .STERADIAN. ) SOLID_ANGLE_UNIT ( ) );
#6190 = VECTOR ( 'NONE', #6289, 1000.000000000000000 ) ;
#6191 = VECTOR ( 'NONE', #4349, 1000.000000000000000 ) ;
#6192 = VECTOR ( 'NONE', #8409, 1000.000000000000000 ) ;
#6193 = ORIENTED_EDGE ( 'NONE', *, *, #7201, .F. ) ;
#6194 = ADVANCED_FACE ( 'NONE', ( #1043 ), #4571, .T. ) ;
#6195 = ORIENTED_EDGE ( 'NONE', *, *, #1795, .T. ) ;
#6196 = ORIENTED_EDGE ( 'NONE', *, *, #374, .F. ) ;
#6197 =( NAMED_UNIT ( * ) PLANE_ANGLE_UNIT ( ) SI_UNIT ( $, .RADIAN. ) );
#6198 = SURFACE_SIDE_STYLE ('',( #6829 ) ) ;
#6199 = AXIS2_PLACEMENT_3D ( 'NONE', #2119, #8452, #6943 ) ;
#6200 = DIRECTION ( 'NONE',  ( -0.000000000000000000, 0.9327759058474841547, 0.3604568066639957102 ) ) ;
#6201 = CARTESIAN_POINT ( 'NONE',  ( 0.000000000000000000, 1.500000000000000000, 0.000000000000000000 ) ) ;
#6202 = VERTEX_POINT ( 'NONE', #2386 ) ;
#6203 = DIRECTION ( 'NONE',  ( 1.000000000000000000, -0.000000000000000000, 0.000000000000000000 ) ) ;
#6204 = ORIENTED_EDGE ( 'NONE', *, *, #1208, .T. ) ;
#6205 = PRESENTATION_LAYER_ASSIGNMENT (  '', '', ( #1083 ) ) ;
#6206 = EDGE_CURVE ( 'NONE', #4717, #1304, #3189, .T. ) ;
#6207 = LINE ( 'NONE', #8255, #8877 ) ;
#6208 = AXIS2_PLACEMENT_3D ( 'NONE', #4871, #7665, #1394 ) ;
#6209 = DIRECTION ( 'NONE',  ( 0.000000000000000000, -1.000000000000000000, 0.000000000000000000 ) ) ;
#6210 = DIRECTION ( 'NONE',  ( 0.000000000000000000, 0.08715574274765820750, 0.9961946980917454342 ) ) ;
#6211 =( GEOMETRIC_REPRESENTATION_CONTEXT ( 3 ) GLOBAL_UNCERTAINTY_ASSIGNED_CONTEXT ( ( #2084 ) ) GLOBAL_UNIT_ASSIGNED_CONTEXT ( ( #1540, #2082, #5647 ) ) REPRESENTATION_CONTEXT ( 'NONE', 'WORKASPACE' ) );
#6212 = ORIENTED_EDGE ( 'NONE', *, *, #7035, .T. ) ;
#6213 = LINE ( 'NONE', #2105, #621 ) ;
#6214 = LINE ( 'NONE', #4802, #7236 ) ;
#6215 = CIRCLE ( 'NONE', #3578, 0.1499999999999999667 ) ;
#6216 = EDGE_CURVE ( 'NONE', #2667, #1751, #1835, .T. ) ;
#6217 =( NAMED_UNIT ( * ) PLANE_ANGLE_UNIT ( ) SI_UNIT ( $, .RADIAN. ) );
#6218 = FILL_AREA_STYLE ('',( #1322 ) ) ;
#6219 = SURFACE_STYLE_FILL_AREA ( #7590 ) ;
#6220 = CARTESIAN_POINT ( 'NONE',  ( -1.629999999999998561, -0.2139543193336009841, -3.253973965717952943 ) ) ;
#6221 = ORIENTED_EDGE ( 'NONE', *, *, #8841, .T. ) ;
#6222 = VECTOR ( 'NONE', #6315, 1000.000000000000000 ) ;
#6223 = CARTESIAN_POINT ( 'NONE',  ( -0.9099999999999991429, -0.1499999999999999944, -2.969702453438674006 ) ) ;
#6224 = FACE_BOUND ( 'NONE', #4926, .T. ) ;
#6225 = VERTEX_POINT ( 'NONE', #5357 ) ;
#6226 = ORIENTED_EDGE ( 'NONE', *, *, #1590, .T. ) ;
#6227 = ORIENTED_EDGE ( 'NONE', *, *, #8436, .F. ) ;
#6228 = CARTESIAN_POINT ( 'NONE',  ( -0.8099999999999990541, 1.100000000000000089, -0.6250000000000004441 ) ) ;
#6229 = SURFACE_STYLE_USAGE ( .BOTH. , #4897 ) ;
#6230 = LINE ( 'NONE', #2762, #3749 ) ;
#6231 = STYLED_ITEM ( 'NONE', ( #3302 ), #4866 ) ;
#6232 = FACE_OUTER_BOUND ( 'NONE', #2747, .T. ) ;
#6233 = VECTOR ( 'NONE', #3900, 1000.000000000000000 ) ;
#6234 = AXIS2_PLACEMENT_3D ( 'NONE', #6983, #3509, #2881 ) ;
#6235 = EDGE_LOOP ( 'NONE', ( #1315, #6117, #5185, #3448 ) ) ;
#6236 = CARTESIAN_POINT ( 'NONE',  ( -0.7099999999999995204, 1.500000000000000000, 0.6249999999999995559 ) ) ;
#6237 = ADVANCED_FACE ( 'NONE', ( #8127 ), #8962, .T. ) ;
#6238 = ADVANCED_FACE ( 'NONE', ( #2656 ), #5489, .F. ) ;
#6239 = VERTEX_POINT ( 'NONE', #2023 ) ;
#6240 = DIRECTION ( 'NONE',  ( -0.000000000000000000, 0.3604568066639957102, 0.9327759058474842657 ) ) ;
#6241 = DIRECTION ( 'NONE',  ( 0.000000000000000000, 0.000000000000000000, 1.000000000000000000 ) ) ;
#6242 = CARTESIAN_POINT ( 'NONE',  ( -0.9099999999999991429, 0.000000000000000000, -3.229259809214934052 ) ) ;
#6243 = VERTEX_POINT ( 'NONE', #4839 ) ;
#6244 = EDGE_CURVE ( 'NONE', #4149, #3748, #6214, .T. ) ;
#6245 = EDGE_LOOP ( 'NONE', ( #3002, #8079, #3346, #1433 ) ) ;
#6246 =( BOUNDED_CURVE ( )  B_SPLINE_CURVE ( 3, ( #5521, #4128, #1914, #6835 ),
 .UNSPECIFIED., .F., .F. ) 
 B_SPLINE_CURVE_WITH_KNOTS ( ( 4, 4 ),
 ( 1.570796326794897668, 3.141592653589793116 ),
 .UNSPECIFIED. ) 
 CURVE ( )  GEOMETRIC_REPRESENTATION_ITEM ( )  RATIONAL_B_SPLINE_CURVE ( ( 1.000000000000000000, 0.8047378541243652705, 0.8047378541243652705, 1.000000000000000000 ) ) 
 REPRESENTATION_ITEM ( '' )  );
#6247 = CIRCLE ( 'NONE', #8713, 0.1499999999999999667 ) ;
#6248 = CARTESIAN_POINT ( 'NONE',  ( 0.9100000000000010303, -0.5499999999999999334, 3.651850830482211929 ) ) ;
#6249 = MECHANICAL_DESIGN_GEOMETRIC_PRESENTATION_REPRESENTATION (  '', ( #7843 ), #7089 ) ;
#6250 = ORIENTED_EDGE ( 'NONE', *, *, #2289, .T. ) ;
#6251 = ORIENTED_EDGE ( 'NONE', *, *, #7470, .T. ) ;
#6252 = PLANE ( 'NONE',  #5792 ) ;
#6253 = FACE_OUTER_BOUND ( 'NONE', #4864, .T. ) ;
#6254 = SURFACE_STYLE_FILL_AREA ( #3338 ) ;
#6255 = DIRECTION ( 'NONE',  ( 0.000000000000000000, 0.000000000000000000, 1.000000000000000000 ) ) ;
#6256 = LINE ( 'NONE', #4096, #6883 ) ;
#6257 = ORIENTED_EDGE ( 'NONE', *, *, #813, .T. ) ;
#6258 = SURFACE_SIDE_STYLE ('',( #2032 ) ) ;
#6259 = CYLINDRICAL_SURFACE ( 'NONE', #8482, 0.1499999999999999667 ) ;
#6260 = UNCERTAINTY_MEASURE_WITH_UNIT (LENGTH_MEASURE( 1.000000000000000082E-05 ), #680, 'distance_accuracy_value', 'NONE');
#6261 =( LENGTH_UNIT ( ) NAMED_UNIT ( * ) SI_UNIT ( .MILLI., .METRE. ) );
#6262 = ADVANCED_FACE ( 'NONE', ( #1319 ), #6252, .F. ) ;
#6263 = ORIENTED_EDGE ( 'NONE', *, *, #6720, .F. ) ;
#6264 = FACE_OUTER_BOUND ( 'NONE', #6235, .T. ) ;
#6265 = ORIENTED_EDGE ( 'NONE', *, *, #4214, .F. ) ;
#6266 = ORIENTED_EDGE ( 'NONE', *, *, #4436, .T. ) ;
#6267 = CARTESIAN_POINT ( 'NONE',  ( -0.8099999999999991651, 1.458578643762690419, -0.6250000000000005551 ) ) ;
#6268 = CARTESIAN_POINT ( 'NONE',  ( 2.819622550835296781, -0.6500000000000001332, 2.814622550835295556 ) ) ;
#6269 = CARTESIAN_POINT ( 'NONE',  ( 0.000000000000000000, 1.500000000000000000, 0.000000000000000000 ) ) ;
#6270 = ADVANCED_FACE ( 'NONE', ( #5572 ), #1184, .T. ) ;
#6271 = EDGE_CURVE ( 'NONE', #2667, #2320, #2658, .T. ) ;
#6272 = PRESENTATION_STYLE_ASSIGNMENT (( #111 ) ) ;
#6273 = EDGE_CURVE ( 'NONE', #4685, #5019, #6996, .T. ) ;
#6274 = SURFACE_STYLE_FILL_AREA ( #743 ) ;
#6275 = EDGE_LOOP ( 'NONE', ( #700, #395, #6283, #7569 ) ) ;
#6276 = UNCERTAINTY_MEASURE_WITH_UNIT (LENGTH_MEASURE( 1.000000000000000082E-05 ), #5725, 'distance_accuracy_value', 'NONE');
#6277 = SURFACE_STYLE_USAGE ( .BOTH. , #6959 ) ;
#6278 = PRESENTATION_LAYER_ASSIGNMENT (  '', '', ( #2643 ) ) ;
#6279 = ORIENTED_EDGE ( 'NONE', *, *, #7851, .T. ) ;
#6280 = LINE ( 'NONE', #2896, #5750 ) ;
#6281 = LINE ( 'NONE', #15, #8496 ) ;
#6282 = DIRECTION ( 'NONE',  ( 0.000000000000000000, -0.9327759058474842657, 0.3604568066639957102 ) ) ;
#6283 = ORIENTED_EDGE ( 'NONE', *, *, #4166, .T. ) ;
#6284 = AXIS2_PLACEMENT_3D ( 'NONE', #2191, #2235, #4979 ) ;
#6285 = FACE_OUTER_BOUND ( 'NONE', #7018, .T. ) ;
#6286 = VERTEX_POINT ( 'NONE', #9030 ) ;
#6287 = AXIS2_PLACEMENT_3D ( 'NONE', #2069, #7638, #44 ) ;
#6288 = UNCERTAINTY_MEASURE_WITH_UNIT (LENGTH_MEASURE( 1.000000000000000082E-05 ), #1382, 'distance_accuracy_value', 'NONE');
#6289 = DIRECTION ( 'NONE',  ( 1.000000000000000000, 0.000000000000000000, 0.000000000000000000 ) ) ;
#6290 = LINE ( 'NONE', #3458, #2552 ) ;
#6291 = FACE_OUTER_BOUND ( 'NONE', #3291, .T. ) ;
#6292 = VERTEX_POINT ( 'NONE', #3480 ) ;
#6293 = AXIS2_PLACEMENT_3D ( 'NONE', #8155, #8198, #4735 ) ;
#6294 = VERTEX_POINT ( 'NONE', #8367 ) ;
#6295 = DIRECTION ( 'NONE',  ( -0.000000000000000000, -0.000000000000000000, 1.000000000000000000 ) ) ;
#6296 = ORIENTED_EDGE ( 'NONE', *, *, #5553, .T. ) ;
#6297 = ADVANCED_FACE ( 'NONE', ( #8415 ), #873, .T. ) ;
#6298 = CARTESIAN_POINT ( 'NONE',  ( -2.171251133647407183, 1.399999999999999911, -2.000000000000000444 ) ) ;
#6299 = SURFACE_STYLE_USAGE ( .BOTH. , #4289 ) ;
#6300 = VECTOR ( 'NONE', #1468, 1000.000000000000000 ) ;
#6301 = FACE_OUTER_BOUND ( 'NONE', #4691, .T. ) ;
#6302 = VERTEX_POINT ( 'NONE', #670 ) ;
#6303 = SURFACE_STYLE_USAGE ( .BOTH. , #7637 ) ;
#6304 = LINE ( 'NONE', #4198, #8648 ) ;
#6305 = ORIENTED_EDGE ( 'NONE', *, *, #7373, .T. ) ;
#6306 = DIRECTION ( 'NONE',  ( -1.000000000000000000, 0.000000000000000000, 3.942553354492737614E-16 ) ) ;
#6307 = ORIENTED_EDGE ( 'NONE', *, *, #1868, .T. ) ;
#6308 = DIRECTION ( 'NONE',  ( -1.000000000000000000, -0.000000000000000000, -0.000000000000000000 ) ) ;
#6309 = VECTOR ( 'NONE', #4848, 1000.000000000000000 ) ;
#6310 = CARTESIAN_POINT ( 'NONE',  ( 0.9100000000000010303, -0.6499999999999998002, 3.651850830482212373 ) ) ;
#6311 = DIRECTION ( 'NONE',  ( -1.000000000000000000, -4.336808689942015369E-15, -3.794215962506405244E-16 ) ) ;
#6312 = DIRECTION ( 'NONE',  ( 3.942553354492739094E-16, -0.000000000000000000, 1.000000000000000000 ) ) ;
#6313 = PLANE ( 'NONE',  #5376 ) ;
#6314 = CARTESIAN_POINT ( 'NONE',  ( 2.180000000000001048, -0.7999999999999999334, -3.583287396400482105 ) ) ;
#6315 = DIRECTION ( 'NONE',  ( -1.000000000000000000, -0.000000000000000000, -0.000000000000000000 ) ) ;
#6316 =( NAMED_UNIT ( * ) PLANE_ANGLE_UNIT ( ) SI_UNIT ( $, .RADIAN. ) );
#6317 = ORIENTED_EDGE ( 'NONE', *, *, #4249, .T. ) ;
#6318 = CIRCLE ( 'NONE', #2099, 0.1499999999999999667 ) ;
#6319 =( GEOMETRIC_REPRESENTATION_CONTEXT ( 3 ) GLOBAL_UNCERTAINTY_ASSIGNED_CONTEXT ( ( #5248 ) ) GLOBAL_UNIT_ASSIGNED_CONTEXT ( ( #2176, #6368, #73 ) ) REPRESENTATION_CONTEXT ( 'NONE', 'WORKASPACE' ) );
#6320 = ORIENTED_EDGE ( 'NONE', *, *, #3273, .T. ) ;
#6321 = EDGE_CURVE ( 'NONE', #8173, #2030, #9049, .T. ) ;
#6322 = CARTESIAN_POINT ( 'NONE',  ( 3.105000000000000870, -0.1499999999999999944, -3.100000000000000089 ) ) ;
#6323 = LINE ( 'NONE', #753, #4275 ) ;
#6324 = FACE_OUTER_BOUND ( 'NONE', #1293, .T. ) ;
#6325 = DIRECTION ( 'NONE',  ( 0.000000000000000000, 1.000000000000000000, 0.000000000000000000 ) ) ;
#6326 = VECTOR ( 'NONE', #6485, 1000.000000000000000 ) ;
#6327 = EDGE_LOOP ( 'NONE', ( #6164, #6930, #5914, #8703 ) ) ;
#6328 = PLANE ( 'NONE',  #2076 ) ;
#6329 = APPLICATION_PROTOCOL_DEFINITION ( 'draft international standard', 'automotive_design', 1998, #3884 ) ;
#6330 = COLOUR_RGB ( '',0.2980392156862745057, 0.2980392156862745057, 0.2980392156862745057 ) ;
#6331 = AXIS2_PLACEMENT_3D ( 'NONE', #6140, #8605, #5379 ) ;
#6332 = CARTESIAN_POINT ( 'NONE',  ( 2.667668828707723705, 1.500000000000000000, -2.667668828707722373 ) ) ;
#6333 = CYLINDRICAL_SURFACE ( 'NONE', #1975, 0.1000000000000000472 ) ;
#6334 = SURFACE_STYLE_USAGE ( .BOTH. , #3547 ) ;
#6335 = ADVANCED_FACE ( 'NONE', ( #6113 ), #5430, .F. ) ;
#6336 = FACE_OUTER_BOUND ( 'NONE', #1373, .T. ) ;
#6337 = DIRECTION ( 'NONE',  ( -3.942553354492737614E-16, 0.000000000000000000, -1.000000000000000000 ) ) ;
#6338 = COLOUR_RGB ( '',0.2980392156862745057, 0.2980392156862745057, 0.2980392156862745057 ) ;
#6339 = VECTOR ( 'NONE', #1452, 1000.000000000000000 ) ;
#6340 = EDGE_LOOP ( 'NONE', ( #3084, #1793, #4367, #3229 ) ) ;
#6341 =( NAMED_UNIT ( * ) SI_UNIT ( $, .STERADIAN. ) SOLID_ANGLE_UNIT ( ) );
#6342 = DIRECTION ( 'NONE',  ( 1.000000000000000000, -0.000000000000000000, -0.000000000000000000 ) ) ;
#6343 = VERTEX_POINT ( 'NONE', #4278 ) ;
#6344 = EDGE_CURVE ( 'NONE', #3514, #2045, #834, .T. ) ;
#6345 = EDGE_CURVE ( 'NONE', #6430, #8901, #5747, .T. ) ;
#6346 = MECHANICAL_DESIGN_GEOMETRIC_PRESENTATION_REPRESENTATION (  '', ( #5622 ), #4444 ) ;
#6347 =( LENGTH_UNIT ( ) NAMED_UNIT ( * ) SI_UNIT ( .MILLI., .METRE. ) );
#6348 = LINE ( 'NONE', #7892, #7080 ) ;
#6349 = CARTESIAN_POINT ( 'NONE',  ( -0.5014213562373089905, 1.500000000000000000, -0.5835786437626909740 ) ) ;
#6350 = ORIENTED_EDGE ( 'NONE', *, *, #7410, .F. ) ;
#6351 =( NAMED_UNIT ( * ) SI_UNIT ( $, .STERADIAN. ) SOLID_ANGLE_UNIT ( ) );
#6352 =( NAMED_UNIT ( * ) PLANE_ANGLE_UNIT ( ) SI_UNIT ( $, .RADIAN. ) );
#6353 = DIRECTION ( 'NONE',  ( 0.000000000000000000, -1.000000000000000000, 0.000000000000000000 ) ) ;
#6354 = ORIENTED_EDGE ( 'NONE', *, *, #6134, .F. ) ;
#6355 = DIRECTION ( 'NONE',  ( 1.000000000000000000, 0.000000000000000000, 0.000000000000000000 ) ) ;
#6356 = MECHANICAL_DESIGN_GEOMETRIC_PRESENTATION_REPRESENTATION (  '', ( #2420 ), #4449 ) ;
#6357 = VERTEX_POINT ( 'NONE', #5058 ) ;
#6358 = LINE ( 'NONE', #2202, #1572 ) ;
#6359 = SURFACE_STYLE_FILL_AREA ( #827 ) ;
#6360 = DIRECTION ( 'NONE',  ( 0.9961946980917455452, -0.08715574274765836016, -2.160152911779223387E-16 ) ) ;
#6361 = SURFACE_STYLE_FILL_AREA ( #7902 ) ;
#6362 = SURFACE_SIDE_STYLE ('',( #3574 ) ) ;
#6363 = EDGE_LOOP ( 'NONE', ( #4732, #4527, #8229, #1376 ) ) ;
#6364 =( GEOMETRIC_REPRESENTATION_CONTEXT ( 3 ) GLOBAL_UNCERTAINTY_ASSIGNED_CONTEXT ( ( #6288 ) ) GLOBAL_UNIT_ASSIGNED_CONTEXT ( ( #1382, #6316, #875 ) ) REPRESENTATION_CONTEXT ( 'NONE', 'WORKASPACE' ) );
#6365 = VERTEX_POINT ( 'NONE', #1574 ) ;
#6366 =( LENGTH_UNIT ( ) NAMED_UNIT ( * ) SI_UNIT ( .MILLI., .METRE. ) );
#6367 = CARTESIAN_POINT ( 'NONE',  ( -1.829999999999998961, 1.500000000000000000, -0.6250000000000004441 ) ) ;
#6368 =( NAMED_UNIT ( * ) PLANE_ANGLE_UNIT ( ) SI_UNIT ( $, .RADIAN. ) );
#6369 = LINE ( 'NONE', #124, #984 ) ;
#6370 = DIRECTION ( 'NONE',  ( 0.08715574274765836016, 0.9961946980917455452, -3.436161659330865826E-17 ) ) ;
#6371 = ORIENTED_EDGE ( 'NONE', *, *, #6582, .T. ) ;
#6372 = LINE ( 'NONE', #7786, #4981 ) ;
#6373 = CYLINDRICAL_SURFACE ( 'NONE', #2114, 0.09999999999999982514 ) ;
#6374 = EDGE_CURVE ( 'NONE', #1986, #6202, #2183, .T. ) ;
#6375 = FILL_AREA_STYLE_COLOUR ( '', #4368 ) ;
#6376 = VECTOR ( 'NONE', #3797, 1000.000000000000000 ) ;
#6377 = AXIS2_PLACEMENT_3D ( 'NONE', #1649, #7121, #7157 ) ;
#6378 = EDGE_CURVE ( 'NONE', #1846, #8328, #2995, .T. ) ;
#6379 = LINE ( 'NONE', #7829, #3431 ) ;
#6380 = UNCERTAINTY_MEASURE_WITH_UNIT (LENGTH_MEASURE( 1.000000000000000082E-05 ), #6157, 'distance_accuracy_value', 'NONE');
#6381 = SURFACE_SIDE_STYLE ('',( #1061 ) ) ;
#6382 = AXIS2_PLACEMENT_3D ( 'NONE', #8853, #1917, #4695 ) ;
#6383 = CARTESIAN_POINT ( 'NONE',  ( 0.9100000000000010303, -0.6500000000000000222, 4.150000000000000355 ) ) ;
#6384 = EDGE_CURVE ( 'NONE', #8658, #3279, #5239, .T. ) ;
#6385 = PRESENTATION_LAYER_ASSIGNMENT (  '', '', ( #7246 ) ) ;
#6386 = ORIENTED_EDGE ( 'NONE', *, *, #2148, .T. ) ;
#6387 = CARTESIAN_POINT ( 'NONE',  ( 0.9100000000000010303, -0.7999999999999999334, 3.583287396400482105 ) ) ;
#6388 = PRESENTATION_LAYER_ASSIGNMENT (  '', '', ( #3619 ) ) ;
#6389 = DIRECTION ( 'NONE',  ( -1.000000000000000000, -0.000000000000000000, -0.000000000000000000 ) ) ;
#6390 = CARTESIAN_POINT ( 'NONE',  ( 1.630000000000001004, -0.6500000000000000222, 4.049999999999999822 ) ) ;
#6391 = CARTESIAN_POINT ( 'NONE',  ( 0.8750045345896294569, 1.100000000000000089, -1.262607324199603864 ) ) ;
#6392 = CARTESIAN_POINT ( 'NONE',  ( -2.179999999999998828, 0.000000000000000000, -3.100000000000000089 ) ) ;
#6393 = PLANE ( 'NONE',  #2844 ) ;
#6394 = ORIENTED_EDGE ( 'NONE', *, *, #1128, .F. ) ;
#6395 = LINE ( 'NONE', #6984, #3093 ) ;
#6396 = CYLINDRICAL_SURFACE ( 'NONE', #447, 0.1000000000000000472 ) ;
#6397 = ORIENTED_EDGE ( 'NONE', *, *, #8513, .T. ) ;
#6398 = CARTESIAN_POINT ( 'NONE',  ( 0.3600000000000009859, -0.7999999999999999334, -4.049999999999999822 ) ) ;
#6399 = DIRECTION ( 'NONE',  ( 1.000000000000000000, 0.000000000000000000, 0.000000000000000000 ) ) ;
#6400 =( NAMED_UNIT ( * ) PLANE_ANGLE_UNIT ( ) SI_UNIT ( $, .RADIAN. ) );
#6401 = CYLINDRICAL_SURFACE ( 'NONE', #5295, 0.09999999999999982514 ) ;
#6402 = CARTESIAN_POINT ( 'NONE',  ( 1.664995465410368691, 1.100000000000000089, -3.610383401552870706E-16 ) ) ;
#6403 = CARTESIAN_POINT ( 'NONE',  ( -0.4599999999999994649, 1.399999999999999911, -0.6250000000000004441 ) ) ;
#6404 = CARTESIAN_POINT ( 'NONE',  ( -0.9100000000000002531, 1.500000000000000000, -2.000000000000000444 ) ) ;
#6405 = EDGE_LOOP ( 'NONE', ( #8975, #2893, #7725, #6884 ) ) ;
#6406 = ORIENTED_EDGE ( 'NONE', *, *, #3385, .T. ) ;
#6407 = EDGE_CURVE ( 'NONE', #4688, #654, #1764, .T. ) ;
#6408 =( NAMED_UNIT ( * ) PLANE_ANGLE_UNIT ( ) SI_UNIT ( $, .RADIAN. ) );
#6409 = DIRECTION ( 'NONE',  ( -1.000000000000000000, -0.000000000000000000, -0.000000000000000000 ) ) ;
#6410 = CARTESIAN_POINT ( 'NONE',  ( 0.3600000000000009859, -0.1499999999999999944, -2.969702453438674006 ) ) ;
#6411 = LINE ( 'NONE', #162, #7919 ) ;
#6412 = APPLICATION_PROTOCOL_DEFINITION ( 'draft international standard', 'automotive_design', 1998, #5132 ) ;
#6413 = FACE_OUTER_BOUND ( 'NONE', #6011, .T. ) ;
#6414 = CARTESIAN_POINT ( 'NONE',  ( 2.180000000000001048, -0.6500000000000000222, 4.150000000000000355 ) ) ;
#6415 = CARTESIAN_POINT ( 'NONE',  ( -0.9099999999999991429, -0.5499999999999999334, 3.651850830482211929 ) ) ;
#6416 = VECTOR ( 'NONE', #7195, 1000.000000000000000 ) ;
#6417 = FILL_AREA_STYLE ('',( #1535 ) ) ;
#6418 = ORIENTED_EDGE ( 'NONE', *, *, #5290, .T. ) ;
#6419 = FILL_AREA_STYLE ('',( #223 ) ) ;
#6420 = VERTEX_POINT ( 'NONE', #4544 ) ;
#6421 = CIRCLE ( 'NONE', #2503, 0.09999999999999982514 ) ;
#6422 = AXIS2_PLACEMENT_3D ( 'NONE', #7595, #1332, #6039 ) ;
#6423 = ORIENTED_EDGE ( 'NONE', *, *, #7044, .F. ) ;
#6424 =( LENGTH_UNIT ( ) NAMED_UNIT ( * ) SI_UNIT ( .MILLI., .METRE. ) );
#6425 = ADVANCED_FACE ( 'NONE', ( #2357 ), #3756, .T. ) ;
#6426 = LINE ( 'NONE', #2829, #3108 ) ;
#6427 = DIRECTION ( 'NONE',  ( 0.000000000000000000, 0.000000000000000000, 1.000000000000000000 ) ) ;
#6428 = ORIENTED_EDGE ( 'NONE', *, *, #8421, .F. ) ;
#6429 = SURFACE_STYLE_FILL_AREA ( #101 ) ;
#6430 = VERTEX_POINT ( 'NONE', #3841 ) ;
#6431 = SURFACE_SIDE_STYLE ('',( #735 ) ) ;
#6432 = PLANE ( 'NONE',  #2401 ) ;
#6433 = CARTESIAN_POINT ( 'NONE',  ( 0.9100000000000010303, -0.2500000000000000000, -3.160696375133204672 ) ) ;
#6434 = CIRCLE ( 'NONE', #1487, 0.1499999999999999667 ) ;
#6435 =( NAMED_UNIT ( * ) SI_UNIT ( $, .STERADIAN. ) SOLID_ANGLE_UNIT ( ) );
#6436 = CARTESIAN_POINT ( 'NONE',  ( -2.179999999999998828, -0.6499999999999998002, -3.651850830482212373 ) ) ;
#6437 = ORIENTED_EDGE ( 'NONE', *, *, #6044, .F. ) ;
#6438 = FACE_OUTER_BOUND ( 'NONE', #6007, .T. ) ;
#6439 = ORIENTED_EDGE ( 'NONE', *, *, #5387, .T. ) ;
#6440 = AXIS2_PLACEMENT_3D ( 'NONE', #2138, #800, #207 ) ;
#6441 = VECTOR ( 'NONE', #819, 1000.000000000000000 ) ;
#6442 = PRESENTATION_LAYER_ASSIGNMENT (  '', '', ( #5446 ) ) ;
#6443 = EDGE_CURVE ( 'NONE', #8184, #7369, #2456, .T. ) ;
#6444 = PRESENTATION_STYLE_ASSIGNMENT (( #3661 ) ) ;
#6445 = FACE_OUTER_BOUND ( 'NONE', #3247, .T. ) ;
#6446 =( NAMED_UNIT ( * ) PLANE_ANGLE_UNIT ( ) SI_UNIT ( $, .RADIAN. ) );
#6447 = SURFACE_SIDE_STYLE ('',( #3585 ) ) ;
#6448 = ADVANCED_FACE ( 'NONE', ( #4598 ), #6587, .F. ) ;
#6449 = VECTOR ( 'NONE', #6200, 1000.000000000000227 ) ;
#6450 = AXIS2_PLACEMENT_3D ( 'NONE', #3724, #5099, #1685 ) ;
#6451 = AXIS2_PLACEMENT_3D ( 'NONE', #1497, #2290, #5067 ) ;
#6452 = CARTESIAN_POINT ( 'NONE',  ( 0.8099999999999999423, 1.399999999999999911, -0.6250000000000004441 ) ) ;
#6453 = UNCERTAINTY_MEASURE_WITH_UNIT (LENGTH_MEASURE( 1.000000000000000082E-05 ), #485, 'distance_accuracy_value', 'NONE');
#6454 = VECTOR ( 'NONE', #4538, 1000.000000000000000 ) ;
#6455 = CARTESIAN_POINT ( 'NONE',  ( 3.058259084107185277, 0.5342511133338497809, 3.053259084107183607 ) ) ;
#6456 = CARTESIAN_POINT ( 'NONE',  ( 0.8100000000000008304, -0.6500000000000000222, 4.150000000000000355 ) ) ;
#6457 = ORIENTED_EDGE ( 'NONE', *, *, #1353, .T. ) ;
#6458 = ORIENTED_EDGE ( 'NONE', *, *, #6931, .T. ) ;
#6459 = SURFACE_SIDE_STYLE ('',( #5145 ) ) ;
#6460 = AXIS2_PLACEMENT_3D ( 'NONE', #6123, #7444, #1787 ) ;
#6461 = ORIENTED_EDGE ( 'NONE', *, *, #7579, .T. ) ;
#6462 = AXIS2_PLACEMENT_3D ( 'NONE', #6753, #2576, #418 ) ;
#6463 = AXIS2_PLACEMENT_3D ( 'NONE', #328, #7773, #1520 ) ;
#6464 = PLANE ( 'NONE',  #7924 ) ;
#6465 =( LENGTH_UNIT ( ) NAMED_UNIT ( * ) SI_UNIT ( .MILLI., .METRE. ) );
#6466 = CARTESIAN_POINT ( 'NONE',  ( -0.9099999999999991429, -0.1499999999999999944, 3.100000000000000089 ) ) ;
#6467 = MECHANICAL_DESIGN_GEOMETRIC_PRESENTATION_REPRESENTATION (  '', ( #4736 ), #8515 ) ;
#6468 = ORIENTED_EDGE ( 'NONE', *, *, #153, .F. ) ;
#6469 =( NAMED_UNIT ( * ) PLANE_ANGLE_UNIT ( ) SI_UNIT ( $, .RADIAN. ) );
#6470 = SURFACE_SIDE_STYLE ('',( #5073 ) ) ;
#6471 =( NAMED_UNIT ( * ) SI_UNIT ( $, .STERADIAN. ) SOLID_ANGLE_UNIT ( ) );
#6472 = ORIENTED_EDGE ( 'NONE', *, *, #5368, .F. ) ;
#6473 = CARTESIAN_POINT ( 'NONE',  ( 2.171251133647406295, 1.399999999999999911, -2.000000000000000444 ) ) ;
#6474 = EDGE_CURVE ( 'NONE', #2758, #4895, #3927, .T. ) ;
#6475 =( NAMED_UNIT ( * ) SI_UNIT ( $, .STERADIAN. ) SOLID_ANGLE_UNIT ( ) );
#6476 = DIRECTION ( 'NONE',  ( 0.000000000000000000, 0.9327759058474841547, -0.3604568066639957102 ) ) ;
#6477 = VECTOR ( 'NONE', #5095, 1000.000000000000000 ) ;
#6478 = CARTESIAN_POINT ( 'NONE',  ( -2.179999999999998828, -0.7999999999999999334, 4.049999999999999822 ) ) ;
#6479 = DIRECTION ( 'NONE',  ( 2.168404344971008868E-16, 0.000000000000000000, 1.000000000000000000 ) ) ;
#6480 = ADVANCED_FACE ( 'NONE', ( #255 ), #5874, .F. ) ;
#6481 = DIRECTION ( 'NONE',  ( 0.08682659386424780579, 0.9924325091389669673, 0.08682659386424779191 ) ) ;
#6482 =( LENGTH_UNIT ( ) NAMED_UNIT ( * ) SI_UNIT ( .MILLI., .METRE. ) );
#6483 = LINE ( 'NONE', #5773, #1233 ) ;
#6484 = PRESENTATION_STYLE_ASSIGNMENT (( #1049 ) ) ;
#6485 = DIRECTION ( 'NONE',  ( 1.000000000000000000, 0.000000000000000000, 0.000000000000000000 ) ) ;
#6486 = ORIENTED_EDGE ( 'NONE', *, *, #5460, .F. ) ;
#6487 =( GEOMETRIC_REPRESENTATION_CONTEXT ( 3 ) GLOBAL_UNCERTAINTY_ASSIGNED_CONTEXT ( ( #3631 ) ) GLOBAL_UNIT_ASSIGNED_CONTEXT ( ( #8460, #7649, #5549 ) ) REPRESENTATION_CONTEXT ( 'NONE', 'WORKASPACE' ) );
#6488 = ORIENTED_EDGE ( 'NONE', *, *, #1902, .T. ) ;
#6489 = CARTESIAN_POINT ( 'NONE',  ( -1.629999999999998561, -0.2500000000000000000, -4.049999999999998046 ) ) ;
#6490 = CARTESIAN_POINT ( 'NONE',  ( -0.3599999999999990985, -0.6500000000000000222, 3.651850830482212373 ) ) ;
#6491 = CARTESIAN_POINT ( 'NONE',  ( -2.354999999999999538, 1.100000000000000089, 3.100000000000000089 ) ) ;
#6492 = VECTOR ( 'NONE', #2147, 1000.000000000000000 ) ;
#6493 = EDGE_CURVE ( 'NONE', #3375, #5958, #8294, .T. ) ;
#6494 = DIRECTION ( 'NONE',  ( 0.000000000000000000, -0.000000000000000000, 1.000000000000000000 ) ) ;
#6495 = EDGE_CURVE ( 'NONE', #7608, #8809, #2046, .T. ) ;
#6496 = LINE ( 'NONE', #6673, #6810 ) ;
#6497 = VECTOR ( 'NONE', #966, 1000.000000000000114 ) ;
#6498 = LINE ( 'NONE', #7228, #7528 ) ;
#6499 = SURFACE_STYLE_FILL_AREA ( #4361 ) ;
#6500 = ADVANCED_FACE ( 'NONE', ( #4071 ), #8247, .T. ) ;
#6501 = LINE ( 'NONE', #989, #6477 ) ;
#6502 = SURFACE_STYLE_USAGE ( .BOTH. , #5199 ) ;
#6503 = ORIENTED_EDGE ( 'NONE', *, *, #8161, .T. ) ;
#6504 = ORIENTED_EDGE ( 'NONE', *, *, #5707, .T. ) ;
#6505 = ORIENTED_EDGE ( 'NONE', *, *, #8725, .T. ) ;
#6506 = CIRCLE ( 'NONE', #7090, 0.09999999999999982514 ) ;
#6507 = UNCERTAINTY_MEASURE_WITH_UNIT (LENGTH_MEASURE( 1.000000000000000082E-05 ), #7429, 'distance_accuracy_value', 'NONE');
#6508 = FILL_AREA_STYLE ('',( #8889 ) ) ;
#6509 = VERTEX_POINT ( 'NONE', #1213 ) ;
#6510 = EDGE_CURVE ( 'NONE', #5809, #1291, #8154, .T. ) ;
#6511 = ORIENTED_EDGE ( 'NONE', *, *, #569, .F. ) ;
#6512 = LINE ( 'NONE', #2233, #4421 ) ;
#6513 = UNCERTAINTY_MEASURE_WITH_UNIT (LENGTH_MEASURE( 1.000000000000000082E-05 ), #2444, 'distance_accuracy_value', 'NONE');
#6514 = PRESENTATION_LAYER_ASSIGNMENT (  '', '', ( #4487 ) ) ;
#6515 = VECTOR ( 'NONE', #5971, 1000.000000000000000 ) ;
#6516 = DIRECTION ( 'NONE',  ( 0.000000000000000000, 0.000000000000000000, 1.000000000000000000 ) ) ;
#6517 =( LENGTH_UNIT ( ) NAMED_UNIT ( * ) SI_UNIT ( .MILLI., .METRE. ) );
#6518 = EDGE_LOOP ( 'NONE', ( #4779, #6221, #8146, #7778, #8326, #2526, #2578, #4882 ) ) ;
#6519 = SURFACE_STYLE_FILL_AREA ( #4420 ) ;
#6520 = DIRECTION ( 'NONE',  ( -2.168404344971008868E-16, 0.000000000000000000, -1.000000000000000000 ) ) ;
#6521 = EDGE_LOOP ( 'NONE', ( #2010, #373, #4440, #2760 ) ) ;
#6522 = CARTESIAN_POINT ( 'NONE',  ( 0.9100000000000010303, -0.09593147900040135956, 3.369176195092057569 ) ) ;
#6523 = FILL_AREA_STYLE ('',( #4617 ) ) ;
#6524 = FACE_OUTER_BOUND ( 'NONE', #7430, .T. ) ;
#6525 = SURFACE_STYLE_FILL_AREA ( #5815 ) ;
#6526 = DIRECTION ( 'NONE',  ( 0.000000000000000000, 0.000000000000000000, -1.000000000000000000 ) ) ;
#6527 = ADVANCED_FACE ( 'NONE', ( #6054 ), #2594, .T. ) ;
#6528 = ADVANCED_FACE ( 'NONE', ( #2211 ), #72, .F. ) ;
#6529 = LINE ( 'NONE', #1750, #6915 ) ;
#6530 = VERTEX_POINT ( 'NONE', #4908 ) ;
#6531 = ORIENTED_EDGE ( 'NONE', *, *, #5961, .F. ) ;
#6532 = ORIENTED_EDGE ( 'NONE', *, *, #999, .F. ) ;
#6533 = CARTESIAN_POINT ( 'NONE',  ( -0.8099999999999990541, 1.399999999999999911, -0.6250000000000004441 ) ) ;
#6534 = EDGE_LOOP ( 'NONE', ( #4565, #8706, #1629, #7484 ) ) ;
#6535 = EDGE_CURVE ( 'NONE', #1203, #5666, #5650, .T. ) ;
#6536 = EDGE_CURVE ( 'NONE', #904, #7477, #707, .T. ) ;
#6537 = EDGE_CURVE ( 'NONE', #1958, #2104, #5604, .T. ) ;
#6538 = FILL_AREA_STYLE ('',( #1102 ) ) ;
#6539 = FILL_AREA_STYLE ('',( #3593 ) ) ;
#6540 = LINE ( 'NONE', #3833, #5312 ) ;
#6541 = EDGE_CURVE ( 'NONE', #4717, #3375, #7005, .T. ) ;
#6542 = VECTOR ( 'NONE', #3944, 1000.000000000000000 ) ;
#6543 = LINE ( 'NONE', #6005, #2392 ) ;
#6544 = CARTESIAN_POINT ( 'NONE',  ( 2.180000000000001048, -0.7040685209995984906, -3.443371010523358589 ) ) ;
#6545 = DIRECTION ( 'NONE',  ( 0.000000000000000000, 0.9327759058474841547, -0.3604568066639957102 ) ) ;
#6546 =( NAMED_UNIT ( * ) SI_UNIT ( $, .STERADIAN. ) SOLID_ANGLE_UNIT ( ) );
#6547 = CARTESIAN_POINT ( 'NONE',  ( 2.913827693562532684, -0.1499999999999999944, 2.949999999999998845 ) ) ;
#6548 = CARTESIAN_POINT ( 'NONE',  ( 1.630000000000001004, -0.5860456806663989493, 3.558573239897463658 ) ) ;
#6549 = ORIENTED_EDGE ( 'NONE', *, *, #7562, .F. ) ;
#6550 = DIRECTION ( 'NONE',  ( -1.000000000000000000, 0.000000000000000000, 0.000000000000000000 ) ) ;
#6551 = CYLINDRICAL_SURFACE ( 'NONE', #7482, 0.09999999999999982514 ) ;
#6552 = ORIENTED_EDGE ( 'NONE', *, *, #880, .F. ) ;
#6553 = DIRECTION ( 'NONE',  ( -0.08682659386424779191, -0.9924325091389669673, 0.08682659386424779191 ) ) ;
#6554 = CARTESIAN_POINT ( 'NONE',  ( 2.919242020644471136, -0.5587155742747659248, 2.814622550835295112 ) ) ;
#6555 = FILL_AREA_STYLE ('',( #3769 ) ) ;
#6556 = CARTESIAN_POINT ( 'NONE',  ( 0.9100000000000010303, -0.1499999999999999667, 3.229259809214934940 ) ) ;
#6557 = CARTESIAN_POINT ( 'NONE',  ( -1.629999999999998561, -0.09593147900040142895, -3.369176195092057569 ) ) ;
#6558 = DIRECTION ( 'NONE',  ( -1.000000000000000000, 0.000000000000000000, 0.000000000000000000 ) ) ;
#6559 = VERTEX_POINT ( 'NONE', #2806 ) ;
#6560 = DIRECTION ( 'NONE',  ( 0.000000000000000000, 0.9327759058474844878, 0.3604568066639949886 ) ) ;
#6561 = ORIENTED_EDGE ( 'NONE', *, *, #3676, .T. ) ;
#6562 = DIRECTION ( 'NONE',  ( -0.08682659386424777803, 0.9924325091389669673, 0.08682659386424779191 ) ) ;
#6563 = VECTOR ( 'NONE', #5350, 1000.000000000000000 ) ;
#6564 = EDGE_CURVE ( 'NONE', #8184, #8963, #121, .T. ) ;
#6565 = LINE ( 'NONE', #2434, #5468 ) ;
#6566 = VECTOR ( 'NONE', #3286, 1000.000000000000227 ) ;
#6567 =( LENGTH_UNIT ( ) NAMED_UNIT ( * ) SI_UNIT ( .MILLI., .METRE. ) );
#6568 = PRESENTATION_STYLE_ASSIGNMENT (( #8629 ) ) ;
#6569 = CARTESIAN_POINT ( 'NONE',  ( -1.629999999999998561, -0.5860456806663989493, -3.558573239897463658 ) ) ;
#6570 = CARTESIAN_POINT ( 'NONE',  ( -2.179999999999998828, -0.7999999999999999334, -3.583287396400482105 ) ) ;
#6571 = CARTESIAN_POINT ( 'NONE',  ( 0.8099999999999999423, 1.458578643762690419, 0.6249999999999994449 ) ) ;
#6572 = EDGE_LOOP ( 'NONE', ( #6193, #7863, #6970, #1982 ) ) ;
#6573 = VERTEX_POINT ( 'NONE', #7823 ) ;
#6574 = ORIENTED_EDGE ( 'NONE', *, *, #6159, .T. ) ;
#6575 = DIRECTION ( 'NONE',  ( -1.000000000000000000, -0.000000000000000000, -0.000000000000000000 ) ) ;
#6576 = PRODUCT_DEFINITION ( 'UNKNOWN', '', #5180, #3132 ) ;
#6577 = LINE ( 'NONE', #2224, #5744 ) ;
#6578 = LINE ( 'NONE', #333, #6185 ) ;
#6579 = DIRECTION ( 'NONE',  ( 0.000000000000000000, 1.000000000000000000, -0.000000000000000000 ) ) ;
#6580 = CARTESIAN_POINT ( 'NONE',  ( 1.729999999999999760, 1.500000000000000000, -0.6250000000000004441 ) ) ;
#6581 =( NAMED_UNIT ( * ) PLANE_ANGLE_UNIT ( ) SI_UNIT ( $, .RADIAN. ) );
#6582 = EDGE_CURVE ( 'NONE', #5165, #1924, #2931, .T. ) ;
#6583 = CIRCLE ( 'NONE', #2812, 0.1499999999999999667 ) ;
#6584 = STYLED_ITEM ( 'NONE', ( #4891 ), #6617 ) ;
#6585 = CARTESIAN_POINT ( 'NONE',  ( -1.629999999999998561, -0.09593147900040135956, 3.369176195092057569 ) ) ;
#6586 = PLANE ( 'NONE',  #807 ) ;
#6587 = PLANE ( 'NONE',  #1726 ) ;
#6588 = DIRECTION ( 'NONE',  ( 0.08715574274765836016, -0.9961946980917455452, 0.000000000000000000 ) ) ;
#6589 = VECTOR ( 'NONE', #1961, 1000.000000000000000 ) ;
#6590 = ORIENTED_EDGE ( 'NONE', *, *, #5937, .F. ) ;
#6591 = SURFACE_STYLE_FILL_AREA ( #5243 ) ;
#6592 = LINE ( 'NONE', #4457, #492 ) ;
#6593 = ORIENTED_EDGE ( 'NONE', *, *, #3411, .T. ) ;
#6594 = UNCERTAINTY_MEASURE_WITH_UNIT (LENGTH_MEASURE( 1.000000000000000082E-05 ), #7092, 'distance_accuracy_value', 'NONE');
#6595 = UNCERTAINTY_MEASURE_WITH_UNIT (LENGTH_MEASURE( 1.000000000000000082E-05 ), #7265, 'distance_accuracy_value', 'NONE');
#6596 =( NAMED_UNIT ( * ) PLANE_ANGLE_UNIT ( ) SI_UNIT ( $, .RADIAN. ) );
#6597 = CARTESIAN_POINT ( 'NONE',  ( -2.079999999999998295, 1.500000000000000000, -0.6250000000000004441 ) ) ;
#6598 = FILL_AREA_STYLE_COLOUR ( '', #7542 ) ;
#6599 = CARTESIAN_POINT ( 'NONE',  ( -3.104999999999999094, 0.000000000000000000, -3.100000000000000089 ) ) ;
#6600 =( NAMED_UNIT ( * ) PLANE_ANGLE_UNIT ( ) SI_UNIT ( $, .RADIAN. ) );
#6601 = CARTESIAN_POINT ( 'NONE',  ( 2.079999999999999183, 1.399999999999999911, -0.6250000000000004441 ) ) ;
#6602 = ORIENTED_EDGE ( 'NONE', *, *, #289, .F. ) ;
#6603 = SURFACE_STYLE_USAGE ( .BOTH. , #5210 ) ;
#6604 = DIRECTION ( 'NONE',  ( -1.000000000000000000, -0.000000000000000000, -0.000000000000000000 ) ) ;
#6605 = MECHANICAL_DESIGN_GEOMETRIC_PRESENTATION_REPRESENTATION (  '', ( #343 ), #8969 ) ;
#6606 = MECHANICAL_DESIGN_GEOMETRIC_PRESENTATION_REPRESENTATION (  '', ( #8226 ), #5310 ) ;
#6607 = VERTEX_POINT ( 'NONE', #5738 ) ;
#6608 =( LENGTH_UNIT ( ) NAMED_UNIT ( * ) SI_UNIT ( .MILLI., .METRE. ) );
#6609 = EDGE_CURVE ( 'NONE', #6202, #8261, #8376, .T. ) ;
#6610 =( NAMED_UNIT ( * ) PLANE_ANGLE_UNIT ( ) SI_UNIT ( $, .RADIAN. ) );
#6611 = EDGE_CURVE ( 'NONE', #6876, #7909, #5048, .T. ) ;
#6612 = VECTOR ( 'NONE', #371, 1000.000000000000000 ) ;
#6613 = PLANE ( 'NONE',  #1023 ) ;
#6614 = CIRCLE ( 'NONE', #2407, 0.1499999999999999667 ) ;
#6615 = CARTESIAN_POINT ( 'NONE',  ( -0.9100000000000002531, 1.500000000000000000, -2.000000000000000444 ) ) ;
#6616 = DIRECTION ( 'NONE',  ( 1.000000000000000000, 0.000000000000000000, 0.000000000000000000 ) ) ;
#6617 = ADVANCED_FACE ( 'NONE', ( #4169 ), #5678, .T. ) ;
#6618 = DIRECTION ( 'NONE',  ( 2.168404344971008868E-16, 0.000000000000000000, 1.000000000000000000 ) ) ;
#6619 = ORIENTED_EDGE ( 'NONE', *, *, #3822, .T. ) ;
#6620 =( LENGTH_UNIT ( ) NAMED_UNIT ( * ) SI_UNIT ( .MILLI., .METRE. ) );
#6621 =( GEOMETRIC_REPRESENTATION_CONTEXT ( 3 ) GLOBAL_UNCERTAINTY_ASSIGNED_CONTEXT ( ( #6183 ) ) GLOBAL_UNIT_ASSIGNED_CONTEXT ( ( #4608, #1879, #3329 ) ) REPRESENTATION_CONTEXT ( 'NONE', 'WORKASPACE' ) );
#6622 = VECTOR ( 'NONE', #607, 1000.000000000000000 ) ;
#6623 = ORIENTED_EDGE ( 'NONE', *, *, #2359, .T. ) ;
#6624 = VERTEX_POINT ( 'NONE', #869 ) ;
#6625 = SURFACE_SIDE_STYLE ('',( #7820 ) ) ;
#6626 = VECTOR ( 'NONE', #258, 1000.000000000000000 ) ;
#6627 = DIRECTION ( 'NONE',  ( -0.000000000000000000, 0.3604568066639957102, 0.9327759058474842657 ) ) ;
#6628 = DIRECTION ( 'NONE',  ( -0.000000000000000000, 0.3604568066639957102, 0.9327759058474842657 ) ) ;
#6629 = DIRECTION ( 'NONE',  ( -0.08715574274765836016, -0.9961946980917455452, 3.436161659330867058E-17 ) ) ;
#6630 = VECTOR ( 'NONE', #2547, 1000.000000000000114 ) ;
#6631 = CARTESIAN_POINT ( 'NONE',  ( 0.3600000000000009859, -0.2139543193336009841, -3.253973965717952943 ) ) ;
#6632 = DIRECTION ( 'NONE',  ( 0.000000000000000000, 1.000000000000000000, 0.000000000000000000 ) ) ;
#6633 =( NAMED_UNIT ( * ) PLANE_ANGLE_UNIT ( ) SI_UNIT ( $, .RADIAN. ) );
#6634 =( NAMED_UNIT ( * ) SI_UNIT ( $, .STERADIAN. ) SOLID_ANGLE_UNIT ( ) );
#6635 = PRESENTATION_STYLE_ASSIGNMENT (( #2461 ) ) ;
#6636 = EDGE_CURVE ( 'NONE', #8606, #4948, #8490, .T. ) ;
#6637 = VERTEX_POINT ( 'NONE', #7075 ) ;
#6638 =( NAMED_UNIT ( * ) SI_UNIT ( $, .STERADIAN. ) SOLID_ANGLE_UNIT ( ) );
#6639 = VERTEX_POINT ( 'NONE', #48 ) ;
#6640 = ORIENTED_EDGE ( 'NONE', *, *, #5406, .T. ) ;
#6641 = EDGE_CURVE ( 'NONE', #7163, #3144, #733, .T. ) ;
#6642 = LINE ( 'NONE', #3848, #993 ) ;
#6643 = DIRECTION ( 'NONE',  ( 0.000000000000000000, 0.000000000000000000, -1.000000000000000000 ) ) ;
#6644 = ADVANCED_FACE ( 'NONE', ( #6988 ), #3515, .F. ) ;
#6645 = CARTESIAN_POINT ( 'NONE',  ( -2.179999999999998828, -0.7040685209995984906, -3.443371010523358589 ) ) ;
#6646 = DIRECTION ( 'NONE',  ( -0.9961946980917455452, 0.08715574274765837404, 0.000000000000000000 ) ) ;
#6647 = CARTESIAN_POINT ( 'NONE',  ( -3.104999999999999094, 1.100000000000000089, -3.003762470121483119 ) ) ;
#6648 = DIRECTION ( 'NONE',  ( -1.000000000000000000, -0.000000000000000000, 3.942553354492739094E-16 ) ) ;
#6649 = VERTEX_POINT ( 'NONE', #2122 ) ;
#6650 = COLOUR_RGB ( '',0.6470588235294117974, 0.6196078431372549211, 0.5882352941176470784 ) ;
#6651 = PRESENTATION_LAYER_ASSIGNMENT (  '', '', ( #3455 ) ) ;
#6652 = FILL_AREA_STYLE_COLOUR ( '', #4990 ) ;
#6653 = VERTEX_POINT ( 'NONE', #2840 ) ;
#6654 = DIRECTION ( 'NONE',  ( 0.000000000000000000, -0.9961946980917455452, -0.08715574274765836016 ) ) ;
#6655 = LINE ( 'NONE', #3901, #6542 ) ;
#6656 = STYLED_ITEM ( 'NONE', ( #2412 ), #6425 ) ;
#6657 = AXIS2_PLACEMENT_3D ( 'NONE', #4612, #7314, #431 ) ;
#6658 = LINE ( 'NONE', #275, #8522 ) ;
#6659 = DIRECTION ( 'NONE',  ( 1.000000000000000000, 0.000000000000000000, 0.000000000000000000 ) ) ;
#6660 = STYLED_ITEM ( 'NONE', ( #7 ), #1298 ) ;
#6661 = CYLINDRICAL_SURFACE ( 'NONE', #6462, 0.1000000000000000472 ) ;
#6662 = ORIENTED_EDGE ( 'NONE', *, *, #8407, .F. ) ;
#6663 = VERTEX_POINT ( 'NONE', #8405 ) ;
#6664 = VERTEX_POINT ( 'NONE', #6398 ) ;
#6665 = PRESENTATION_STYLE_ASSIGNMENT (( #422 ) ) ;
#6666 = ORIENTED_EDGE ( 'NONE', *, *, #6378, .T. ) ;
#6667 = PRESENTATION_LAYER_ASSIGNMENT (  '', '', ( #4037 ) ) ;
#6668 = CARTESIAN_POINT ( 'NONE',  ( -1.638748866352591538, 1.399999999999999911, 1.262607324199603420 ) ) ;
#6669 = CARTESIAN_POINT ( 'NONE',  ( 1.630000000000001004, -0.6500000000000000222, -4.049999999999999822 ) ) ;
#6670 = FACE_OUTER_BOUND ( 'NONE', #5484, .T. ) ;
#6671 = PLANE ( 'NONE',  #6331 ) ;
#6672 = EDGE_CURVE ( 'NONE', #2670, #6086, #6946, .T. ) ;
#6673 = CARTESIAN_POINT ( 'NONE',  ( 0.9100000000000010303, -0.7040685209995984906, 3.443371010523358589 ) ) ;
#6674 = UNCERTAINTY_MEASURE_WITH_UNIT (LENGTH_MEASURE( 1.000000000000000082E-05 ), #3348, 'distance_accuracy_value', 'NONE');
#6675 = SURFACE_STYLE_USAGE ( .BOTH. , #3042 ) ;
#6676 =( LENGTH_UNIT ( ) NAMED_UNIT ( * ) SI_UNIT ( .MILLI., .METRE. ) );
#6677 = VERTEX_POINT ( 'NONE', #824 ) ;
#6678 = DIRECTION ( 'NONE',  ( -1.000000000000000000, -0.000000000000000000, -0.000000000000000000 ) ) ;
#6679 = DIRECTION ( 'NONE',  ( 1.000000000000000000, 0.000000000000000000, 0.000000000000000000 ) ) ;
#6680 =( NAMED_UNIT ( * ) SI_UNIT ( $, .STERADIAN. ) SOLID_ANGLE_UNIT ( ) );
#6681 = DIRECTION ( 'NONE',  ( -1.000000000000000000, -0.000000000000000000, -0.000000000000000000 ) ) ;
#6682 = DIRECTION ( 'NONE',  ( 0.08682659386424779191, -0.9924325091389669673, -0.08682659386424777803 ) ) ;
#6683 = CARTESIAN_POINT ( 'NONE',  ( 0.9100000000000010303, -0.5860456806663989493, 3.558573239897463658 ) ) ;
#6684 = ORIENTED_EDGE ( 'NONE', *, *, #347, .T. ) ;
#6685 = CARTESIAN_POINT ( 'NONE',  ( -0.9099999999999991429, -0.2500000000000000000, -3.160696375133204672 ) ) ;
#6686 = LINE ( 'NONE', #5355, #4090 ) ;
#6687 = ORIENTED_EDGE ( 'NONE', *, *, #4109, .F. ) ;
#6688 = LINE ( 'NONE', #1884, #1357 ) ;
#6689 = PRESENTATION_LAYER_ASSIGNMENT (  '', '', ( #1761 ) ) ;
#6690 = SURFACE_SIDE_STYLE ('',( #8815 ) ) ;
#6691 = EDGE_CURVE ( 'NONE', #8809, #3931, #2161, .T. ) ;
#6692 = FACE_OUTER_BOUND ( 'NONE', #3705, .T. ) ;
#6693 = CARTESIAN_POINT ( 'NONE',  ( 0.3600000000000009859, -0.7040685209995984906, 3.443371010523358589 ) ) ;
#6694 = COLOUR_RGB ( '',1.000000000000000000, 0.9372549019607843146, 0.1372549019607843257 ) ;
#6695 = CARTESIAN_POINT ( 'NONE',  ( -1.629999999999998561, -0.2500000000000000000, 3.160696375133204672 ) ) ;
#6696 = CARTESIAN_POINT ( 'NONE',  ( 0.000000000000000000, 1.500000000000000000, 0.000000000000000000 ) ) ;
#6697 = ORIENTED_EDGE ( 'NONE', *, *, #5768, .F. ) ;
#6698 = FILL_AREA_STYLE_COLOUR ( '', #5275 ) ;
#6699 = ORIENTED_EDGE ( 'NONE', *, *, #3913, .F. ) ;
#6700 = ORIENTED_EDGE ( 'NONE', *, *, #8741, .F. ) ;
#6701 = CARTESIAN_POINT ( 'NONE',  ( -0.3599999999999990985, -0.6500000000000000222, -3.651850830482212373 ) ) ;
#6702 = ORIENTED_EDGE ( 'NONE', *, *, #575, .F. ) ;
#6703 =( GEOMETRIC_REPRESENTATION_CONTEXT ( 3 ) GLOBAL_UNCERTAINTY_ASSIGNED_CONTEXT ( ( #4812 ) ) GLOBAL_UNIT_ASSIGNED_CONTEXT ( ( #4637, #5551, #6638 ) ) REPRESENTATION_CONTEXT ( 'NONE', 'WORKASPACE' ) );
#6704 = STYLED_ITEM ( 'NONE', ( #3513 ), #319 ) ;
#6705 =( LENGTH_UNIT ( ) NAMED_UNIT ( * ) SI_UNIT ( .MILLI., .METRE. ) );
#6706 = CARTESIAN_POINT ( 'NONE',  ( -3.104999999999999094, -0.1499999999999999944, -3.100000000000000089 ) ) ;
#6707 = CYLINDRICAL_SURFACE ( 'NONE', #7172, 0.1499999999999999667 ) ;
#6708 = PRESENTATION_LAYER_ASSIGNMENT (  '', '', ( #3519 ) ) ;
#6709 = PRESENTATION_LAYER_ASSIGNMENT (  '', '', ( #3657 ) ) ;
#6710 = LINE ( 'NONE', #8098, #2408 ) ;
#6711 = EDGE_CURVE ( 'NONE', #4552, #7335, #143, .T. ) ;
#6712 = EDGE_CURVE ( 'NONE', #5901, #8957, #2071, .T. ) ;
#6713 = ORIENTED_EDGE ( 'NONE', *, *, #3690, .T. ) ;
#6714 = FILL_AREA_STYLE_COLOUR ( '', #5221 ) ;
#6715 = AXIS2_PLACEMENT_3D ( 'NONE', #6169, #8966, #558 ) ;
#6716 = EDGE_LOOP ( 'NONE', ( #1341, #8775, #4351, #3127, #1641, #802 ) ) ;
#6717 = DIRECTION ( 'NONE',  ( -1.000000000000000000, -0.000000000000000000, -0.000000000000000000 ) ) ;
#6718 = CARTESIAN_POINT ( 'NONE',  ( -1.629999999999998561, -0.7999999999999999334, 4.049999999999999822 ) ) ;
#6719 = DIRECTION ( 'NONE',  ( 0.000000000000000000, 0.000000000000000000, 1.000000000000000000 ) ) ;
#6720 = EDGE_CURVE ( 'NONE', #8139, #6144, #3610, .T. ) ;
#6721 = ORIENTED_EDGE ( 'NONE', *, *, #1895, .T. ) ;
#6722 = CARTESIAN_POINT ( 'NONE',  ( 2.180000000000001048, -0.6500000000000000222, -4.150000000000000355 ) ) ;
#6723 = LINE ( 'NONE', #1027, #4293 ) ;
#6724 = CIRCLE ( 'NONE', #26, 0.1499999999999999667 ) ;
#6725 = ORIENTED_EDGE ( 'NONE', *, *, #4579, .F. ) ;
#6726 = ORIENTED_EDGE ( 'NONE', *, *, #7504, .T. ) ;
#6727 = CARTESIAN_POINT ( 'NONE',  ( 0.8100000000000008304, -0.7999999999999999334, 4.150000000000000355 ) ) ;
#6728 = LINE ( 'NONE', #6786, #8223 ) ;
#6729 = VECTOR ( 'NONE', #2597, 1000.000000000000000 ) ;
#6730 = CARTESIAN_POINT ( 'NONE',  ( 3.105000000000000870, 0.000000000000000000, -3.100000000000000089 ) ) ;
#6731 = SURFACE_SIDE_STYLE ('',( #6020 ) ) ;
#6732 = STYLED_ITEM ( 'NONE', ( #5440 ), #6901 ) ;
#6733 = DIRECTION ( 'NONE',  ( -1.000000000000000000, 0.000000000000000000, 0.000000000000000000 ) ) ;
#6734 = LINE ( 'NONE', #4664, #4851 ) ;
#6735 = ORIENTED_EDGE ( 'NONE', *, *, #1485, .T. ) ;
#6736 = DIRECTION ( 'NONE',  ( -0.000000000000000000, -0.000000000000000000, 1.000000000000000000 ) ) ;
#6737 = ORIENTED_EDGE ( 'NONE', *, *, #983, .T. ) ;
#6738 = FACE_OUTER_BOUND ( 'NONE', #7521, .T. ) ;
#6739 = COLOUR_RGB ( '',0.2980392156862745057, 0.2980392156862745057, 0.2980392156862745057 ) ;
#6740 = AXIS2_PLACEMENT_3D ( 'NONE', #5398, #4804, #3465 ) ;
#6742 = FILL_AREA_STYLE ('',( #4670 ) ) ;
#6741 = AXIS2_PLACEMENT_3D ( 'NONE', #7088, #5557, #6241 ) ;
#6743 = DIRECTION ( 'NONE',  ( -1.000000000000000000, -0.000000000000000000, 3.942553354492739094E-16 ) ) ;
#6744 = DIRECTION ( 'NONE',  ( 1.000000000000000000, 0.000000000000000000, 0.000000000000000000 ) ) ;
#6745 = CARTESIAN_POINT ( 'NONE',  ( -1.629999999999998561, -0.7999999999999999334, 3.583287396400482105 ) ) ;
#6746 = VECTOR ( 'NONE', #5801, 1000.000000000000114 ) ;
#6747 = DIRECTION ( 'NONE',  ( -1.000000000000000000, -0.000000000000000000, -0.000000000000000000 ) ) ;
#6748 = MECHANICAL_DESIGN_GEOMETRIC_PRESENTATION_REPRESENTATION (  '', ( #2107 ), #59 ) ;
#6749 = VECTOR ( 'NONE', #965, 1000.000000000000000 ) ;
#6750 = ORIENTED_EDGE ( 'NONE', *, *, #7500, .F. ) ;
#6751 = LINE ( 'NONE', #6036, #8412 ) ;
#6752 = DIRECTION ( 'NONE',  ( -1.000000000000000000, 0.000000000000000000, 0.000000000000000000 ) ) ;
#6753 = CARTESIAN_POINT ( 'NONE',  ( -0.7099999999999992983, 1.399999999999999911, -2.463307335887063609E-16 ) ) ;
#6754 = PLANE ( 'NONE',  #3202 ) ;
#6755 = ADVANCED_FACE ( 'NONE', ( #6264 ), #5582, .T. ) ;
#6756 = ORIENTED_EDGE ( 'NONE', *, *, #3952, .F. ) ;
#6757 = CARTESIAN_POINT ( 'NONE',  ( -0.9100000000000002531, 1.399999999999999911, -1.991251133647408134 ) ) ;
#6758 = EDGE_CURVE ( 'NONE', #5074, #2768, #5214, .T. ) ;
#6759 = AXIS2_PLACEMENT_3D ( 'NONE', #8997, #1349, #8159 ) ;
#6760 = VECTOR ( 'NONE', #6001, 1000.000000000000000 ) ;
#6761 = UNCERTAINTY_MEASURE_WITH_UNIT (LENGTH_MEASURE( 1.000000000000000082E-05 ), #8710, 'distance_accuracy_value', 'NONE');
#6762 = SURFACE_STYLE_FILL_AREA ( #4771 ) ;
#6763 = SURFACE_SIDE_STYLE ('',( #5410 ) ) ;
#6764 = EDGE_CURVE ( 'NONE', #2030, #1450, #8031, .T. ) ;
#6765 =( NAMED_UNIT ( * ) PLANE_ANGLE_UNIT ( ) SI_UNIT ( $, .RADIAN. ) );
#6766 =( NAMED_UNIT ( * ) PLANE_ANGLE_UNIT ( ) SI_UNIT ( $, .RADIAN. ) );
#6767 = ORIENTED_EDGE ( 'NONE', *, *, #7002, .F. ) ;
#6768 = LINE ( 'NONE', #8839, #8813 ) ;
#6769 = STYLED_ITEM ( 'NONE', ( #4884 ), #4033 ) ;
#6770 = ORIENTED_EDGE ( 'NONE', *, *, #3139, .F. ) ;
#6771 = UNCERTAINTY_MEASURE_WITH_UNIT (LENGTH_MEASURE( 1.000000000000000082E-05 ), #7206, 'distance_accuracy_value', 'NONE');
#6772 = ORIENTED_EDGE ( 'NONE', *, *, #3133, .T. ) ;
#6773 = DIRECTION ( 'NONE',  ( 1.000000000000000000, 0.000000000000000000, 0.000000000000000000 ) ) ;
#6774 =( NAMED_UNIT ( * ) SI_UNIT ( $, .STERADIAN. ) SOLID_ANGLE_UNIT ( ) );
#6775 = CARTESIAN_POINT ( 'NONE',  ( -0.5014213562373089905, 1.500000000000000000, 0.5835786437626900858 ) ) ;
#6776 = EDGE_CURVE ( 'NONE', #3784, #377, #3734, .T. ) ;
#6777 = ORIENTED_EDGE ( 'NONE', *, *, #2727, .T. ) ;
#6778 = LINE ( 'NONE', #8431, #1774 ) ;
#6779 = LINE ( 'NONE', #663, #7789 ) ;
#6780 = EDGE_CURVE ( 'NONE', #4867, #5694, #5902, .T. ) ;
#6781 = VECTOR ( 'NONE', #5972, 1000.000000000000000 ) ;
#6782 = ORIENTED_EDGE ( 'NONE', *, *, #6119, .F. ) ;
#6783 = CARTESIAN_POINT ( 'NONE',  ( 1.629999999999999449, 1.500000000000000000, 1.999999999999999556 ) ) ;
#6784 = EDGE_CURVE ( 'NONE', #1915, #8027, #314, .T. ) ;
#6785 = VECTOR ( 'NONE', #2040, 1000.000000000000000 ) ;
#6786 = CARTESIAN_POINT ( 'NONE',  ( 2.413356301799759684, -0.7999999999999999334, 3.816643698200238521 ) ) ;
#6787 = FACE_BOUND ( 'NONE', #5512, .T. ) ;
#6788 = ORIENTED_EDGE ( 'NONE', *, *, #4774, .T. ) ;
#6789 = CARTESIAN_POINT ( 'NONE',  ( -1.729999999999998872, 1.100000000000000089, -0.6250000000000004441 ) ) ;
#6790 = ORIENTED_EDGE ( 'NONE', *, *, #336, .T. ) ;
#6791 = SURFACE_STYLE_USAGE ( .BOTH. , #3942 ) ;
#6792 = CIRCLE ( 'NONE', #1548, 0.09999999999999982514 ) ;
#6793 = SURFACE_SIDE_STYLE ('',( #3994 ) ) ;
#6794 = ORIENTED_EDGE ( 'NONE', *, *, #8660, .T. ) ;
#6795 =( GEOMETRIC_REPRESENTATION_CONTEXT ( 3 ) GLOBAL_UNCERTAINTY_ASSIGNED_CONTEXT ( ( #2582 ) ) GLOBAL_UNIT_ASSIGNED_CONTEXT ( ( #6465, #4415, #8574 ) ) REPRESENTATION_CONTEXT ( 'NONE', 'WORKASPACE' ) );
#6796 = DIRECTION ( 'NONE',  ( -1.000000000000000000, -0.000000000000000000, -0.000000000000000000 ) ) ;
#6797 =( NAMED_UNIT ( * ) SI_UNIT ( $, .STERADIAN. ) SOLID_ANGLE_UNIT ( ) );
#6798 = FACE_OUTER_BOUND ( 'NONE', #6015, .T. ) ;
#6799 = CARTESIAN_POINT ( 'NONE',  ( 1.705925415241104970, -0.6500000000000000222, 4.125925415241104233 ) ) ;
#6800 = FACE_OUTER_BOUND ( 'NONE', #8020, .T. ) ;
#6801 = ORIENTED_EDGE ( 'NONE', *, *, #6691, .F. ) ;
#6802 = CARTESIAN_POINT ( 'NONE',  ( 3.008762470121484345, 1.100000000000000311, -3.003762470121483563 ) ) ;
#6803 = CARTESIAN_POINT ( 'NONE',  ( 0.9100000000000010303, -0.6500000000000000222, -3.583287396400481217 ) ) ;
#6804 = UNCERTAINTY_MEASURE_WITH_UNIT (LENGTH_MEASURE( 1.000000000000000082E-05 ), #3851, 'distance_accuracy_value', 'NONE');
#6805 = DIRECTION ( 'NONE',  ( 2.168404344971008868E-16, 0.000000000000000000, 1.000000000000000000 ) ) ;
#6806 = DIRECTION ( 'NONE',  ( 0.000000000000000000, 1.000000000000000000, 0.000000000000000000 ) ) ;
#6807 = VERTEX_POINT ( 'NONE', #3058 ) ;
#6808 = EDGE_LOOP ( 'NONE', ( #734, #3802, #4631, #4208 ) ) ;
#6809 = CARTESIAN_POINT ( 'NONE',  ( 1.729999999999999760, 1.399999999999999911, -0.6250000000000004441 ) ) ;
#6810 = VECTOR ( 'NONE', #3714, 1000.000000000000000 ) ;
#6811 = PLANE ( 'NONE',  #3378 ) ;
#6812 = ORIENTED_EDGE ( 'NONE', *, *, #2454, .T. ) ;
#6813 = DIRECTION ( 'NONE',  ( -1.000000000000000000, -0.000000000000000000, -0.000000000000000000 ) ) ;
#6814 = EDGE_CURVE ( 'NONE', #5426, #7682, #3100, .T. ) ;
#6815 = COLOUR_RGB ( '',0.6470588235294117974, 0.6196078431372549211, 0.5882352941176470784 ) ;
#6816 = DIRECTION ( 'NONE',  ( -0.000000000000000000, 1.000000000000000000, 0.000000000000000000 ) ) ;
#6817 = CARTESIAN_POINT ( 'NONE',  ( 0.3687488663525916310, 1.399999999999999911, -2.000000000000000444 ) ) ;
#6818 = STYLED_ITEM ( 'NONE', ( #1480 ), #6528 ) ;
#6819 = LINE ( 'NONE', #4012, #7647 ) ;
#6820 = ORIENTED_EDGE ( 'NONE', *, *, #6636, .T. ) ;
#6821 = DIRECTION ( 'NONE',  ( -1.000000000000000000, -0.000000000000000000, -0.000000000000000000 ) ) ;
#6822 = CARTESIAN_POINT ( 'NONE',  ( -0.8798445703917312510, 1.155321862365258134, 1.969844570391731775 ) ) ;
#6823 = EDGE_CURVE ( 'NONE', #3031, #3867, #953, .T. ) ;
#6824 = CIRCLE ( 'NONE', #5230, 0.09999999999999982514 ) ;
#6825 = DIRECTION ( 'NONE',  ( 0.000000000000000000, 0.000000000000000000, 1.000000000000000000 ) ) ;
#6826 = ADVANCED_FACE ( 'NONE', ( #1785, #8673 ), #2431, .T. ) ;
#6827 = ORIENTED_EDGE ( 'NONE', *, *, #1198, .T. ) ;
#6828 = SURFACE_STYLE_USAGE ( .BOTH. , #6102 ) ;
#6829 = SURFACE_STYLE_FILL_AREA ( #1265 ) ;
#6830 = UNCERTAINTY_MEASURE_WITH_UNIT (LENGTH_MEASURE( 1.000000000000000082E-05 ), #3479, 'distance_accuracy_value', 'NONE');
#6831 = CARTESIAN_POINT ( 'NONE',  ( 1.664995465410368913, 1.100000000000000089, 1.262607324199603642 ) ) ;
#6832 = PRESENTATION_STYLE_ASSIGNMENT (( #1953 ) ) ;
#6833 = ORIENTED_EDGE ( 'NONE', *, *, #4616, .T. ) ;
#6834 = DIRECTION ( 'NONE',  ( 1.000000000000000000, 0.000000000000000000, 0.000000000000000000 ) ) ;
#6835 = CARTESIAN_POINT ( 'NONE',  ( -2.079999999999998739, 1.399999999999999911, 0.6249999999999995559 ) ) ;
#6836 = VERTEX_POINT ( 'NONE', #907 ) ;
#6837 = SURFACE_STYLE_FILL_AREA ( #5286 ) ;
#6838 = DIRECTION ( 'NONE',  ( -0.000000000000000000, -0.000000000000000000, 1.000000000000000000 ) ) ;
#6839 = CARTESIAN_POINT ( 'NONE',  ( 1.629999999999998783, 1.500000000000000000, -1.262607324199603642 ) ) ;
#6840 =( NAMED_UNIT ( * ) SI_UNIT ( $, .STERADIAN. ) SOLID_ANGLE_UNIT ( ) );
#6841 = ORIENTED_EDGE ( 'NONE', *, *, #1000, .F. ) ;
#6842 = DIRECTION ( 'NONE',  ( 0.000000000000000000, 0.000000000000000000, -1.000000000000000000 ) ) ;
#6843 = ORIENTED_EDGE ( 'NONE', *, *, #6344, .T. ) ;
#6844 = PLANE ( 'NONE',  #4858 ) ;
#6845 = PRESENTATION_STYLE_ASSIGNMENT (( #4752 ) ) ;
#6846 = EDGE_LOOP ( 'NONE', ( #4800, #8702, #7852, #8632 ) ) ;
#6847 = STYLED_ITEM ( 'NONE', ( #5008 ), #3 ) ;
#6848 = LINE ( 'NONE', #8267, #7156 ) ;
#6849 = CARTESIAN_POINT ( 'NONE',  ( 0.9100000000000010303, -0.1499999999999999944, -3.100000000000000089 ) ) ;
#6850 =( LENGTH_UNIT ( ) NAMED_UNIT ( * ) SI_UNIT ( .MILLI., .METRE. ) );
#6851 = ORIENTED_EDGE ( 'NONE', *, *, #2227, .F. ) ;
#6852 = FACE_OUTER_BOUND ( 'NONE', #615, .T. ) ;
#6853 =( LENGTH_UNIT ( ) NAMED_UNIT ( * ) SI_UNIT ( .MILLI., .METRE. ) );
#6854 = EDGE_CURVE ( 'NONE', #5367, #5074, #3692, .T. ) ;
#6855 = EDGE_LOOP ( 'NONE', ( #7862, #5795, #5556, #6161 ) ) ;
#6856 = AXIS2_PLACEMENT_3D ( 'NONE', #1484, #1531, #127 ) ;
#6857 = ORIENTED_EDGE ( 'NONE', *, *, #2170, .T. ) ;
#6858 = DIRECTION ( 'NONE',  ( 1.000000000000000000, 0.000000000000000000, -0.000000000000000000 ) ) ;
#6859 = CARTESIAN_POINT ( 'NONE',  ( -2.079999999999998295, 1.100000000000000089, -0.6250000000000004441 ) ) ;
#6860 = DIRECTION ( 'NONE',  ( 0.000000000000000000, 0.000000000000000000, -1.000000000000000000 ) ) ;
#6861 =( GEOMETRIC_REPRESENTATION_CONTEXT ( 3 ) GLOBAL_UNCERTAINTY_ASSIGNED_CONTEXT ( ( #1988 ) ) GLOBAL_UNIT_ASSIGNED_CONTEXT ( ( #7787, #1610, #4966 ) ) REPRESENTATION_CONTEXT ( 'NONE', 'WORKASPACE' ) );
#6862 = SURFACE_STYLE_USAGE ( .BOTH. , #1899 ) ;
#6863 = CARTESIAN_POINT ( 'NONE',  ( 2.180000000000001048, -0.2500000000000000000, -4.049999999999999822 ) ) ;
#6864 = EDGE_LOOP ( 'NONE', ( #1302, #6827, #6038, #2638 ) ) ;
#6865 = ORIENTED_EDGE ( 'NONE', *, *, #5754, .T. ) ;
#6866 = ORIENTED_EDGE ( 'NONE', *, *, #6271, .T. ) ;
#6867 = CARTESIAN_POINT ( 'NONE',  ( 0.3600000000000009859, -0.09593147900040142895, -3.369176195092057569 ) ) ;
#6868 = VECTOR ( 'NONE', #4786, 1000.000000000000000 ) ;
#6869 = VECTOR ( 'NONE', #6520, 1000.000000000000000 ) ;
#6870 = DIRECTION ( 'NONE',  ( 0.000000000000000000, 1.000000000000000000, 0.000000000000000000 ) ) ;
#6871 = DIRECTION ( 'NONE',  ( -1.000000000000000000, -0.000000000000000000, -0.000000000000000000 ) ) ;
#6872 = ORIENTED_EDGE ( 'NONE', *, *, #5291, .F. ) ;
#6873 = CARTESIAN_POINT ( 'NONE',  ( -3.104999999999999094, -0.1499999999999999944, -3.100000000000000089 ) ) ;
#6874 = CARTESIAN_POINT ( 'NONE',  ( 0.3600000000000009859, -0.6499999999999998002, -3.651850830482212373 ) ) ;
#6875 = ADVANCED_FACE ( 'NONE', ( #3016 ), #8580, .F. ) ;
#6876 = VERTEX_POINT ( 'NONE', #1182 ) ;
#6877 = FILL_AREA_STYLE_COLOUR ( '', #4483 ) ;
#6878 =( BOUNDED_CURVE ( )  B_SPLINE_CURVE ( 3, ( #5779, #3165, #1605, #4494 ),
 .UNSPECIFIED., .F., .T. ) 
 B_SPLINE_CURVE_WITH_KNOTS ( ( 4, 4 ),
 ( 3.141592653589793116, 4.712388980384689674 ),
 .UNSPECIFIED. ) 
 CURVE ( )  GEOMETRIC_REPRESENTATION_ITEM ( )  RATIONAL_B_SPLINE_CURVE ( ( 1.000000000000000000, 0.8047378541243649375, 0.8047378541243649375, 1.000000000000000000 ) ) 
 REPRESENTATION_ITEM ( '' )  );
#6879 = VECTOR ( 'NONE', #2845, 1000.000000000000000 ) ;
#6880 = SURFACE_STYLE_FILL_AREA ( #8163 ) ;
#6881 = SURFACE_STYLE_FILL_AREA ( #4922 ) ;
#6882 = CARTESIAN_POINT ( 'NONE',  ( 0.9100000000000010303, -0.7999999999999999334, 3.583287396400482105 ) ) ;
#6883 = VECTOR ( 'NONE', #7675, 1000.000000000000000 ) ;
#6884 = ORIENTED_EDGE ( 'NONE', *, *, #5969, .T. ) ;
#6885 = VECTOR ( 'NONE', #1458, 1000.000000000000000 ) ;
#6886 = ORIENTED_EDGE ( 'NONE', *, *, #1380, .T. ) ;
#6887 = SURFACE_STYLE_USAGE ( .BOTH. , #4751 ) ;
#6888 = FILL_AREA_STYLE_COLOUR ( '', #394 ) ;
#6889 = STYLED_ITEM ( 'NONE', ( #6635 ), #2446 ) ;
#6890 = STYLED_ITEM ( 'NONE', ( #5032 ), #6755 ) ;
#6891 = CARTESIAN_POINT ( 'NONE',  ( -3.104999999999999094, 0.000000000000000000, 3.100000000000000089 ) ) ;
#6892 = LINE ( 'NONE', #633, #7222 ) ;
#6893 = SURFACE_SIDE_STYLE ('',( #2751 ) ) ;
#6894 = PRESENTATION_STYLE_ASSIGNMENT (( #8911 ) ) ;
#6895 = CARTESIAN_POINT ( 'NONE',  ( 1.629999999999998561, 1.500000000000000000, -2.000000000000000444 ) ) ;
#6896 = EDGE_CURVE ( 'NONE', #5520, #5165, #4614, .T. ) ;
#6897 = CARTESIAN_POINT ( 'NONE',  ( -0.9099999999999991429, -0.7999999999999999334, -4.049999999999998934 ) ) ;
#6898 = STYLED_ITEM ( 'NONE', ( #4092 ), #2601 ) ;
#6899 = ORIENTED_EDGE ( 'NONE', *, *, #8445, .F. ) ;
#6900 = COLOUR_RGB ( '',0.2980392156862745057, 0.2980392156862745057, 0.2980392156862745057 ) ;
#6901 = ADVANCED_FACE ( 'NONE', ( #6738 ), #6844, .T. ) ;
#6902 = VERTEX_POINT ( 'NONE', #3373 ) ;
#6903 = VERTEX_POINT ( 'NONE', #8125 ) ;
#6904 = CARTESIAN_POINT ( 'NONE',  ( -1.629999999999998561, -0.1499999999999999667, -3.229259809214934940 ) ) ;
#6905 = PRESENTATION_STYLE_ASSIGNMENT (( #6229 ) ) ;
#6906 = PLANE ( 'NONE',  #8563 ) ;
#6907 =( GEOMETRIC_REPRESENTATION_CONTEXT ( 3 ) GLOBAL_UNCERTAINTY_ASSIGNED_CONTEXT ( ( #3914 ) ) GLOBAL_UNIT_ASSIGNED_CONTEXT ( ( #6347, #7109, #3680 ) ) REPRESENTATION_CONTEXT ( 'NONE', 'WORKASPACE' ) );
#6908 = DIRECTION ( 'NONE',  ( 3.469446951953614189E-16, -0.000000000000000000, -1.000000000000000000 ) ) ;
#6909 =( GEOMETRIC_REPRESENTATION_CONTEXT ( 3 ) GLOBAL_UNCERTAINTY_ASSIGNED_CONTEXT ( ( #7887 ) ) GLOBAL_UNIT_ASSIGNED_CONTEXT ( ( #5041, #5552, #4258 ) ) REPRESENTATION_CONTEXT ( 'NONE', 'WORKASPACE' ) );
#6910 = VECTOR ( 'NONE', #6743, 1000.000000000000000 ) ;
#6911 = EDGE_CURVE ( 'NONE', #7727, #2326, #2518, .T. ) ;
#6912 = AXIS2_PLACEMENT_3D ( 'NONE', #4712, #8007, #1937 ) ;
#6913 = SURFACE_STYLE_USAGE ( .BOTH. , #4113 ) ;
#6914 = COLOUR_RGB ( '',0.6470588235294117974, 0.6196078431372549211, 0.5882352941176470784 ) ;
#6915 = VECTOR ( 'NONE', #2303, 1000.000000000000000 ) ;
#6916 = VECTOR ( 'NONE', #4974, 1000.000000000000114 ) ;
#6917 = ORIENTED_EDGE ( 'NONE', *, *, #8347, .T. ) ;
#6918 = UNCERTAINTY_MEASURE_WITH_UNIT (LENGTH_MEASURE( 1.000000000000000082E-05 ), #3466, 'distance_accuracy_value', 'NONE');
#6919 = CARTESIAN_POINT ( 'NONE',  ( 0.9100000000000010303, -0.6500000000000000222, 4.049999999999999822 ) ) ;
#6920 = ORIENTED_EDGE ( 'NONE', *, *, #3618, .F. ) ;
#6921 = DIRECTION ( 'NONE',  ( -1.000000000000000000, -0.000000000000000000, -0.000000000000000000 ) ) ;
#6922 = ORIENTED_EDGE ( 'NONE', *, *, #2042, .F. ) ;
#6923 = STYLED_ITEM ( 'NONE', ( #7381 ), #3805 ) ;
#6924 =( LENGTH_UNIT ( ) NAMED_UNIT ( * ) SI_UNIT ( .MILLI., .METRE. ) );
#6925 = DIRECTION ( 'NONE',  ( 0.000000000000000000, -1.000000000000000000, 0.000000000000000000 ) ) ;
#6926 = EDGE_CURVE ( 'NONE', #3936, #7958, #2612, .T. ) ;
#6927 = COLOUR_RGB ( '',0.6470588235294117974, 0.6196078431372549211, 0.5882352941176470784 ) ;
#6928 =( LENGTH_UNIT ( ) NAMED_UNIT ( * ) SI_UNIT ( .MILLI., .METRE. ) );
#6929 = ORIENTED_EDGE ( 'NONE', *, *, #4777, .F. ) ;
#6930 = ORIENTED_EDGE ( 'NONE', *, *, #5688, .T. ) ;
#6931 = EDGE_CURVE ( 'NONE', #1846, #8119, #6688, .T. ) ;
#6932 = ADVANCED_FACE ( 'NONE', ( #2022 ), #4801, .T. ) ;
#6933 = VECTOR ( 'NONE', #1525, 1000.000000000000000 ) ;
#6934 = EDGE_CURVE ( 'NONE', #3015, #1391, #4188, .T. ) ;
#6935 = CARTESIAN_POINT ( 'NONE',  ( -0.9099999999999991429, -0.1499999999999999667, -3.229259809214934940 ) ) ;
#6936 = CARTESIAN_POINT ( 'NONE',  ( -1.629999999999998561, -0.6499999999999998002, 3.651850830482212373 ) ) ;
#6937 =( NAMED_UNIT ( * ) PLANE_ANGLE_UNIT ( ) SI_UNIT ( $, .RADIAN. ) );
#6938 = AXIS2_PLACEMENT_3D ( 'NONE', #5709, #4936, #7716 ) ;
#6939 = SURFACE_SIDE_STYLE ('',( #1367 ) ) ;
#6940 = ORIENTED_EDGE ( 'NONE', *, *, #6374, .F. ) ;
#6941 = PLANE ( 'NONE',  #8346 ) ;
#6942 = AXIS2_PLACEMENT_3D ( 'NONE', #2765, #4256, #8370 ) ;
#6943 = DIRECTION ( 'NONE',  ( 0.000000000000000000, 0.000000000000000000, -1.000000000000000000 ) ) ;
#6944 = DIRECTION ( 'NONE',  ( -1.000000000000000000, -0.000000000000000000, 3.942553354492739094E-16 ) ) ;
#6945 = ORIENTED_EDGE ( 'NONE', *, *, #7439, .T. ) ;
#6946 = LINE ( 'NONE', #689, #5294 ) ;
#6947 = ORIENTED_EDGE ( 'NONE', *, *, #1590, .F. ) ;
#6948 = ORIENTED_EDGE ( 'NONE', *, *, #6541, .F. ) ;
#6949 = LINE ( 'NONE', #7644, #3597 ) ;
#6950 = DIRECTION ( 'NONE',  ( -0.000000000000000000, 1.000000000000000000, -0.000000000000000000 ) ) ;
#6951 =( NAMED_UNIT ( * ) SI_UNIT ( $, .STERADIAN. ) SOLID_ANGLE_UNIT ( ) );
#6952 = CIRCLE ( 'NONE', #3445, 0.09999999999999982514 ) ;
#6953 = DIRECTION ( 'NONE',  ( -1.000000000000000000, -0.000000000000000000, -0.000000000000000000 ) ) ;
#6954 = LINE ( 'NONE', #6403, #8545 ) ;
#6955 = PLANE ( 'NONE',  #2966 ) ;
#6956 = STYLED_ITEM ( 'NONE', ( #3667 ), #6335 ) ;
#6957 = VECTOR ( 'NONE', #5765, 1000.000000000000000 ) ;
#6958 = ORIENTED_EDGE ( 'NONE', *, *, #3525, .F. ) ;
#6959 = SURFACE_SIDE_STYLE ('',( #2987 ) ) ;
#6960 = ORIENTED_EDGE ( 'NONE', *, *, #1797, .F. ) ;
#6961 = STYLED_ITEM ( 'NONE', ( #3356 ), #5481 ) ;
#6962 =( LENGTH_UNIT ( ) NAMED_UNIT ( * ) SI_UNIT ( .MILLI., .METRE. ) );
#6963 = DIRECTION ( 'NONE',  ( -1.000000000000000000, -0.000000000000000000, -0.000000000000000000 ) ) ;
#6964 = CARTESIAN_POINT ( 'NONE',  ( -2.179999999999998828, -0.1499999999999999944, -3.100000000000000089 ) ) ;
#6965 = DIRECTION ( 'NONE',  ( 0.000000000000000000, 1.000000000000000000, 0.000000000000000000 ) ) ;
#6966 =( NAMED_UNIT ( * ) PLANE_ANGLE_UNIT ( ) SI_UNIT ( $, .RADIAN. ) );
#6967 = ORIENTED_EDGE ( 'NONE', *, *, #5611, .T. ) ;
#6968 = DIRECTION ( 'NONE',  ( -0.08682659386424780579, 0.9924325091389669673, -0.08682659386424779191 ) ) ;
#6969 = EDGE_CURVE ( 'NONE', #5028, #1450, #1539, .T. ) ;
#6970 = ORIENTED_EDGE ( 'NONE', *, *, #2936, .T. ) ;
#6971 = CIRCLE ( 'NONE', #8881, 0.09999999999999982514 ) ;
#6972 = CYLINDRICAL_SURFACE ( 'NONE', #1993, 0.09999999999999999167 ) ;
#6973 = PLANE ( 'NONE',  #3421 ) ;
#6974 = EDGE_LOOP ( 'NONE', ( #5540, #5469, #439, #2324 ) ) ;
#6975 = ORIENTED_EDGE ( 'NONE', *, *, #2884, .F. ) ;
#6976 = CARTESIAN_POINT ( 'NONE',  ( 3.008762470121484345, 1.100000000000000089, -3.100000000000000089 ) ) ;
#6977 = FACE_OUTER_BOUND ( 'NONE', #7297, .T. ) ;
#6978 = DIRECTION ( 'NONE',  ( 0.000000000000000000, 0.000000000000000000, 1.000000000000000000 ) ) ;
#6979 = FACE_OUTER_BOUND ( 'NONE', #939, .T. ) ;
#6980 = DIRECTION ( 'NONE',  ( 1.000000000000000000, 0.000000000000000000, 0.000000000000000000 ) ) ;
#6981 = CARTESIAN_POINT ( 'NONE',  ( 2.080000000000001403, -0.6500000000000000222, -4.150000000000000355 ) ) ;
#6982 = ORIENTED_EDGE ( 'NONE', *, *, #4109, .T. ) ;
#6983 = CARTESIAN_POINT ( 'NONE',  ( -1.629999999999998561, -0.6500000000000000222, 3.651850830482212373 ) ) ;
#6984 = CARTESIAN_POINT ( 'NONE',  ( -0.3599999999999995981, 1.500000000000000000, 1.262607324199603642 ) ) ;
#6985 = UNCERTAINTY_MEASURE_WITH_UNIT (LENGTH_MEASURE( 1.000000000000000082E-05 ), #2381, 'distance_accuracy_value', 'NONE');
#6986 = CARTESIAN_POINT ( 'NONE',  ( -2.819622550835295005, -0.5500000000000001554, 2.814622550835295556 ) ) ;
#6987 = EDGE_LOOP ( 'NONE', ( #4599, #7128, #2490, #6590 ) ) ;
#6988 = FACE_OUTER_BOUND ( 'NONE', #7250, .T. ) ;
#6989 = ORIENTED_EDGE ( 'NONE', *, *, #8621, .F. ) ;
#6990 = ADVANCED_FACE ( 'NONE', ( #31 ), #8440, .F. ) ;
#6991 = ORIENTED_EDGE ( 'NONE', *, *, #6609, .T. ) ;
#6992 = LINE ( 'NONE', #6809, #5667 ) ;
#6993 = CARTESIAN_POINT ( 'NONE',  ( -2.819622550835294561, -0.5500000000000001554, -2.814622550835295556 ) ) ;
#6994 = SURFACE_STYLE_USAGE ( .BOTH. , #4207 ) ;
#6995 = CARTESIAN_POINT ( 'NONE',  ( -1.629999999999998561, -0.2500000000000000000, -3.160696375133204672 ) ) ;
#6997 = DIRECTION ( 'NONE',  ( 0.000000000000000000, 0.000000000000000000, 1.000000000000000000 ) ) ;
#6996 = LINE ( 'NONE', #6314, #535 ) ;
#6998 = CARTESIAN_POINT ( 'NONE',  ( 3.105000000000000870, -0.1499999999999999944, -3.100000000000000089 ) ) ;
#6999 = VERTEX_POINT ( 'NONE', #2748 ) ;
#7000 = DIRECTION ( 'NONE',  ( -0.08682659386424777803, 0.9924325091389669673, 0.08682659386424779191 ) ) ;
#7001 = FILL_AREA_STYLE ('',( #4309 ) ) ;
#7002 = EDGE_CURVE ( 'NONE', #3748, #3015, #1495, .T. ) ;
#7003 = ORIENTED_EDGE ( 'NONE', *, *, #5837, .T. ) ;
#7004 = DIRECTION ( 'NONE',  ( 0.000000000000000000, -0.000000000000000000, -1.000000000000000000 ) ) ;
#7005 = LINE ( 'NONE', #4959, #5802 ) ;
#7006 = FILL_AREA_STYLE ('',( #4960 ) ) ;
#7007 = SURFACE_SIDE_STYLE ('',( #709 ) ) ;
#7008 = LINE ( 'NONE', #757, #9033 ) ;
#7009 = ORIENTED_EDGE ( 'NONE', *, *, #742, .F. ) ;
#7010 = CARTESIAN_POINT ( 'NONE',  ( 2.973767004711114659, 1.500000000000000000, 2.968767004711113433 ) ) ;
#7011 = ADVANCED_FACE ( 'NONE', ( #7671, #626 ), #1400, .T. ) ;
#7012 = ADVANCED_FACE ( 'NONE', ( #5624 ), #4927, .F. ) ;
#7013 = AXIS2_PLACEMENT_3D ( 'NONE', #4710, #2660, #6659 ) ;
#7014 = AXIS2_PLACEMENT_3D ( 'NONE', #6986, #141, #5720 ) ;
#7015 = CARTESIAN_POINT ( 'NONE',  ( 2.955751016977361534, -0.1414158366685032975, -2.851131547168185953 ) ) ;
#7016 = UNCERTAINTY_MEASURE_WITH_UNIT (LENGTH_MEASURE( 1.000000000000000082E-05 ), #3709, 'distance_accuracy_value', 'NONE');
#7017 =( NAMED_UNIT ( * ) PLANE_ANGLE_UNIT ( ) SI_UNIT ( $, .RADIAN. ) );
#7018 = EDGE_LOOP ( 'NONE', ( #266, #8211, #1152, #8793 ) ) ;
#7019 = PRESENTATION_STYLE_ASSIGNMENT (( #1451 ) ) ;
#7020 = PRESENTATION_LAYER_ASSIGNMENT (  '', '', ( #1614 ) ) ;
#7021 = PLANE ( 'NONE',  #6938 ) ;
#7022 = DIRECTION ( 'NONE',  ( 0.000000000000000000, -1.000000000000000000, 0.000000000000000000 ) ) ;
#7023 = CARTESIAN_POINT ( 'NONE',  ( 2.819622550835296781, -0.5500000000000001554, 2.814622550835295556 ) ) ;
#7024 = ORIENTED_EDGE ( 'NONE', *, *, #8156, .F. ) ;
#7025 = PRESENTATION_STYLE_ASSIGNMENT (( #6303 ) ) ;
#7026 = LINE ( 'NONE', #4889, #8187 ) ;
#7027 = ORIENTED_EDGE ( 'NONE', *, *, #769, .T. ) ;
#7028 = ORIENTED_EDGE ( 'NONE', *, *, #4650, .T. ) ;
#7029 = CIRCLE ( 'NONE', #463, 0.1499999999999999667 ) ;
#7031 = FACE_OUTER_BOUND ( 'NONE', #4505, .T. ) ;
#7030 = MECHANICAL_DESIGN_GEOMETRIC_PRESENTATION_REPRESENTATION (  '', ( #6732 ), #1207 ) ;
#7032 =( NAMED_UNIT ( * ) PLANE_ANGLE_UNIT ( ) SI_UNIT ( $, .RADIAN. ) );
#7033 = VERTEX_POINT ( 'NONE', #3417 ) ;
#7034 = PLANE ( 'NONE',  #8369 ) ;
#7035 = EDGE_CURVE ( 'NONE', #2173, #6294, #6213, .T. ) ;
#7036 = PRESENTATION_LAYER_ASSIGNMENT (  '', '', ( #8208 ) ) ;
#7037 = MECHANICAL_DESIGN_GEOMETRIC_PRESENTATION_REPRESENTATION (  '', ( #180 ), #2947 ) ;
#7038 = EDGE_CURVE ( 'NONE', #8439, #4750, #2283, .T. ) ;
#7039 = ORIENTED_EDGE ( 'NONE', *, *, #174, .T. ) ;
#7040 = PRESENTATION_LAYER_ASSIGNMENT (  '', '', ( #4411 ) ) ;
#7041 = AXIS2_PLACEMENT_3D ( 'NONE', #2109, #7673, #3998 ) ;
#7042 = VECTOR ( 'NONE', #5865, 1000.000000000000000 ) ;
#7043 = ORIENTED_EDGE ( 'NONE', *, *, #5597, .F. ) ;
#7044 = EDGE_CURVE ( 'NONE', #5703, #1927, #8498, .T. ) ;
#7045 = DIRECTION ( 'NONE',  ( -1.000000000000000000, -0.000000000000000000, -0.000000000000000000 ) ) ;
#7046 = CIRCLE ( 'NONE', #6451, 0.1499999999999999667 ) ;
#7047 = FILL_AREA_STYLE_COLOUR ( '', #4568 ) ;
#7048 = AXIS2_PLACEMENT_3D ( 'NONE', #6696, #1892, #4677 ) ;
#7049 = FACE_OUTER_BOUND ( 'NONE', #2149, .T. ) ;
#7050 = ORIENTED_EDGE ( 'NONE', *, *, #8918, .F. ) ;
#7051 = AXIS2_PLACEMENT_3D ( 'NONE', #6730, #3219, #2559 ) ;
#7052 = CARTESIAN_POINT ( 'NONE',  ( -3.104999999999999094, 0.000000000000000000, 3.100000000000000089 ) ) ;
#7053 = AXIS2_PLACEMENT_3D ( 'NONE', #1156, #8984, #2723 ) ;
#7054 = VECTOR ( 'NONE', #5932, 1000.000000000000000 ) ;
#7055 = AXIS2_PLACEMENT_3D ( 'NONE', #2668, #7600, #3434 ) ;
#7056 = CARTESIAN_POINT ( 'NONE',  ( 2.180000000000001048, -0.5499999999999999334, 3.651850830482211929 ) ) ;
#7057 = EDGE_CURVE ( 'NONE', #3050, #1436, #2950, .T. ) ;
#7058 = DIRECTION ( 'NONE',  ( 0.000000000000000000, 1.000000000000000000, 4.336808689942017736E-15 ) ) ;
#7059 = CARTESIAN_POINT ( 'NONE',  ( -0.4599999999999994649, 1.100000000000000089, -0.6250000000000004441 ) ) ;
#7060 =( NAMED_UNIT ( * ) PLANE_ANGLE_UNIT ( ) SI_UNIT ( $, .RADIAN. ) );
#7061 = ORIENTED_EDGE ( 'NONE', *, *, #3957, .T. ) ;
#7062 = SURFACE_STYLE_USAGE ( .BOTH. , #4669 ) ;
#7063 = CARTESIAN_POINT ( 'NONE',  ( -0.8099999999999997202, -0.7999999999999999334, 4.150000000000000355 ) ) ;
#7064 = PRESENTATION_LAYER_ASSIGNMENT (  '', '', ( #7802 ) ) ;
#7065 = CARTESIAN_POINT ( 'NONE',  ( -0.9099999999999991429, -0.09593147900040135956, 3.369176195092057569 ) ) ;
#7066 = DIRECTION ( 'NONE',  ( 0.000000000000000000, -1.000000000000000000, 0.000000000000000000 ) ) ;
#7067 = PRESENTATION_STYLE_ASSIGNMENT (( #903 ) ) ;
#7068 = SURFACE_STYLE_USAGE ( .BOTH. , #1545 ) ;
#7069 = EDGE_LOOP ( 'NONE', ( #5125, #7836, #8888, #8617 ) ) ;
#7070 = FILL_AREA_STYLE_COLOUR ( '', #5436 ) ;
#7071 = ADVANCED_FACE ( 'NONE', ( #7140 ), #6551, .T. ) ;
#7072 = COLOUR_RGB ( '',0.6470588235294117974, 0.6196078431372549211, 0.5882352941176470784 ) ;
#7073 = CARTESIAN_POINT ( 'NONE',  ( -1.729999999999997984, -0.6500000000000000222, 4.150000000000000355 ) ) ;
#7074 = ADVANCED_FACE ( 'NONE', ( #1623 ), #5886, .F. ) ;
#7075 = CARTESIAN_POINT ( 'NONE',  ( 0.8750045345896303450, 1.100000000000000089, 1.262607324199603420 ) ) ;
#7076 = VECTOR ( 'NONE', #2856, 1000.000000000000000 ) ;
#7077 = ADVANCED_FACE ( 'NONE', ( #5794 ), #1580, .F. ) ;
#7078 = DIRECTION ( 'NONE',  ( -1.000000000000000000, -0.000000000000000000, 0.000000000000000000 ) ) ;
#7079 = CARTESIAN_POINT ( 'NONE',  ( 0.3949954654103689511, 1.100000000000000089, -1.262607324199603642 ) ) ;
#7080 = VECTOR ( 'NONE', #7757, 1000.000000000000000 ) ;
#7081 = SURFACE_STYLE_USAGE ( .BOTH. , #3649 ) ;
#7082 = VECTOR ( 'NONE', #2448, 1000.000000000000000 ) ;
#7083 = LINE ( 'NONE', #7861, #1934 ) ;
#7084 = ORIENTED_EDGE ( 'NONE', *, *, #6582, .F. ) ;
#7085 = FACE_OUTER_BOUND ( 'NONE', #4890, .T. ) ;
#7086 = ORIENTED_EDGE ( 'NONE', *, *, #4202, .T. ) ;
#7087 = FACE_OUTER_BOUND ( 'NONE', #516, .T. ) ;
#7088 = CARTESIAN_POINT ( 'NONE',  ( -0.3599999999999990985, -0.1499999999999999667, -3.229259809214934940 ) ) ;
#7089 =( GEOMETRIC_REPRESENTATION_CONTEXT ( 3 ) GLOBAL_UNCERTAINTY_ASSIGNED_CONTEXT ( ( #6771 ) ) GLOBAL_UNIT_ASSIGNED_CONTEXT ( ( #7206, #3778, #3148 ) ) REPRESENTATION_CONTEXT ( 'NONE', 'WORKASPACE' ) );
#7090 = AXIS2_PLACEMENT_3D ( 'NONE', #3341, #8912, #2664 ) ;
#7091 = CARTESIAN_POINT ( 'NONE',  ( -0.9099999999999991429, -0.1499999999999999944, 2.969702453438674006 ) ) ;
#7092 =( LENGTH_UNIT ( ) NAMED_UNIT ( * ) SI_UNIT ( .MILLI., .METRE. ) );
#7093 = EDGE_CURVE ( 'NONE', #8609, #5390, #475, .T. ) ;
#7094 = PLANE ( 'NONE',  #1168 ) ;
#7095 = EDGE_CURVE ( 'NONE', #5028, #1924, #6323, .T. ) ;
#7096 = MECHANICAL_DESIGN_GEOMETRIC_PRESENTATION_REPRESENTATION (  '', ( #694 ), #8864 ) ;
#7097 = CARTESIAN_POINT ( 'NONE',  ( -1.629999999999999005, 1.500000000000000000, 1.262607324199603642 ) ) ;
#7098 = UNCERTAINTY_MEASURE_WITH_UNIT (LENGTH_MEASURE( 1.000000000000000082E-05 ), #4084, 'distance_accuracy_value', 'NONE');
#7099 = DIRECTION ( 'NONE',  ( -1.000000000000000000, -0.000000000000000000, -0.000000000000000000 ) ) ;
#7100 = CARTESIAN_POINT ( 'NONE',  ( -1.629999999999998561, -0.6500000000000000222, -3.583287396400481217 ) ) ;
#7101 = VECTOR ( 'NONE', #283, 1000.000000000000000 ) ;
#7102 =( LENGTH_UNIT ( ) NAMED_UNIT ( * ) SI_UNIT ( .MILLI., .METRE. ) );
#7103 = VERTEX_POINT ( 'NONE', #3627 ) ;
#7104 =( GEOMETRIC_REPRESENTATION_CONTEXT ( 3 ) GLOBAL_UNCERTAINTY_ASSIGNED_CONTEXT ( ( #3207 ) ) GLOBAL_UNIT_ASSIGNED_CONTEXT ( ( #3124, #4453, #6546 ) ) REPRESENTATION_CONTEXT ( 'NONE', 'WORKASPACE' ) );
#7105 = EDGE_LOOP ( 'NONE', ( #597, #1586, #1263, #8814 ) ) ;
#7106 = DIRECTION ( 'NONE',  ( 0.000000000000000000, -0.08715574274765836016, -0.9961946980917455452 ) ) ;
#7107 =( NAMED_UNIT ( * ) PLANE_ANGLE_UNIT ( ) SI_UNIT ( $, .RADIAN. ) );
#7108 = CARTESIAN_POINT ( 'NONE',  ( -3.104999999999999094, 1.500000000000000000, -2.968767004711113433 ) ) ;
#7109 =( NAMED_UNIT ( * ) PLANE_ANGLE_UNIT ( ) SI_UNIT ( $, .RADIAN. ) );
#7110 = LINE ( 'NONE', #7804, #5354 ) ;
#7111 =( LENGTH_UNIT ( ) NAMED_UNIT ( * ) SI_UNIT ( .MILLI., .METRE. ) );
#7112 = DIRECTION ( 'NONE',  ( 0.000000000000000000, 0.000000000000000000, -1.000000000000000000 ) ) ;
#7113 = ORIENTED_EDGE ( 'NONE', *, *, #7309, .T. ) ;
#7114 = FILL_AREA_STYLE ('',( #7807 ) ) ;
#7115 = LINE ( 'NONE', #5579, #5133 ) ;
#7116 =( GEOMETRIC_REPRESENTATION_CONTEXT ( 3 ) GLOBAL_UNCERTAINTY_ASSIGNED_CONTEXT ( ( #6043 ) ) GLOBAL_UNIT_ASSIGNED_CONTEXT ( ( #5938, #7331, #5251 ) ) REPRESENTATION_CONTEXT ( 'NONE', 'WORKASPACE' ) );
#7117 = CARTESIAN_POINT ( 'NONE',  ( 1.979999999999999538, 1.500000000000000000, -0.5250000000000004663 ) ) ;
#7118 = VERTEX_POINT ( 'NONE', #1438 ) ;
#7119 = CARTESIAN_POINT ( 'NONE',  ( -2.179999999999998828, -0.7999999999999999334, -3.583287396400482105 ) ) ;
#7120 = EDGE_CURVE ( 'NONE', #5561, #6876, #3104, .T. ) ;
#7121 = DIRECTION ( 'NONE',  ( -0.000000000000000000, 1.000000000000000000, 0.000000000000000000 ) ) ;
#7122 = FILL_AREA_STYLE ('',( #1556 ) ) ;
#7123 = LINE ( 'NONE', #4954, #4165 ) ;
#7124 = EDGE_CURVE ( 'NONE', #8194, #3828, #2821, .T. ) ;
#7125 = DIRECTION ( 'NONE',  ( 0.08715574274765836016, 0.9961946980917455452, 0.000000000000000000 ) ) ;
#7126 = ORIENTED_EDGE ( 'NONE', *, *, #3391, .F. ) ;
#7127 = LINE ( 'NONE', #3484, #5223 ) ;
#7128 = ORIENTED_EDGE ( 'NONE', *, *, #4229, .F. ) ;
#7129 = FILL_AREA_STYLE ('',( #4313 ) ) ;
#7130 = CARTESIAN_POINT ( 'NONE',  ( -2.819622550835294561, -0.5500000000000001554, 2.814622550835295556 ) ) ;
#7131 = CARTESIAN_POINT ( 'NONE',  ( 2.145004534589629586, 1.100000000000000089, -4.651237152786669630E-16 ) ) ;
#7132 = FACE_OUTER_BOUND ( 'NONE', #273, .T. ) ;
#7133 = DIRECTION ( 'NONE',  ( -1.000000000000000000, -0.000000000000000000, -0.000000000000000000 ) ) ;
#7134 =( GEOMETRIC_REPRESENTATION_CONTEXT ( 3 ) GLOBAL_UNCERTAINTY_ASSIGNED_CONTEXT ( ( #685 ) ) GLOBAL_UNIT_ASSIGNED_CONTEXT ( ( #3447, #6966, #3976 ) ) REPRESENTATION_CONTEXT ( 'NONE', 'WORKASPACE' ) );
#7135 = FILL_AREA_STYLE ('',( #345 ) ) ;
#7136 = CARTESIAN_POINT ( 'NONE',  ( -0.8683563017997604216, -0.7999999999999999334, 4.091643698200238433 ) ) ;
#7137 = ADVANCED_FACE ( 'NONE', ( #7781 ), #844, .T. ) ;
#7138 = EDGE_LOOP ( 'NONE', ( #8736, #8196, #6350, #6619, #1211, #3468 ) ) ;
#7139 = ORIENTED_EDGE ( 'NONE', *, *, #742, .T. ) ;
#7140 = FACE_OUTER_BOUND ( 'NONE', #4799, .T. ) ;
#7141 = PRESENTATION_LAYER_ASSIGNMENT (  '', '', ( #2060 ) ) ;
#7142 = UNCERTAINTY_MEASURE_WITH_UNIT (LENGTH_MEASURE( 1.000000000000000082E-05 ), #1972, 'distance_accuracy_value', 'NONE');
#7143 = CARTESIAN_POINT ( 'NONE',  ( 0.3600000000000009859, -0.6500000000000000222, -3.651850830482212373 ) ) ;
#7144 = ADVANCED_FACE ( 'NONE', ( #5651 ), #5739, .F. ) ;
#7145 = ORIENTED_EDGE ( 'NONE', *, *, #5156, .T. ) ;
#7146 = FILL_AREA_STYLE_COLOUR ( '', #8967 ) ;
#7147 = SURFACE_SIDE_STYLE ('',( #1584 ) ) ;
#7148 = LINE ( 'NONE', #4466, #6416 ) ;
#7149 = PRESENTATION_STYLE_ASSIGNMENT (( #2331 ) ) ;
#7150 = COLOUR_RGB ( '',0.2980392156862745057, 0.2980392156862745057, 0.2980392156862745057 ) ;
#7151 = ORIENTED_EDGE ( 'NONE', *, *, #336, .F. ) ;
#7152 = DIRECTION ( 'NONE',  ( 0.000000000000000000, 0.000000000000000000, 1.000000000000000000 ) ) ;
#7153 = MECHANICAL_DESIGN_GEOMETRIC_PRESENTATION_REPRESENTATION (  '', ( #312 ), #7462 ) ;
#7154 = VERTEX_POINT ( 'NONE', #122 ) ;
#7155 =( LENGTH_UNIT ( ) NAMED_UNIT ( * ) SI_UNIT ( .MILLI., .METRE. ) );
#7156 = VECTOR ( 'NONE', #1839, 1000.000000000000000 ) ;
#7157 = DIRECTION ( 'NONE',  ( 0.000000000000000000, -0.000000000000000000, 1.000000000000000000 ) ) ;
#7158 = SURFACE_STYLE_USAGE ( .BOTH. , #5169 ) ;
#7159 = CARTESIAN_POINT ( 'NONE',  ( -0.4599999999999994649, 1.100000000000000089, 0.6249999999999995559 ) ) ;
#7160 = EDGE_CURVE ( 'NONE', #5666, #7357, #6280, .T. ) ;
#7161 = EDGE_CURVE ( 'NONE', #2586, #8609, #5692, .T. ) ;
#7162 = CIRCLE ( 'NONE', #2803, 0.1499999999999999667 ) ;
#7163 = VERTEX_POINT ( 'NONE', #2932 ) ;
#7164 = EDGE_CURVE ( 'NONE', #818, #8609, #8466, .T. ) ;
#7165 = ORIENTED_EDGE ( 'NONE', *, *, #858, .F. ) ;
#7166 = AXIS2_PLACEMENT_3D ( 'NONE', #5753, #2278, #25 ) ;
#7167 =( GEOMETRIC_REPRESENTATION_CONTEXT ( 3 ) GLOBAL_UNCERTAINTY_ASSIGNED_CONTEXT ( ( #9035 ) ) GLOBAL_UNIT_ASSIGNED_CONTEXT ( ( #3239, #1242, #7593 ) ) REPRESENTATION_CONTEXT ( 'NONE', 'WORKASPACE' ) );
#7168 = VECTOR ( 'NONE', #4426, 1000.000000000000000 ) ;
#7169 = CARTESIAN_POINT ( 'NONE',  ( 0.4599999999999999090, 1.500000000000000000, 0.6249999999999995559 ) ) ;
#7170 = LINE ( 'NONE', #929, #4719 ) ;
#7171 = DIRECTION ( 'NONE',  ( 0.000000000000000000, 1.000000000000000000, 0.000000000000000000 ) ) ;
#7172 = AXIS2_PLACEMENT_3D ( 'NONE', #1299, #3253, #3967 ) ;
#7173 = PRESENTATION_LAYER_ASSIGNMENT (  '', '', ( #4412 ) ) ;
#7174 = PRESENTATION_STYLE_ASSIGNMENT (( #4393 ) ) ;
#7175 = PRESENTATION_LAYER_ASSIGNMENT (  '', '', ( #3541 ) ) ;
#7176 = FILL_AREA_STYLE_COLOUR ( '', #7390 ) ;
#7177 = VERTEX_POINT ( 'NONE', #7658 ) ;
#7178 = AXIS2_PLACEMENT_3D ( 'NONE', #442, #357, #1824 ) ;
#7179 =( LENGTH_UNIT ( ) NAMED_UNIT ( * ) SI_UNIT ( .MILLI., .METRE. ) );
#7180 = VECTOR ( 'NONE', #154, 1000.000000000000000 ) ;
#7181 = AXIS2_PLACEMENT_3D ( 'NONE', #7491, #8907, #5258 ) ;
#7182 = LINE ( 'NONE', #8650, #1796 ) ;
#7183 = CARTESIAN_POINT ( 'NONE',  ( -2.171251133647407183, 1.399999999999999911, -2.000000000000000444 ) ) ;
#7184 = ORIENTED_EDGE ( 'NONE', *, *, #2194, .T. ) ;
#7185 = ORIENTED_EDGE ( 'NONE', *, *, #981, .T. ) ;
#7186 =( NAMED_UNIT ( * ) PLANE_ANGLE_UNIT ( ) SI_UNIT ( $, .RADIAN. ) );
#7187 = ORIENTED_EDGE ( 'NONE', *, *, #2864, .F. ) ;
#7188 = VECTOR ( 'NONE', #6090, 1000.000000000000000 ) ;
#7189 = SURFACE_STYLE_USAGE ( .BOTH. , #5064 ) ;
#7190 = ORIENTED_EDGE ( 'NONE', *, *, #7095, .T. ) ;
#7191 = VECTOR ( 'NONE', #7275, 1000.000000000000000 ) ;
#7192 = ORIENTED_EDGE ( 'NONE', *, *, #4260, .F. ) ;
#7193 = ADVANCED_FACE ( 'NONE', ( #708 ), #3486, .F. ) ;
#7194 = DIRECTION ( 'NONE',  ( -1.000000000000000000, 0.000000000000000000, -0.000000000000000000 ) ) ;
#7195 = DIRECTION ( 'NONE',  ( -0.000000000000000000, -0.000000000000000000, 1.000000000000000000 ) ) ;
#7196 = STYLED_ITEM ( 'NONE', ( #671 ), #3870 ) ;
#7197 = FACE_OUTER_BOUND ( 'NONE', #750, .T. ) ;
#7198 = ORIENTED_EDGE ( 'NONE', *, *, #5918, .T. ) ;
#7199 = DIRECTION ( 'NONE',  ( 0.000000000000000000, 0.000000000000000000, -1.000000000000000000 ) ) ;
#7200 = EDGE_CURVE ( 'NONE', #6202, #4904, #5821, .T. ) ;
#7201 = EDGE_CURVE ( 'NONE', #5809, #2055, #1062, .T. ) ;
#7202 = ORIENTED_EDGE ( 'NONE', *, *, #6712, .T. ) ;
#7203 = PRESENTATION_STYLE_ASSIGNMENT (( #1041 ) ) ;
#7204 = ADVANCED_FACE ( 'NONE', ( #5966 ), #1671, .T. ) ;
#7205 = FILL_AREA_STYLE_COLOUR ( '', #3119 ) ;
#7206 =( LENGTH_UNIT ( ) NAMED_UNIT ( * ) SI_UNIT ( .MILLI., .METRE. ) );
#7207 = CARTESIAN_POINT ( 'NONE',  ( -2.179999999999998828, -0.7999999999999999334, -4.049999999999998046 ) ) ;
#7208 = MECHANICAL_DESIGN_GEOMETRIC_PRESENTATION_REPRESENTATION (  '', ( #7802 ), #8988 ) ;
#7209 = LINE ( 'NONE', #5588, #762 ) ;
#7210 = CARTESIAN_POINT ( 'NONE',  ( -2.973767004711112882, 1.500000000000000000, -3.100000000000000089 ) ) ;
#7211 = EDGE_CURVE ( 'NONE', #4196, #3031, #5088, .T. ) ;
#7212 = PRESENTATION_STYLE_ASSIGNMENT (( #5772 ) ) ;
#7213 = FILL_AREA_STYLE ('',( #7427 ) ) ;
#7214 = CARTESIAN_POINT ( 'NONE',  ( -0.3599999999999990985, -0.7999999999999999334, -3.583287396400482105 ) ) ;
#7215 = COLOUR_RGB ( '',0.6470588235294117974, 0.6196078431372549211, 0.5882352941176470784 ) ;
#7216 =( LENGTH_UNIT ( ) NAMED_UNIT ( * ) SI_UNIT ( .MILLI., .METRE. ) );
#7217 = ORIENTED_EDGE ( 'NONE', *, *, #8136, .T. ) ;
#7218 = VERTEX_POINT ( 'NONE', #1722 ) ;
#7219 = ORIENTED_EDGE ( 'NONE', *, *, #2561, .F. ) ;
#7220 = VERTEX_POINT ( 'NONE', #2348 ) ;
#7221 = AXIS2_PLACEMENT_3D ( 'NONE', #4062, #1199, #6136 ) ;
#7222 = VECTOR ( 'NONE', #9011, 1000.000000000000000 ) ;
#7223 =( NAMED_UNIT ( * ) SI_UNIT ( $, .STERADIAN. ) SOLID_ANGLE_UNIT ( ) );
#7224 = DIRECTION ( 'NONE',  ( 0.000000000000000000, 0.9327759058474844878, -0.3604568066639949886 ) ) ;
#7225 = FACE_OUTER_BOUND ( 'NONE', #906, .T. ) ;
#7226 = CARTESIAN_POINT ( 'NONE',  ( 0.3600000000000009859, -0.5860456806663989493, 3.558573239897463658 ) ) ;
#7227 = LINE ( 'NONE', #3837, #7738 ) ;
#7228 = CARTESIAN_POINT ( 'NONE',  ( -1.729999999999998872, 1.500000000000000000, 0.5249999999999995781 ) ) ;
#7229 = DIRECTION ( 'NONE',  ( 0.000000000000000000, 0.000000000000000000, 1.000000000000000000 ) ) ;
#7230 = SURFACE_STYLE_FILL_AREA ( #5928 ) ;
#7231 = CARTESIAN_POINT ( 'NONE',  ( 2.180000000000001048, -0.6499999999999998002, -3.651850830482212373 ) ) ;
#7232 = DIRECTION ( 'NONE',  ( -1.000000000000000000, -0.000000000000000000, -0.000000000000000000 ) ) ;
#7233 = EDGE_CURVE ( 'NONE', #5649, #5666, #6878, .T. ) ;
#7234 = VERTEX_POINT ( 'NONE', #2450 ) ;
#7235 =( NAMED_UNIT ( * ) SI_UNIT ( $, .STERADIAN. ) SOLID_ANGLE_UNIT ( ) );
#7236 = VECTOR ( 'NONE', #7587, 1000.000000000000000 ) ;
#7237 = CARTESIAN_POINT ( 'NONE',  ( 2.819622550835296781, -0.5500000000000001554, 0.000000000000000000 ) ) ;
#7238 =( NAMED_UNIT ( * ) PLANE_ANGLE_UNIT ( ) SI_UNIT ( $, .RADIAN. ) );
#7239 = COLOUR_RGB ( '',0.6470588235294117974, 0.6196078431372549211, 0.5882352941176470784 ) ;
#7240 = UNCERTAINTY_MEASURE_WITH_UNIT (LENGTH_MEASURE( 1.000000000000000082E-05 ), #940, 'distance_accuracy_value', 'NONE');
#7241 = ORIENTED_EDGE ( 'NONE', *, *, #3391, .T. ) ;
#7242 = VECTOR ( 'NONE', #8981, 1000.000000000000000 ) ;
#7243 = DIRECTION ( 'NONE',  ( -1.000000000000000000, -0.000000000000000000, 0.000000000000000000 ) ) ;
#7244 = LINE ( 'NONE', #8610, #3968 ) ;
#7245 = STYLED_ITEM ( 'NONE', ( #568 ), #6480 ) ;
#7246 = STYLED_ITEM ( 'NONE', ( #7659 ), #5789 ) ;
#7247 = DIRECTION ( 'NONE',  ( -1.000000000000000000, 0.000000000000000000, 0.000000000000000000 ) ) ;
#7248 = FACE_OUTER_BOUND ( 'NONE', #7069, .T. ) ;
#7249 = DIRECTION ( 'NONE',  ( 2.168404344971008868E-16, 0.000000000000000000, 1.000000000000000000 ) ) ;
#7250 = EDGE_LOOP ( 'NONE', ( #5004, #7570, #33, #3006 ) ) ;
#7251 = CARTESIAN_POINT ( 'NONE',  ( -1.979999999999999538, 1.500000000000000000, 0.5249999999999995781 ) ) ;
#7252 = PRESENTATION_STYLE_ASSIGNMENT (( #8616 ) ) ;
#7253 = ORIENTED_EDGE ( 'NONE', *, *, #8105, .F. ) ;
#7254 = DIRECTION ( 'NONE',  ( -0.000000000000000000, -0.000000000000000000, 1.000000000000000000 ) ) ;
#7255 = CARTESIAN_POINT ( 'NONE',  ( -2.179999999999999716, 1.500000000000000000, -1.262607324199603642 ) ) ;
#7256 =( NAMED_UNIT ( * ) SI_UNIT ( $, .STERADIAN. ) SOLID_ANGLE_UNIT ( ) );
#7257 = LINE ( 'NONE', #3701, #634 ) ;
#7258 = DIRECTION ( 'NONE',  ( 0.000000000000000000, 0.000000000000000000, 1.000000000000000000 ) ) ;
#7259 = DIRECTION ( 'NONE',  ( -0.9961946980917455452, -0.08715574274765836016, 0.000000000000000000 ) ) ;
#7260 = ORIENTED_EDGE ( 'NONE', *, *, #5566, .T. ) ;
#7261 = EDGE_CURVE ( 'NONE', #4948, #8307, #1757, .T. ) ;
#7262 = ORIENTED_EDGE ( 'NONE', *, *, #8388, .F. ) ;
#7263 = ORIENTED_EDGE ( 'NONE', *, *, #6711, .T. ) ;
#7264 = LINE ( 'NONE', #4493, #954 ) ;
#7265 =( LENGTH_UNIT ( ) NAMED_UNIT ( * ) SI_UNIT ( .MILLI., .METRE. ) );
#7266 = PLANE ( 'NONE',  #6912 ) ;
#7267 = DIRECTION ( 'NONE',  ( 0.000000000000000000, 0.000000000000000000, -1.000000000000000000 ) ) ;
#7268 = SURFACE_STYLE_FILL_AREA ( #4448 ) ;
#7269 = LINE ( 'NONE', #7923, #6515 ) ;
#7270 = FILL_AREA_STYLE ('',( #3881 ) ) ;
#7271 = CARTESIAN_POINT ( 'NONE',  ( -0.9099999999999991429, -0.2139543193336009841, -3.253973965717952943 ) ) ;
#7272 = ADVANCED_FACE ( 'NONE', ( #3662 ), #7266, .F. ) ;
#7273 = VERTEX_POINT ( 'NONE', #7305 ) ;
#7274 =( NAMED_UNIT ( * ) PLANE_ANGLE_UNIT ( ) SI_UNIT ( $, .RADIAN. ) );
#7275 = DIRECTION ( 'NONE',  ( 2.168404344971008868E-16, 0.000000000000000000, 1.000000000000000000 ) ) ;
#7276 = EDGE_CURVE ( 'NONE', #220, #6637, #6540, .T. ) ;
#7277 = EDGE_LOOP ( 'NONE', ( #1221, #4604, #3159, #1682 ) ) ;
#7278 = MECHANICAL_DESIGN_GEOMETRIC_PRESENTATION_REPRESENTATION (  '', ( #3782 ), #8597 ) ;
#7279 = LINE ( 'NONE', #3183, #5956 ) ;
#7280 = FILL_AREA_STYLE ('',( #8855 ) ) ;
#7281 = SURFACE_STYLE_FILL_AREA ( #4511 ) ;
#7282 = CARTESIAN_POINT ( 'NONE',  ( -1.629999999999998561, -0.6500000000000000222, -3.651850830482212373 ) ) ;
#7283 = CARTESIAN_POINT ( 'NONE',  ( -1.729999999999999760, -0.7999999999999999334, -4.150000000000000355 ) ) ;
#7284 = ORIENTED_EDGE ( 'NONE', *, *, #5820, .F. ) ;
#7285 = DIRECTION ( 'NONE',  ( 1.000000000000000000, -0.000000000000000000, -0.000000000000000000 ) ) ;
#7286 = LINE ( 'NONE', #3814, #5719 ) ;
#7287 = ORIENTED_EDGE ( 'NONE', *, *, #4257, .F. ) ;
#7288 = SURFACE_SIDE_STYLE ('',( #4518 ) ) ;
#7289 = VECTOR ( 'NONE', #7574, 1000.000000000000114 ) ;
#7290 = CARTESIAN_POINT ( 'NONE',  ( -1.629999999999998561, -0.6500000000000000222, -4.150000000000000355 ) ) ;
#7291 = DIRECTION ( 'NONE',  ( 0.000000000000000000, 0.000000000000000000, -1.000000000000000000 ) ) ;
#7292 =( GEOMETRIC_REPRESENTATION_CONTEXT ( 3 ) GLOBAL_UNCERTAINTY_ASSIGNED_CONTEXT ( ( #4886 ) ) GLOBAL_UNIT_ASSIGNED_CONTEXT ( ( #6620, #5053, #3629 ) ) REPRESENTATION_CONTEXT ( 'NONE', 'WORKASPACE' ) );
#7293 = DIRECTION ( 'NONE',  ( 1.000000000000000000, -0.000000000000000000, -0.000000000000000000 ) ) ;
#7294 = CARTESIAN_POINT ( 'NONE',  ( -0.3687488663525919086, 1.399999999999999911, 1.262607324199603420 ) ) ;
#7295 = DIRECTION ( 'NONE',  ( 0.000000000000000000, -0.000000000000000000, 1.000000000000000000 ) ) ;
#7296 = PRESENTATION_STYLE_ASSIGNMENT (( #5856 ) ) ;
#7297 = EDGE_LOOP ( 'NONE', ( #6767, #810, #6756, #1115, #5830, #2322, #9037, #4201, #4651, #3607, #6130, #7526 ) ) ;
#7298 = ORIENTED_EDGE ( 'NONE', *, *, #7470, .F. ) ;
#7299 = ORIENTED_EDGE ( 'NONE', *, *, #969, .T. ) ;
#7300 = FACE_OUTER_BOUND ( 'NONE', #2676, .T. ) ;
#7301 = CARTESIAN_POINT ( 'NONE',  ( -2.079999999999998739, 1.399999999999999911, 0.6249999999999995559 ) ) ;
#7302 = ADVANCED_FACE ( 'NONE', ( #6445 ), #1018, .F. ) ;
#7303 = FACE_OUTER_BOUND ( 'NONE', #6115, .T. ) ;
#7304 =( NAMED_UNIT ( * ) PLANE_ANGLE_UNIT ( ) SI_UNIT ( $, .RADIAN. ) );
#7305 = CARTESIAN_POINT ( 'NONE',  ( -0.9099999999999991429, -0.7999999999999999334, 4.049999999999999822 ) ) ;
#7306 = MECHANICAL_DESIGN_GEOMETRIC_PRESENTATION_REPRESENTATION (  '', ( #8933 ), #3386 ) ;
#7307 = VECTOR ( 'NONE', #6950, 1000.000000000000000 ) ;
#7308 = CARTESIAN_POINT ( 'NONE',  ( -0.9100000000000001421, 1.500000000000000000, -1.262607324199603642 ) ) ;
#7309 = EDGE_CURVE ( 'NONE', #6876, #4717, #6578, .T. ) ;
#7310 = EDGE_CURVE ( 'NONE', #1259, #645, #3115, .T. ) ;
#7311 =( GEOMETRIC_REPRESENTATION_CONTEXT ( 3 ) GLOBAL_UNCERTAINTY_ASSIGNED_CONTEXT ( ( #3048 ) ) GLOBAL_UNIT_ASSIGNED_CONTEXT ( ( #3498, #7060, #1577 ) ) REPRESENTATION_CONTEXT ( 'NONE', 'WORKASPACE' ) );
#7312 = EDGE_CURVE ( 'NONE', #3144, #6106, #8218, .T. ) ;
#7313 = PRESENTATION_LAYER_ASSIGNMENT (  '', '', ( #6584 ) ) ;
#7314 = DIRECTION ( 'NONE',  ( 0.9961946980917455452, -0.08715574274765836016, -2.160152911779223387E-16 ) ) ;
#7315 = EDGE_CURVE ( 'NONE', #1549, #8393, #7591, .T. ) ;
#7316 = CARTESIAN_POINT ( 'NONE',  ( 1.630000000000001004, -0.1499999999999999667, -3.229259809214934940 ) ) ;
#7317 = DIRECTION ( 'NONE',  ( 0.000000000000000000, 0.000000000000000000, -1.000000000000000000 ) ) ;
#7318 = VECTOR ( 'NONE', #8332, 1000.000000000000000 ) ;
#7319 = ORIENTED_EDGE ( 'NONE', *, *, #8445, .T. ) ;
#7320 = SURFACE_SIDE_STYLE ('',( #6591 ) ) ;
#7321 = MECHANICAL_DESIGN_GEOMETRIC_PRESENTATION_REPRESENTATION (  '', ( #5601 ), #921 ) ;
#7322 = CARTESIAN_POINT ( 'NONE',  ( -1.629999999999998561, -0.6500000000000000222, 3.583287396400481217 ) ) ;
#7323 = ORIENTED_EDGE ( 'NONE', *, *, #8275, .F. ) ;
#7324 = ORIENTED_EDGE ( 'NONE', *, *, #620, .F. ) ;
#7325 = CIRCLE ( 'NONE', #1803, 0.1000000000000001027 ) ;
#7326 = COLOUR_RGB ( '',0.6470588235294117974, 0.6196078431372549211, 0.5882352941176470784 ) ;
#7327 = AXIS2_PLACEMENT_3D ( 'NONE', #2752, #38, #6124 ) ;
#7328 = FACE_OUTER_BOUND ( 'NONE', #2163, .T. ) ;
#7329 = CARTESIAN_POINT ( 'NONE',  ( -0.8099999999999997202, -0.6500000000000000222, 4.150000000000000355 ) ) ;
#7330 = DIRECTION ( 'NONE',  ( -0.7071067811865444641, 0.000000000000000000, 0.7071067811865505703 ) ) ;
#7331 =( NAMED_UNIT ( * ) PLANE_ANGLE_UNIT ( ) SI_UNIT ( $, .RADIAN. ) );
#7332 = CARTESIAN_POINT ( 'NONE',  ( 0.7099999999999999645, 1.500000000000000000, -0.5250000000000004663 ) ) ;
#7333 = CARTESIAN_POINT ( 'NONE',  ( 1.730000000000001315, -0.6500000000000000222, -4.150000000000000355 ) ) ;
#7334 = LINE ( 'NONE', #4074, #545 ) ;
#7335 = VERTEX_POINT ( 'NONE', #4809 ) ;
#7336 = PRESENTATION_STYLE_ASSIGNMENT (( #6603 ) ) ;
#7337 = COLOUR_RGB ( '',0.2980392156862745057, 0.2980392156862745057, 0.2980392156862745057 ) ;
#7338 = FACE_OUTER_BOUND ( 'NONE', #8317, .T. ) ;
#7339 = VECTOR ( 'NONE', #3742, 1000.000000000000000 ) ;
#7340 = MECHANICAL_DESIGN_GEOMETRIC_PRESENTATION_REPRESENTATION (  '', ( #5749 ), #8662 ) ;
#7341 = VERTEX_POINT ( 'NONE', #8271 ) ;
#7342 = CARTESIAN_POINT ( 'NONE',  ( 2.955000000000000959, -0.1499999999999999944, 2.949999999999999734 ) ) ;
#7343 = CARTESIAN_POINT ( 'NONE',  ( -2.179999999999998828, -0.5860456806663989493, -3.558573239897463658 ) ) ;
#7344 = DIRECTION ( 'NONE',  ( 0.000000000000000000, -1.000000000000000000, 0.000000000000000000 ) ) ;
#7345 = MECHANICAL_DESIGN_GEOMETRIC_PRESENTATION_REPRESENTATION (  '', ( #5327 ), #3703 ) ;
#7346 =( GEOMETRIC_REPRESENTATION_CONTEXT ( 3 ) GLOBAL_UNCERTAINTY_ASSIGNED_CONTEXT ( ( #306 ) ) GLOBAL_UNIT_ASSIGNED_CONTEXT ( ( #7459, #7017, #4969 ) ) REPRESENTATION_CONTEXT ( 'NONE', 'WORKASPACE' ) );
#7347 = LINE ( 'NONE', #4622, #1611 ) ;
#7348 = PRESENTATION_STYLE_ASSIGNMENT (( #8131 ) ) ;
#7349 = DIRECTION ( 'NONE',  ( 0.000000000000000000, -1.000000000000000000, 0.000000000000000000 ) ) ;
#7350 = FILL_AREA_STYLE ('',( #6033 ) ) ;
#7351 = DIRECTION ( 'NONE',  ( -0.000000000000000000, 1.000000000000000000, 0.000000000000000000 ) ) ;
#7352 = CARTESIAN_POINT ( 'NONE',  ( -1.629999999999998561, -0.1500000000000001610, 3.160696375133204228 ) ) ;
#7353 = VERTEX_POINT ( 'NONE', #8968 ) ;
#7354 = EDGE_CURVE ( 'NONE', #1986, #1181, #1985, .T. ) ;
#7355 =( GEOMETRIC_REPRESENTATION_CONTEXT ( 3 ) GLOBAL_UNCERTAINTY_ASSIGNED_CONTEXT ( ( #2816 ) ) GLOBAL_UNIT_ASSIGNED_CONTEXT ( ( #6928, #4230, #8437 ) ) REPRESENTATION_CONTEXT ( 'NONE', 'WORKASPACE' ) );
#7356 = ORIENTED_EDGE ( 'NONE', *, *, #3300, .F. ) ;
#7357 = VERTEX_POINT ( 'NONE', #1323 ) ;
#7358 = VECTOR ( 'NONE', #3592, 1000.000000000000000 ) ;
#7359 =( LENGTH_UNIT ( ) NAMED_UNIT ( * ) SI_UNIT ( .MILLI., .METRE. ) );
#7360 = DIRECTION ( 'NONE',  ( -1.000000000000000000, -0.000000000000000000, -0.000000000000000000 ) ) ;
#7361 = DIRECTION ( 'NONE',  ( 0.000000000000000000, 0.000000000000000000, -1.000000000000000000 ) ) ;
#7362 =( NAMED_UNIT ( * ) SI_UNIT ( $, .STERADIAN. ) SOLID_ANGLE_UNIT ( ) );
#7363 = MECHANICAL_DESIGN_GEOMETRIC_PRESENTATION_REPRESENTATION (  '', ( #7667 ), #3437 ) ;
#7364 = PRESENTATION_LAYER_ASSIGNMENT (  '', '', ( #8258 ) ) ;
#7365 = PRESENTATION_STYLE_ASSIGNMENT (( #4498 ) ) ;
#7366 = FACE_OUTER_BOUND ( 'NONE', #2855, .T. ) ;
#7367 = DIRECTION ( 'NONE',  ( -0.000000000000000000, 0.9327759058474841547, 0.3604568066639957102 ) ) ;
#7368 =( GEOMETRIC_REPRESENTATION_CONTEXT ( 3 ) GLOBAL_UNCERTAINTY_ASSIGNED_CONTEXT ( ( #8383 ) ) GLOBAL_UNIT_ASSIGNED_CONTEXT ( ( #8323, #741, #6435 ) ) REPRESENTATION_CONTEXT ( 'NONE', 'WORKASPACE' ) );
#7369 = VERTEX_POINT ( 'NONE', #4939 ) ;
#7370 = CARTESIAN_POINT ( 'NONE',  ( -2.179999999999998828, -0.6499999999999998002, 3.651850830482212373 ) ) ;
#7371 = CARTESIAN_POINT ( 'NONE',  ( 1.729999999999999316, 1.399999999999999911, 0.6249999999999995559 ) ) ;
#7372 = CARTESIAN_POINT ( 'NONE',  ( 0.8099999999999999423, 1.500000000000000000, 0.5249999999999995781 ) ) ;
#7373 = EDGE_CURVE ( 'NONE', #2091, #4501, #6256, .T. ) ;
#7374 = CARTESIAN_POINT ( 'NONE',  ( 0.4600000000000003531, 1.399999999999999911, -0.6250000000000004441 ) ) ;
#7375 = VERTEX_POINT ( 'NONE', #2062 ) ;
#7376 = PRESENTATION_LAYER_ASSIGNMENT (  '', '', ( #1258 ) ) ;
#7377 = ORIENTED_EDGE ( 'NONE', *, *, #1769, .F. ) ;
#7378 = VECTOR ( 'NONE', #2485, 1000.000000000000000 ) ;
#7379 = DIRECTION ( 'NONE',  ( 0.7071067811865444641, -0.000000000000000000, 0.7071067811865505703 ) ) ;
#7380 = DIRECTION ( 'NONE',  ( -0.08715574274765837404, -0.9961946980917455452, 0.000000000000000000 ) ) ;
#7381 = PRESENTATION_STYLE_ASSIGNMENT (( #405 ) ) ;
#7382 = FILL_AREA_STYLE_COLOUR ( '', #7907 ) ;
#7383 = VERTEX_POINT ( 'NONE', #2113 ) ;
#7384 = DIRECTION ( 'NONE',  ( -0.9961946980917455452, -0.08715574274765836016, 2.160152911779223387E-16 ) ) ;
#7385 = MECHANICAL_DESIGN_GEOMETRIC_PRESENTATION_REPRESENTATION (  '', ( #2592 ), #2014 ) ;
#7386 = FACE_OUTER_BOUND ( 'NONE', #942, .T. ) ;
#7387 = ORIENTED_EDGE ( 'NONE', *, *, #8653, .F. ) ;
#7388 = DIRECTION ( 'NONE',  ( 1.000000000000000000, 0.000000000000000000, 0.000000000000000000 ) ) ;
#7389 = ORIENTED_EDGE ( 'NONE', *, *, #2194, .F. ) ;
#7390 = COLOUR_RGB ( '',0.2980392156862745057, 0.2980392156862745057, 0.2980392156862745057 ) ;
#7391 = DIRECTION ( 'NONE',  ( 3.469446951953614189E-16, 0.000000000000000000, -1.000000000000000000 ) ) ;
#7392 = DIRECTION ( 'NONE',  ( -2.168404344971008868E-16, -0.000000000000000000, -1.000000000000000000 ) ) ;
#7393 = CARTESIAN_POINT ( 'NONE',  ( -2.819622550835295005, -0.6500000000000001332, -2.814622550835295556 ) ) ;
#7394 = LINE ( 'NONE', #1149, #7512 ) ;
#7395 = CARTESIAN_POINT ( 'NONE',  ( 0.9100000000000010303, -0.7999999999999999334, -3.583287396400482105 ) ) ;
#7396 =( GEOMETRIC_REPRESENTATION_CONTEXT ( 3 ) GLOBAL_UNCERTAINTY_ASSIGNED_CONTEXT ( ( #5894 ) ) GLOBAL_UNIT_ASSIGNED_CONTEXT ( ( #2550, #7238, #7884 ) ) REPRESENTATION_CONTEXT ( 'NONE', 'WORKASPACE' ) );
#7397 = FILL_AREA_STYLE ('',( #553 ) ) ;
#7398 = EDGE_CURVE ( 'NONE', #7550, #377, #5315, .T. ) ;
#7399 = ORIENTED_EDGE ( 'NONE', *, *, #3308, .T. ) ;
#7400 = ADVANCED_FACE ( 'NONE', ( #3425 ), #590, .F. ) ;
#7401 = VECTOR ( 'NONE', #497, 1000.000000000000000 ) ;
#7402 = ORIENTED_EDGE ( 'NONE', *, *, #1269, .F. ) ;
#7403 = VERTEX_POINT ( 'NONE', #4843 ) ;
#7404 = EDGE_CURVE ( 'NONE', #142, #2091, #7635, .T. ) ;
#7405 = UNCERTAINTY_MEASURE_WITH_UNIT (LENGTH_MEASURE( 1.000000000000000082E-05 ), #6567, 'distance_accuracy_value', 'NONE');
#7406 = CARTESIAN_POINT ( 'NONE',  ( 0.9100000000000000311, 1.500000000000000000, 1.999999999999999556 ) ) ;
#7407 = CYLINDRICAL_SURFACE ( 'NONE', #2819, 0.09999999999999982514 ) ;
#7408 = DIRECTION ( 'NONE',  ( 0.000000000000000000, -0.08715574274765820750, -0.9961946980917454342 ) ) ;
#7409 =( LENGTH_UNIT ( ) NAMED_UNIT ( * ) SI_UNIT ( .MILLI., .METRE. ) );
#7410 = EDGE_CURVE ( 'NONE', #1881, #5859, #3467, .T. ) ;
#7411 = ORIENTED_EDGE ( 'NONE', *, *, #4224, .F. ) ;
#7412 = LINE ( 'NONE', #4644, #8281 ) ;
#7413 = UNCERTAINTY_MEASURE_WITH_UNIT (LENGTH_MEASURE( 1.000000000000000082E-05 ), #7630, 'distance_accuracy_value', 'NONE');
#7414 = ORIENTED_EDGE ( 'NONE', *, *, #7404, .T. ) ;
#7415 = DIRECTION ( 'NONE',  ( 0.000000000000000000, 0.000000000000000000, -1.000000000000000000 ) ) ;
#7416 = FILL_AREA_STYLE ('',( #5877 ) ) ;
#7417 = ORIENTED_EDGE ( 'NONE', *, *, #7120, .T. ) ;
#7418 = SURFACE_STYLE_USAGE ( .BOTH. , #1732 ) ;
#7419 = PRESENTATION_STYLE_ASSIGNMENT (( #4082 ) ) ;
#7420 = ORIENTED_EDGE ( 'NONE', *, *, #900, .T. ) ;
#7421 = VERTEX_POINT ( 'NONE', #6981 ) ;
#7422 = CARTESIAN_POINT ( 'NONE',  ( -0.8099999999999994982, 1.399999999999999911, 0.6249999999999995559 ) ) ;
#7423 = CARTESIAN_POINT ( 'NONE',  ( -0.9099999999999991429, -0.7999999999999999334, -4.049999999999998934 ) ) ;
#7424 = CARTESIAN_POINT ( 'NONE',  ( -3.104999999999999094, 0.000000000000000000, 3.100000000000000089 ) ) ;
#7425 = ADVANCED_FACE ( 'NONE', ( #5631 ), #8576, .T. ) ;
#7426 = SURFACE_STYLE_USAGE ( .BOTH. , #4661 ) ;
#7427 = FILL_AREA_STYLE_COLOUR ( '', #4905 ) ;
#7428 = FACE_OUTER_BOUND ( 'NONE', #2263, .T. ) ;
#7429 =( LENGTH_UNIT ( ) NAMED_UNIT ( * ) SI_UNIT ( .MILLI., .METRE. ) );
#7430 = EDGE_LOOP ( 'NONE', ( #8635, #7198, #3057, #3131, #2285, #3726, #997, #2505, #8904, #6059, #4069, #6929 ) ) ;
#7431 = DIRECTION ( 'NONE',  ( 0.000000000000000000, 0.000000000000000000, 1.000000000000000000 ) ) ;
#7432 = LINE ( 'NONE', #2567, #8034 ) ;
#7433 = ADVANCED_FACE ( 'NONE', ( #6301 ), #227, .F. ) ;
#7434 = VERTEX_POINT ( 'NONE', #1637 ) ;
#7435 =( NAMED_UNIT ( * ) SI_UNIT ( $, .STERADIAN. ) SOLID_ANGLE_UNIT ( ) );
#7436 = MECHANICAL_DESIGN_GEOMETRIC_PRESENTATION_REPRESENTATION (  '', ( #6847 ), #6861 ) ;
#7437 = FILL_AREA_STYLE ('',( #6888 ) ) ;
#7438 = EDGE_LOOP ( 'NONE', ( #2685, #465, #7024, #4665, #8919, #1429, #1742, #3272 ) ) ;
#7439 = EDGE_CURVE ( 'NONE', #8568, #5045, #6724, .T. ) ;
#7440 = DIRECTION ( 'NONE',  ( -1.000000000000000000, -0.000000000000000000, -0.000000000000000000 ) ) ;
#7441 = PRESENTATION_STYLE_ASSIGNMENT (( #3997 ) ) ;
#7442 = DIRECTION ( 'NONE',  ( 0.000000000000000000, -0.000000000000000000, -1.000000000000000000 ) ) ;
#7443 =( NAMED_UNIT ( * ) PLANE_ANGLE_UNIT ( ) SI_UNIT ( $, .RADIAN. ) );
#7444 = DIRECTION ( 'NONE',  ( 0.000000000000000000, -0.3604568066639949886, -0.9327759058474844878 ) ) ;
#7445 = ORIENTED_EDGE ( 'NONE', *, *, #1561, .F. ) ;
#7446 = SURFACE_STYLE_USAGE ( .BOTH. , #8821 ) ;
#7447 = COLOUR_RGB ( '',0.6470588235294117974, 0.6196078431372549211, 0.5882352941176470784 ) ;
#7448 = CARTESIAN_POINT ( 'NONE',  ( 2.038578643762690046, 1.500000000000000000, 0.5835786437626900858 ) ) ;
#7449 = DIRECTION ( 'NONE',  ( 0.7071067811865505703, 0.000000000000000000, -0.7071067811865444641 ) ) ;
#7450 = VERTEX_POINT ( 'NONE', #2332 ) ;
#7451 = VERTEX_POINT ( 'NONE', #7893 ) ;
#7452 = DIRECTION ( 'NONE',  ( -0.000000000000000000, 1.000000000000000000, 0.000000000000000000 ) ) ;
#7453 = SURFACE_STYLE_USAGE ( .BOTH. , #7963 ) ;
#7454 = VECTOR ( 'NONE', #435, 1000.000000000000000 ) ;
#7455 = VECTOR ( 'NONE', #2965, 1000.000000000000000 ) ;
#7456 = ADVANCED_FACE ( 'NONE', ( #7197 ), #5840, .F. ) ;
#7457 = EDGE_CURVE ( 'NONE', #7557, #8139, #817, .T. ) ;
#7458 = CARTESIAN_POINT ( 'NONE',  ( 2.180000000000001048, 0.000000000000000000, 2.969702453438674006 ) ) ;
#7459 =( LENGTH_UNIT ( ) NAMED_UNIT ( * ) SI_UNIT ( .MILLI., .METRE. ) );
#7460 = FACE_OUTER_BOUND ( 'NONE', #2396, .T. ) ;
#7461 = MECHANICAL_DESIGN_GEOMETRIC_PRESENTATION_REPRESENTATION (  '', ( #1031 ), #754 ) ;
#7462 =( GEOMETRIC_REPRESENTATION_CONTEXT ( 3 ) GLOBAL_UNCERTAINTY_ASSIGNED_CONTEXT ( ( #8914 ) ) GLOBAL_UNIT_ASSIGNED_CONTEXT ( ( #3228, #2610, #7485 ) ) REPRESENTATION_CONTEXT ( 'NONE', 'WORKASPACE' ) );
#7463 = VERTEX_POINT ( 'NONE', #3606 ) ;
#7464 = EDGE_CURVE ( 'NONE', #4027, #8307, #138, .T. ) ;
#7465 = LINE ( 'NONE', #4015, #7510 ) ;
#7466 = VERTEX_POINT ( 'NONE', #8486 ) ;
#7467 = PRESENTATION_LAYER_ASSIGNMENT (  '', '', ( #8936 ) ) ;
#7468 = ORIENTED_EDGE ( 'NONE', *, *, #2085, .F. ) ;
#7469 = LINE ( 'NONE', #4958, #6933 ) ;
#7470 = EDGE_CURVE ( 'NONE', #6649, #7375, #4513, .T. ) ;
#7471 = ORIENTED_EDGE ( 'NONE', *, *, #1931, .T. ) ;
#7472 = EDGE_CURVE ( 'NONE', #7335, #5694, #2513, .T. ) ;
#7473 =( LENGTH_UNIT ( ) NAMED_UNIT ( * ) SI_UNIT ( .MILLI., .METRE. ) );
#7474 = VECTOR ( 'NONE', #5253, 1000.000000000000000 ) ;
#7475 = ORIENTED_EDGE ( 'NONE', *, *, #575, .T. ) ;
#7476 = VECTOR ( 'NONE', #4947, 1000.000000000000000 ) ;
#7477 = VERTEX_POINT ( 'NONE', #2471 ) ;
#7478 = FILL_AREA_STYLE_COLOUR ( '', #6815 ) ;
#7479 = CARTESIAN_POINT ( 'NONE',  ( -2.954999999999999183, -0.1499999999999999944, 2.850380530190825379 ) ) ;
#7480 =( NAMED_UNIT ( * ) PLANE_ANGLE_UNIT ( ) SI_UNIT ( $, .RADIAN. ) );
#7481 = DIRECTION ( 'NONE',  ( 0.000000000000000000, -1.000000000000000000, 0.000000000000000000 ) ) ;
#7482 = AXIS2_PLACEMENT_3D ( 'NONE', #7237, #300, #3088 ) ;
#7483 =( LENGTH_UNIT ( ) NAMED_UNIT ( * ) SI_UNIT ( .MILLI., .METRE. ) );
#7484 = ORIENTED_EDGE ( 'NONE', *, *, #739, .T. ) ;
#7485 =( NAMED_UNIT ( * ) SI_UNIT ( $, .STERADIAN. ) SOLID_ANGLE_UNIT ( ) );
#7486 = EDGE_LOOP ( 'NONE', ( #1392, #1844, #5159, #9006 ) ) ;
#7487 = EDGE_CURVE ( 'NONE', #377, #6292, #3773, .T. ) ;
#7488 = ADVANCED_FACE ( 'NONE', ( #3185 ), #3143, .T. ) ;
#7490 = DIRECTION ( 'NONE',  ( 0.000000000000000000, 1.000000000000000000, 0.000000000000000000 ) ) ;
#7489 = AXIS2_PLACEMENT_3D ( 'NONE', #8590, #7497, #7224 ) ;
#7491 = CARTESIAN_POINT ( 'NONE',  ( 2.819622550835296781, -0.5500000000000001554, -2.814622550835295556 ) ) ;
#7492 = ORIENTED_EDGE ( 'NONE', *, *, #482, .T. ) ;
#7493 = CARTESIAN_POINT ( 'NONE',  ( -0.3599999999999990985, -0.2500000000000000000, -3.160696375133204672 ) ) ;
#7494 = LINE ( 'NONE', #6936, #6029 ) ;
#7495 = DIRECTION ( 'NONE',  ( -1.000000000000000000, -0.000000000000000000, 0.000000000000000000 ) ) ;
#7496 = FACE_OUTER_BOUND ( 'NONE', #2070, .T. ) ;
#7497 = DIRECTION ( 'NONE',  ( 0.000000000000000000, -0.3604568066639949886, -0.9327759058474844878 ) ) ;
#7498 = VECTOR ( 'NONE', #2068, 1000.000000000000000 ) ;
#7499 = ORIENTED_EDGE ( 'NONE', *, *, #4593, .F. ) ;
#7500 = EDGE_CURVE ( 'NONE', #7218, #3723, #1036, .T. ) ;
#7501 = DIRECTION ( 'NONE',  ( 1.000000000000000000, 0.000000000000000000, 0.000000000000000000 ) ) ;
#7502 = DIRECTION ( 'NONE',  ( 0.000000000000000000, 0.000000000000000000, 1.000000000000000000 ) ) ;
#7503 = EDGE_CURVE ( 'NONE', #4963, #3621, #8808, .T. ) ;
#7504 = EDGE_CURVE ( 'NONE', #692, #5554, #5296, .T. ) ;
#7505 = VERTEX_POINT ( 'NONE', #3278 ) ;
#7506 = ORIENTED_EDGE ( 'NONE', *, *, #3344, .F. ) ;
#7507 = VECTOR ( 'NONE', #4523, 1000.000000000000000 ) ;
#7508 =( NAMED_UNIT ( * ) SI_UNIT ( $, .STERADIAN. ) SOLID_ANGLE_UNIT ( ) );
#7509 = MECHANICAL_DESIGN_GEOMETRIC_PRESENTATION_REPRESENTATION (  '', ( #3836 ), #2702 ) ;
#7510 = VECTOR ( 'NONE', #562, 1000.000000000000000 ) ;
#7511 = SURFACE_STYLE_FILL_AREA ( #1949 ) ;
#7512 = VECTOR ( 'NONE', #8874, 1000.000000000000000 ) ;
#7513 = CARTESIAN_POINT ( 'NONE',  ( -0.3949954654103698393, 1.100000000000000089, -1.262607324199603864 ) ) ;
#7514 = PRESENTATION_LAYER_ASSIGNMENT (  '', '', ( #2978 ) ) ;
#7515 = VERTEX_POINT ( 'NONE', #4561 ) ;
#7516 = CARTESIAN_POINT ( 'NONE',  ( -2.079999999999998739, 1.458578643762690419, -0.6250000000000005551 ) ) ;
#7517 = AXIS2_PLACEMENT_3D ( 'NONE', #6383, #2942, #7878 ) ;
#7518 = ORIENTED_EDGE ( 'NONE', *, *, #8694, .F. ) ;
#7519 = PLANE ( 'NONE',  #4334 ) ;
#7520 = UNCERTAINTY_MEASURE_WITH_UNIT (LENGTH_MEASURE( 1.000000000000000082E-05 ), #8414, 'distance_accuracy_value', 'NONE');
#7521 = EDGE_LOOP ( 'NONE', ( #4472, #326, #7262, #3197 ) ) ;
#7522 = FACE_OUTER_BOUND ( 'NONE', #2608, .T. ) ;
#7523 = CARTESIAN_POINT ( 'NONE',  ( 0.9100000000000010303, -0.7999999999999999334, 3.583287396400482105 ) ) ;
#7524 = CARTESIAN_POINT ( 'NONE',  ( -0.9099999999999991429, 0.000000000000000000, -2.969702453438674006 ) ) ;
#7525 = CARTESIAN_POINT ( 'NONE',  ( -0.4599999999999994649, 1.399999999999999911, 0.6249999999999995559 ) ) ;
#7526 = ORIENTED_EDGE ( 'NONE', *, *, #4159, .F. ) ;
#7527 = SURFACE_STYLE_FILL_AREA ( #522 ) ;
#7528 = VECTOR ( 'NONE', #254, 1000.000000000000000 ) ;
#7529 = MECHANICAL_DESIGN_GEOMETRIC_PRESENTATION_REPRESENTATION (  '', ( #9000 ), #6211 ) ;
#7530 = VERTEX_POINT ( 'NONE', #8860 ) ;
#7531 =( BOUNDED_CURVE ( )  B_SPLINE_CURVE ( 3, ( #4790, #8059, #1816, #7371 ),
 .UNSPECIFIED., .F., .F. ) 
 B_SPLINE_CURVE_WITH_KNOTS ( ( 4, 4 ),
 ( 1.570796326794896558, 3.141592653589793116 ),
 .UNSPECIFIED. ) 
 CURVE ( )  GEOMETRIC_REPRESENTATION_ITEM ( )  RATIONAL_B_SPLINE_CURVE ( ( 1.000000000000000000, 0.8047378541243649375, 0.8047378541243649375, 1.000000000000000000 ) ) 
 REPRESENTATION_ITEM ( '' )  );
#7532 = ORIENTED_EDGE ( 'NONE', *, *, #7616, .F. ) ;
#7533 = STYLED_ITEM ( 'NONE', ( #1338 ), #4525 ) ;
#7534 = LINE ( 'NONE', #527, #3708 ) ;
#7535 = EDGE_CURVE ( 'NONE', #5254, #9022, #6734, .T. ) ;
#7536 = CARTESIAN_POINT ( 'NONE',  ( 2.856131547168187179, -0.1327002623937375003, -2.851131547168185953 ) ) ;
#7537 = VERTEX_POINT ( 'NONE', #7283 ) ;
#7538 = LINE ( 'NONE', #6789, #4638 ) ;
#7539 = ORIENTED_EDGE ( 'NONE', *, *, #7500, .T. ) ;
#7540 =( NAMED_UNIT ( * ) SI_UNIT ( $, .STERADIAN. ) SOLID_ANGLE_UNIT ( ) );
#7541 = ORIENTED_EDGE ( 'NONE', *, *, #2131, .T. ) ;
#7542 = COLOUR_RGB ( '',0.2980392156862745057, 0.2980392156862745057, 0.2980392156862745057 ) ;
#7543 = LINE ( 'NONE', #8263, #2557 ) ;
#7544 = VECTOR ( 'NONE', #6181, 1000.000000000000114 ) ;
#7545 = DIRECTION ( 'NONE',  ( 0.000000000000000000, 0.000000000000000000, -1.000000000000000000 ) ) ;
#7546 =( LENGTH_UNIT ( ) NAMED_UNIT ( * ) SI_UNIT ( .MILLI., .METRE. ) );
#7547 = CARTESIAN_POINT ( 'NONE',  ( 2.079999999999999183, 1.458578643762690419, -0.6250000000000005551 ) ) ;
#7548 = SURFACE_STYLE_FILL_AREA ( #4811 ) ;
#7549 = CARTESIAN_POINT ( 'NONE',  ( -1.629999999999998561, -0.5860456806663989493, -3.558573239897463658 ) ) ;
#7550 = VERTEX_POINT ( 'NONE', #6601 ) ;
#7551 = VECTOR ( 'NONE', #7367, 1000.000000000000227 ) ;
#7552 = ORIENTED_EDGE ( 'NONE', *, *, #5937, .T. ) ;
#7553 = EDGE_LOOP ( 'NONE', ( #1688, #3885, #6307, #2441, #134, #6212 ) ) ;
#7554 = CARTESIAN_POINT ( 'NONE',  ( 1.630000000000001004, -0.7999999999999999334, -3.583287396400482105 ) ) ;
#7555 = VECTOR ( 'NONE', #6842, 1000.000000000000000 ) ;
#7556 = DIRECTION ( 'NONE',  ( 0.000000000000000000, 0.9961946980917455452, -0.08715574274765836016 ) ) ;
#7557 = VERTEX_POINT ( 'NONE', #7333 ) ;
#7558 = CARTESIAN_POINT ( 'NONE',  ( -0.3599999999999990985, -0.1500000000000001610, -3.160696375133204228 ) ) ;
#7559 = UNCERTAINTY_MEASURE_WITH_UNIT (LENGTH_MEASURE( 1.000000000000000082E-05 ), #6517, 'distance_accuracy_value', 'NONE');
#7560 = COLOUR_RGB ( '',0.6470588235294117974, 0.6196078431372549211, 0.5882352941176470784 ) ;
#7561 = SURFACE_STYLE_USAGE ( .BOTH. , #1155 ) ;
#7562 = EDGE_CURVE ( 'NONE', #2037, #4335, #1200, .T. ) ;
#7563 = AXIS2_PLACEMENT_3D ( 'NONE', #3358, #8197, #1388 ) ;
#7564 = COLOUR_RGB ( '',0.2980392156862745057, 0.2980392156862745057, 0.2980392156862745057 ) ;
#7565 = CARTESIAN_POINT ( 'NONE',  ( -3.104999999999999094, 0.000000000000000000, 3.100000000000000089 ) ) ;
#7566 = CARTESIAN_POINT ( 'NONE',  ( -1.629999999999998561, -0.7999999999999999334, 3.583287396400482105 ) ) ;
#7567 = ORIENTED_EDGE ( 'NONE', *, *, #6711, .F. ) ;
#7568 = SURFACE_SIDE_STYLE ('',( #8192 ) ) ;
#7569 = ORIENTED_EDGE ( 'NONE', *, *, #2895, .F. ) ;
#7570 = ORIENTED_EDGE ( 'NONE', *, *, #2971, .T. ) ;
#7571 = SURFACE_SIDE_STYLE ('',( #2730 ) ) ;
#7572 = DIRECTION ( 'NONE',  ( -1.000000000000000000, -0.000000000000000000, 0.000000000000000000 ) ) ;
#7573 = CARTESIAN_POINT ( 'NONE',  ( -0.9099999999999991429, -0.09593147900040142895, -3.369176195092057569 ) ) ;
#7574 = DIRECTION ( 'NONE',  ( 0.7071067811865474617, 0.000000000000000000, -0.7071067811865474617 ) ) ;
#7575 = VERTEX_POINT ( 'NONE', #6683 ) ;
#7576 = CARTESIAN_POINT ( 'NONE',  ( 0.9100000000000010303, -0.2500000000000000000, 3.160696375133204672 ) ) ;
#7577 = ORIENTED_EDGE ( 'NONE', *, *, #1283, .T. ) ;
#7578 = PLANE ( 'NONE',  #7950 ) ;
#7579 = EDGE_CURVE ( 'NONE', #3516, #2133, #6069, .T. ) ;
#7580 = ADVANCED_FACE ( 'NONE', ( #4609 ), #1697, .T. ) ;
#7581 = SURFACE_SIDE_STYLE ('',( #7668 ) ) ;
#7582 = PRESENTATION_STYLE_ASSIGNMENT (( #4086 ) ) ;
#7583 = ORIENTED_EDGE ( 'NONE', *, *, #8999, .T. ) ;
#7584 = EDGE_LOOP ( 'NONE', ( #4369, #612, #4020, #2874 ) ) ;
#7585 =( NAMED_UNIT ( * ) PLANE_ANGLE_UNIT ( ) SI_UNIT ( $, .RADIAN. ) );
#7586 = ADVANCED_FACE ( 'NONE', ( #4467, #6787, #2017, #1923, #6291 ), #4747, .T. ) ;
#7587 = DIRECTION ( 'NONE',  ( 0.7071067811865444641, 0.000000000000000000, -0.7071067811865505703 ) ) ;
#7588 = FILL_AREA_STYLE ('',( #2026 ) ) ;
#7589 = CARTESIAN_POINT ( 'NONE',  ( 1.630000000000001004, -0.5499999999999999334, 3.651850830482211929 ) ) ;
#7590 = FILL_AREA_STYLE ('',( #1456 ) ) ;
#7591 = LINE ( 'NONE', #5495, #5153 ) ;
#7592 = ORIENTED_EDGE ( 'NONE', *, *, #4762, .T. ) ;
#7593 =( NAMED_UNIT ( * ) SI_UNIT ( $, .STERADIAN. ) SOLID_ANGLE_UNIT ( ) );
#7594 = CARTESIAN_POINT ( 'NONE',  ( -2.079999999999997851, -0.6500000000000000222, -4.150000000000000355 ) ) ;
#7595 = CARTESIAN_POINT ( 'NONE',  ( -0.3599999999999990985, -0.2500000000000000000, -3.160696375133204672 ) ) ;
#7596 = ORIENTED_EDGE ( 'NONE', *, *, #2904, .T. ) ;
#7597 = VECTOR ( 'NONE', #385, 1000.000000000000000 ) ;
#7598 = ORIENTED_EDGE ( 'NONE', *, *, #1095, .T. ) ;
#7599 = ORIENTED_EDGE ( 'NONE', *, *, #5186, .F. ) ;
#7600 = DIRECTION ( 'NONE',  ( 1.000000000000000000, 0.000000000000000000, 0.000000000000000000 ) ) ;
#7601 = LINE ( 'NONE', #2038, #2300 ) ;
#7602 = ORIENTED_EDGE ( 'NONE', *, *, #7990, .T. ) ;
#7603 = CARTESIAN_POINT ( 'NONE',  ( -2.179999999999998828, 0.000000000000000000, 2.969702453438674006 ) ) ;
#7604 = AXIS2_PLACEMENT_3D ( 'NONE', #7702, #885, #7869 ) ;
#7605 = PLANE ( 'NONE',  #8256 ) ;
#7606 = FACE_OUTER_BOUND ( 'NONE', #6864, .T. ) ;
#7607 = COLOUR_RGB ( '',0.6470588235294117974, 0.6196078431372549211, 0.5882352941176470784 ) ;
#7608 = VERTEX_POINT ( 'NONE', #6882 ) ;
#7609 = CIRCLE ( 'NONE', #8924, 0.1499999999999999667 ) ;
#7610 = ADVANCED_FACE ( 'NONE', ( #8259 ), #580, .T. ) ;
#7611 = ORIENTED_EDGE ( 'NONE', *, *, #1669, .F. ) ;
#7612 = VECTOR ( 'NONE', #2218, 1000.000000000000227 ) ;
#7613 = CARTESIAN_POINT ( 'NONE',  ( -0.3599999999999990985, -0.7999999999999999334, -3.583287396400482105 ) ) ;
#7614 = LINE ( 'NONE', #8406, #5081 ) ;
#7615 = ORIENTED_EDGE ( 'NONE', *, *, #6854, .T. ) ;
#7616 = EDGE_CURVE ( 'NONE', #1479, #4948, #7162, .T. ) ;
#7617 = CARTESIAN_POINT ( 'NONE',  ( -0.3599999999999990985, -0.5860456806663989493, -3.558573239897463658 ) ) ;
#7618 = PRESENTATION_STYLE_ASSIGNMENT (( #4693 ) ) ;
#7619 = ADVANCED_FACE ( 'NONE', ( #2054 ), #4835, .T. ) ;
#7620 = ORIENTED_EDGE ( 'NONE', *, *, #4166, .F. ) ;
#7621 = VECTOR ( 'NONE', #6080, 1000.000000000000000 ) ;
#7622 = CARTESIAN_POINT ( 'NONE',  ( -0.7685786437626899170, 1.500000000000000000, 0.5835786437626900858 ) ) ;
#7623 = DIRECTION ( 'NONE',  ( 1.000000000000000000, 0.000000000000000000, 0.000000000000000000 ) ) ;
#7624 =( NAMED_UNIT ( * ) PLANE_ANGLE_UNIT ( ) SI_UNIT ( $, .RADIAN. ) );
#7625 = SURFACE_STYLE_FILL_AREA ( #4183 ) ;
#7626 = VECTOR ( 'NONE', #6558, 1000.000000000000000 ) ;
#7627 = ORIENTED_EDGE ( 'NONE', *, *, #7875, .T. ) ;
#7628 =( GEOMETRIC_REPRESENTATION_CONTEXT ( 3 ) GLOBAL_UNCERTAINTY_ASSIGNED_CONTEXT ( ( #4163 ) ) GLOBAL_UNIT_ASSIGNED_CONTEXT ( ( #1501, #8353, #140 ) ) REPRESENTATION_CONTEXT ( 'NONE', 'WORKASPACE' ) );
#7629 = ORIENTED_EDGE ( 'NONE', *, *, #7562, .T. ) ;
#7630 =( LENGTH_UNIT ( ) NAMED_UNIT ( * ) SI_UNIT ( .MILLI., .METRE. ) );
#7631 = VECTOR ( 'NONE', #4315, 1000.000000000000000 ) ;
#7632 = AXIS2_PLACEMENT_3D ( 'NONE', #5029, #7808, #4336 ) ;
#7633 = CARTESIAN_POINT ( 'NONE',  ( 0.4600000000000003531, 1.100000000000000089, -0.6250000000000004441 ) ) ;
#7634 = DIRECTION ( 'NONE',  ( -1.000000000000000000, -0.000000000000000000, -0.000000000000000000 ) ) ;
#7635 = LINE ( 'NONE', #681, #3801 ) ;
#7636 = ORIENTED_EDGE ( 'NONE', *, *, #8778, .F. ) ;
#7637 = SURFACE_SIDE_STYLE ('',( #6429 ) ) ;
#7638 = DIRECTION ( 'NONE',  ( 0.000000000000000000, 1.000000000000000000, 0.000000000000000000 ) ) ;
#7639 = ORIENTED_EDGE ( 'NONE', *, *, #4442, .F. ) ;
#7640 = SURFACE_STYLE_USAGE ( .BOTH. , #6470 ) ;
#7641 = STYLED_ITEM ( 'NONE', ( #5756 ), #7071 ) ;
#7642 = ORIENTED_EDGE ( 'NONE', *, *, #2484, .T. ) ;
#7643 = ORIENTED_EDGE ( 'NONE', *, *, #7464, .F. ) ;
#7644 = CARTESIAN_POINT ( 'NONE',  ( 2.079999999999999183, 1.100000000000000089, -0.6250000000000004441 ) ) ;
#7645 = CARTESIAN_POINT ( 'NONE',  ( 3.105000000000000870, -0.1499999999999999944, 3.100000000000000089 ) ) ;
#7646 = VECTOR ( 'NONE', #1630, 1000.000000000000000 ) ;
#7647 = VECTOR ( 'NONE', #8887, 1000.000000000000000 ) ;
#7648 = AXIS2_PLACEMENT_3D ( 'NONE', #7766, #6312, #7688 ) ;
#7649 =( NAMED_UNIT ( * ) PLANE_ANGLE_UNIT ( ) SI_UNIT ( $, .RADIAN. ) );
#7650 = ADVANCED_FACE ( 'NONE', ( #1491 ), #4971, .T. ) ;
#7651 =( NAMED_UNIT ( * ) SI_UNIT ( $, .STERADIAN. ) SOLID_ANGLE_UNIT ( ) );
#7652 =( GEOMETRIC_REPRESENTATION_CONTEXT ( 3 ) GLOBAL_UNCERTAINTY_ASSIGNED_CONTEXT ( ( #603 ) ) GLOBAL_UNIT_ASSIGNED_CONTEXT ( ( #7546, #8089, #8224 ) ) REPRESENTATION_CONTEXT ( 'NONE', 'WORKASPACE' ) );
#7653 = VECTOR ( 'NONE', #6805, 1000.000000000000000 ) ;
#7654 = ORIENTED_EDGE ( 'NONE', *, *, #8621, .T. ) ;
#7655 = UNCERTAINTY_MEASURE_WITH_UNIT (LENGTH_MEASURE( 1.000000000000000082E-05 ), #2074, 'distance_accuracy_value', 'NONE');
#7656 = EDGE_LOOP ( 'NONE', ( #3461, #8772, #4370, #1638 ) ) ;
#7657 = MECHANICAL_DESIGN_GEOMETRIC_PRESENTATION_REPRESENTATION (  '', ( #1083 ), #7355 ) ;
#7658 = CARTESIAN_POINT ( 'NONE',  ( -1.629999999999998561, -0.7999999999999999334, 4.049999999999999822 ) ) ;
#7659 = PRESENTATION_STYLE_ASSIGNMENT (( #3488 ) ) ;
#7660 = ORIENTED_EDGE ( 'NONE', *, *, #2362, .F. ) ;
#7661 = DIRECTION ( 'NONE',  ( 1.000000000000000000, 0.000000000000000000, -3.942553354492737614E-16 ) ) ;
#7662 = ORIENTED_EDGE ( 'NONE', *, *, #6641, .F. ) ;
#7663 = VECTOR ( 'NONE', #5787, 1000.000000000000114 ) ;
#7664 = DIRECTION ( 'NONE',  ( -0.7071067811865505703, -0.000000000000000000, -0.7071067811865444641 ) ) ;
#7665 = DIRECTION ( 'NONE',  ( 0.7071067811865505703, 0.000000000000000000, -0.7071067811865444641 ) ) ;
#7666 = CARTESIAN_POINT ( 'NONE',  ( -1.629999999999998561, -0.5860456806663989493, 3.558573239897463658 ) ) ;
#7667 = STYLED_ITEM ( 'NONE', ( #7822 ), #4474 ) ;
#7668 = SURFACE_STYLE_FILL_AREA ( #89 ) ;
#7669 = EDGE_CURVE ( 'NONE', #2288, #6110, #5096, .T. ) ;
#7670 = ORIENTED_EDGE ( 'NONE', *, *, #3577, .F. ) ;
#7671 = FACE_BOUND ( 'NONE', #6521, .T. ) ;
#7672 = COLOUR_RGB ( '',0.6470588235294117974, 0.6196078431372549211, 0.5882352941176470784 ) ;
#7673 = DIRECTION ( 'NONE',  ( 3.942553354492739094E-16, -0.000000000000000000, 1.000000000000000000 ) ) ;
#7674 =( LENGTH_UNIT ( ) NAMED_UNIT ( * ) SI_UNIT ( .MILLI., .METRE. ) );
#7675 = DIRECTION ( 'NONE',  ( -1.000000000000000000, -0.000000000000000000, -0.000000000000000000 ) ) ;
#7676 = ORIENTED_EDGE ( 'NONE', *, *, #2613, .T. ) ;
#7677 = DIRECTION ( 'NONE',  ( 0.000000000000000000, 0.000000000000000000, -1.000000000000000000 ) ) ;
#7678 =( NAMED_UNIT ( * ) SI_UNIT ( $, .STERADIAN. ) SOLID_ANGLE_UNIT ( ) );
#7679 = PRESENTATION_LAYER_ASSIGNMENT (  '', '', ( #6231 ) ) ;
#7680 = DIRECTION ( 'NONE',  ( 0.000000000000000000, 1.000000000000000000, 0.000000000000000000 ) ) ;
#7681 = CARTESIAN_POINT ( 'NONE',  ( 0.8099999999999999423, 1.399999999999999911, -0.6250000000000004441 ) ) ;
#7682 = VERTEX_POINT ( 'NONE', #8387 ) ;
#7683 = VERTEX_POINT ( 'NONE', #2822 ) ;
#7684 = VERTEX_POINT ( 'NONE', #1449 ) ;
#7685 = DIRECTION ( 'NONE',  ( -0.08682659386424777803, 0.9924325091389669673, 0.08682659386424779191 ) ) ;
#7686 = LINE ( 'NONE', #5587, #3875 ) ;
#7687 = MECHANICAL_DESIGN_GEOMETRIC_PRESENTATION_REPRESENTATION (  '', ( #247 ), #8561 ) ;
#7688 = DIRECTION ( 'NONE',  ( 1.000000000000000000, 0.000000000000000000, -3.942553354492739094E-16 ) ) ;
#7689 = CARTESIAN_POINT ( 'NONE',  ( -2.171251133647407183, 1.399999999999999911, -1.991251133647408134 ) ) ;
#7690 = ADVANCED_FACE ( 'NONE', ( #7833 ), #4365, .F. ) ;
#7691 = EDGE_CURVE ( 'NONE', #1855, #7273, #5621, .T. ) ;
#7692 = CARTESIAN_POINT ( 'NONE',  ( 2.955000000000000959, -0.1499999999999999944, -2.949999999999999734 ) ) ;
#7693 = AXIS2_PLACEMENT_3D ( 'NONE', #8088, #370, #1838 ) ;
#7694 =( GEOMETRIC_REPRESENTATION_CONTEXT ( 3 ) GLOBAL_UNCERTAINTY_ASSIGNED_CONTEXT ( ( #2591 ) ) GLOBAL_UNIT_ASSIGNED_CONTEXT ( ( #5012, #8433, #5699 ) ) REPRESENTATION_CONTEXT ( 'NONE', 'WORKASPACE' ) );
#7695 = AXIS2_PLACEMENT_3D ( 'NONE', #8670, #7849, #3055 ) ;
#7696 = EDGE_CURVE ( 'NONE', #8478, #6110, #894, .T. ) ;
#7697 = ORIENTED_EDGE ( 'NONE', *, *, #6206, .T. ) ;
#7698 = ORIENTED_EDGE ( 'NONE', *, *, #7937, .F. ) ;
#7699 = AXIS2_PLACEMENT_3D ( 'NONE', #2317, #5194, #3754 ) ;
#7700 = DIRECTION ( 'NONE',  ( 0.000000000000000000, -1.000000000000000000, 0.000000000000000000 ) ) ;
#7701 = PLANE ( 'NONE',  #8503 ) ;
#7702 = CARTESIAN_POINT ( 'NONE',  ( 0.3600000000000009859, -0.6500000000000000222, -3.583287396400481217 ) ) ;
#7703 = VERTEX_POINT ( 'NONE', #6456 ) ;
#7704 = DIRECTION ( 'NONE',  ( 1.000000000000000000, 0.000000000000000000, -4.336808689942025625E-15 ) ) ;
#7705 = CARTESIAN_POINT ( 'NONE',  ( 0.9100000000000010303, -0.1499999999999999944, 2.969702453438674006 ) ) ;
#7706 = VECTOR ( 'NONE', #6813, 1000.000000000000000 ) ;
#7707 = CARTESIAN_POINT ( 'NONE',  ( -0.3599999999999990985, -0.7040685209995984906, -3.443371010523358589 ) ) ;
#7708 = MECHANICAL_DESIGN_GEOMETRIC_PRESENTATION_REPRESENTATION (  '', ( #7246 ), #8288 ) ;
#7709 = LINE ( 'NONE', #2866, #8998 ) ;
#7710 = SURFACE_SIDE_STYLE ('',( #6881 ) ) ;
#7711 = VERTEX_POINT ( 'NONE', #216 ) ;
#7712 = ORIENTED_EDGE ( 'NONE', *, *, #6273, .F. ) ;
#7713 =( NAMED_UNIT ( * ) PLANE_ANGLE_UNIT ( ) SI_UNIT ( $, .RADIAN. ) );
#7714 = CARTESIAN_POINT ( 'NONE',  ( -1.629999999999999449, 1.500000000000000000, -1.262607324199603864 ) ) ;
#7715 = EDGE_CURVE ( 'NONE', #7703, #3936, #90, .T. ) ;
#7716 = DIRECTION ( 'NONE',  ( 0.08715574274765836016, -0.9961946980917455452, 0.000000000000000000 ) ) ;
#7717 = DIRECTION ( 'NONE',  ( 1.000000000000000000, 0.000000000000000000, 0.000000000000000000 ) ) ;
#7718 = DIRECTION ( 'NONE',  ( 1.000000000000000000, 0.000000000000000000, 0.000000000000000000 ) ) ;
#7719 = ADVANCED_FACE ( 'NONE', ( #8565 ), #2870, .T. ) ;
#7720 = VERTEX_POINT ( 'NONE', #7271 ) ;
#7721 = CARTESIAN_POINT ( 'NONE',  ( 2.171251133647407183, 1.399999999999999911, 1.991251133647407245 ) ) ;
#7722 = LINE ( 'NONE', #4885, #6885 ) ;
#7723 = PLANE ( 'NONE',  #1977 ) ;
#7724 = CARTESIAN_POINT ( 'NONE',  ( 2.856131547168187179, -0.1414158366685032975, 2.950751016977360752 ) ) ;
#7725 = ORIENTED_EDGE ( 'NONE', *, *, #2245, .F. ) ;
#7726 = DIRECTION ( 'NONE',  ( -0.7071067811865475727, -0.000000000000000000, -0.7071067811865475727 ) ) ;
#7727 = VERTEX_POINT ( 'NONE', #8013 ) ;
#7728 = EDGE_CURVE ( 'NONE', #8603, #8038, #3758, .T. ) ;
#7729 = CARTESIAN_POINT ( 'NONE',  ( -0.3599999999999990985, -0.7040685209995984906, 3.443371010523358589 ) ) ;
#7730 = DIRECTION ( 'NONE',  ( 0.000000000000000000, 0.000000000000000000, 1.000000000000000000 ) ) ;
#7731 = CARTESIAN_POINT ( 'NONE',  ( 2.911271758305166379, -0.6498160896797475772, 2.806652288495991243 ) ) ;
#7732 = FACE_OUTER_BOUND ( 'NONE', #5559, .T. ) ;
#7733 = FILL_AREA_STYLE ('',( #4953 ) ) ;
#7734 = SURFACE_STYLE_FILL_AREA ( #2168 ) ;
#7735 = ORIENTED_EDGE ( 'NONE', *, *, #1252, .T. ) ;
#7736 = EDGE_CURVE ( 'NONE', #3397, #1505, #1113, .T. ) ;
#7737 = DIRECTION ( 'NONE',  ( 0.000000000000000000, 0.000000000000000000, 1.000000000000000000 ) ) ;
#7738 = VECTOR ( 'NONE', #3793, 1000.000000000000000 ) ;
#7739 = ORIENTED_EDGE ( 'NONE', *, *, #67, .F. ) ;
#7740 = SURFACE_STYLE_USAGE ( .BOTH. , #7779 ) ;
#7741 = DIRECTION ( 'NONE',  ( -0.000000000000000000, 1.000000000000000000, -0.000000000000000000 ) ) ;
#7742 = CARTESIAN_POINT ( 'NONE',  ( -3.104999999999999094, -0.1499999999999999944, 3.100000000000000089 ) ) ;
#7743 = AXIS2_PLACEMENT_3D ( 'NONE', #5990, #3902, #546 ) ;
#7744 = ORIENTED_EDGE ( 'NONE', *, *, #8166, .T. ) ;
#7745 = STYLED_ITEM ( 'NONE', ( #359 ), #112 ) ;
#7746 = SURFACE_SIDE_STYLE ('',( #7872 ) ) ;
#7747 =( GEOMETRIC_REPRESENTATION_CONTEXT ( 3 ) GLOBAL_UNCERTAINTY_ASSIGNED_CONTEXT ( ( #7405 ) ) GLOBAL_UNIT_ASSIGNED_CONTEXT ( ( #6567, #1650, #5908 ) ) REPRESENTATION_CONTEXT ( 'NONE', 'WORKASPACE' ) );
#7748 = ADVANCED_FACE ( 'NONE', ( #8745 ), #2413, .F. ) ;
#7749 = DIRECTION ( 'NONE',  ( 0.08682659386424777803, 0.9924325091389669673, -0.08682659386424779191 ) ) ;
#7750 = UNCERTAINTY_MEASURE_WITH_UNIT (LENGTH_MEASURE( 1.000000000000000082E-05 ), #7179, 'distance_accuracy_value', 'NONE');
#7751 = DIRECTION ( 'NONE',  ( 0.000000000000000000, 0.000000000000000000, 1.000000000000000000 ) ) ;
#7752 = DIRECTION ( 'NONE',  ( 0.000000000000000000, 0.000000000000000000, 1.000000000000000000 ) ) ;
#7753 = EDGE_LOOP ( 'NONE', ( #6737, #6948, #4603, #1422 ) ) ;
#7754 = CARTESIAN_POINT ( 'NONE',  ( 2.180000000000001048, -0.6499999999999998002, 3.651850830482212373 ) ) ;
#7755 = LINE ( 'NONE', #7714, #6339 ) ;
#7756 = SURFACE_SIDE_STYLE ('',( #3091 ) ) ;
#7757 = DIRECTION ( 'NONE',  ( -1.000000000000000000, -0.000000000000000000, -0.000000000000000000 ) ) ;
#7758 = LINE ( 'NONE', #1499, #5265 ) ;
#7759 = VERTEX_POINT ( 'NONE', #6548 ) ;
#7760 = CARTESIAN_POINT ( 'NONE',  ( -2.973767004711112882, 1.500000000000000000, -2.968767004711113433 ) ) ;
#7761 = SURFACE_STYLE_USAGE ( .BOTH. , #8314 ) ;
#7762 = ORIENTED_EDGE ( 'NONE', *, *, #8918, .T. ) ;
#7763 = FILL_AREA_STYLE ('',( #4340 ) ) ;
#7764 = ADVANCED_FACE ( 'NONE', ( #8698 ), #433, .T. ) ;
#7765 = DIRECTION ( 'NONE',  ( 0.000000000000000000, 0.9961946980917455452, -0.08715574274765836016 ) ) ;
#7766 = CARTESIAN_POINT ( 'NONE',  ( 1.630000000000000338, 1.399999999999999911, 1.262607324199603642 ) ) ;
#7767 = FACE_OUTER_BOUND ( 'NONE', #3926, .T. ) ;
#7768 = CARTESIAN_POINT ( 'NONE',  ( -2.919242020644469360, -0.5587155742747659248, 2.906255668237037515 ) ) ;
#7769 = FACE_OUTER_BOUND ( 'NONE', #7138, .T. ) ;
#7770 = EDGE_CURVE ( 'NONE', #3208, #3729, #8791, .T. ) ;
#7771 = ADVANCED_FACE ( 'NONE', ( #8652 ), #5929, .T. ) ;
#7772 = ORIENTED_EDGE ( 'NONE', *, *, #1632, .F. ) ;
#7773 = DIRECTION ( 'NONE',  ( -0.000000000000000000, 0.000000000000000000, 1.000000000000000000 ) ) ;
#7774 = VECTOR ( 'NONE', #5607, 1000.000000000000000 ) ;
#7775 = AXIS2_PLACEMENT_3D ( 'NONE', #1507, #3614, #4302 ) ;
#7776 = DIRECTION ( 'NONE',  ( -1.000000000000000000, -0.000000000000000000, -0.000000000000000000 ) ) ;
#7777 = AXIS2_PLACEMENT_3D ( 'NONE', #5605, #5128, #3710 ) ;
#7778 = ORIENTED_EDGE ( 'NONE', *, *, #4442, .T. ) ;
#7779 = SURFACE_SIDE_STYLE ('',( #1387 ) ) ;
#7780 = FILL_AREA_STYLE_COLOUR ( '', #840 ) ;
#7781 = FACE_OUTER_BOUND ( 'NONE', #1833, .T. ) ;
#7782 = AXIS2_PLACEMENT_3D ( 'NONE', #1274, #7623, #4034 ) ;
#7783 = PLANE ( 'NONE',  #6440 ) ;
#7784 = ORIENTED_EDGE ( 'NONE', *, *, #1405, .F. ) ;
#7785 = VECTOR ( 'NONE', #430, 1000.000000000000000 ) ;
#7786 = CARTESIAN_POINT ( 'NONE',  ( 2.180000000000001048, -0.1500000000000001610, -3.160696375133204228 ) ) ;
#7787 =( LENGTH_UNIT ( ) NAMED_UNIT ( * ) SI_UNIT ( .MILLI., .METRE. ) );
#7788 = COLOUR_RGB ( '',0.6470588235294117974, 0.6196078431372549211, 0.5882352941176470784 ) ;
#7789 = VECTOR ( 'NONE', #1966, 1000.000000000000000 ) ;
#7790 = STYLED_ITEM ( 'NONE', ( #3502 ), #1809 ) ;
#7791 =( NAMED_UNIT ( * ) SI_UNIT ( $, .STERADIAN. ) SOLID_ANGLE_UNIT ( ) );
#7792 = DIRECTION ( 'NONE',  ( 1.000000000000000000, 0.000000000000000000, 0.000000000000000000 ) ) ;
#7793 = PRESENTATION_STYLE_ASSIGNMENT (( #6334 ) ) ;
#7794 = CYLINDRICAL_SURFACE ( 'NONE', #5187, 0.1499999999999999667 ) ;
#7795 = SURFACE_SIDE_STYLE ('',( #1536 ) ) ;
#7796 = ADVANCED_FACE ( 'NONE', ( #1072 ), #3842, .F. ) ;
#7797 = VECTOR ( 'NONE', #5799, 1000.000000000000000 ) ;
#7798 = EDGE_LOOP ( 'NONE', ( #8404, #5974, #8450, #6226, #2769, #2123, #4816, #8572 ) ) ;
#7799 = DIRECTION ( 'NONE',  ( 0.000000000000000000, -0.000000000000000000, -1.000000000000000000 ) ) ;
#7800 =( NAMED_UNIT ( * ) PLANE_ANGLE_UNIT ( ) SI_UNIT ( $, .RADIAN. ) );
#7801 = EDGE_CURVE ( 'NONE', #6509, #793, #4690, .T. ) ;
#7802 = STYLED_ITEM ( 'NONE', ( #4833 ), #4072 ) ;
#7803 =( NAMED_UNIT ( * ) PLANE_ANGLE_UNIT ( ) SI_UNIT ( $, .RADIAN. ) );
#7804 = CARTESIAN_POINT ( 'NONE',  ( -2.856131547168185403, -0.1414158366685032975, -2.950751016977360752 ) ) ;
#7805 = SURFACE_STYLE_FILL_AREA ( #3641 ) ;
#7806 = EDGE_LOOP ( 'NONE', ( #1731, #1589, #4546, #8699 ) ) ;
#7807 = FILL_AREA_STYLE_COLOUR ( '', #389 ) ;
#7808 = DIRECTION ( 'NONE',  ( 1.000000000000000000, -0.000000000000000000, 0.000000000000000000 ) ) ;
#7809 = CARTESIAN_POINT ( 'NONE',  ( 0.000000000000000000, 1.100000000000000089, 0.000000000000000000 ) ) ;
#7810 = ORIENTED_EDGE ( 'NONE', *, *, #2402, .T. ) ;
#7811 = LINE ( 'NONE', #7119, #9036 ) ;
#7812 = PRESENTATION_STYLE_ASSIGNMENT (( #4379 ) ) ;
#7813 = EDGE_CURVE ( 'NONE', #8955, #2823, #5476, .T. ) ;
#7814 =( NAMED_UNIT ( * ) SI_UNIT ( $, .STERADIAN. ) SOLID_ANGLE_UNIT ( ) );
#7815 = CARTESIAN_POINT ( 'NONE',  ( 2.175853628428862763, 1.452606756075222938, 1.995853628428862825 ) ) ;
#7816 = PRESENTATION_LAYER_ASSIGNMENT (  '', '', ( #7533 ) ) ;
#7817 = DIRECTION ( 'NONE',  ( 0.08682659386424777803, -0.9924325091389669673, 0.08682659386424779191 ) ) ;
#7818 = DIRECTION ( 'NONE',  ( -0.000000000000000000, 1.000000000000000000, 0.000000000000000000 ) ) ;
#7819 = VERTEX_POINT ( 'NONE', #2639 ) ;
#7820 = SURFACE_STYLE_FILL_AREA ( #2261 ) ;
#7821 = ADVANCED_FACE ( 'NONE', ( #3360 ), #2047, .F. ) ;
#7822 = PRESENTATION_STYLE_ASSIGNMENT (( #7740 ) ) ;
#7823 = CARTESIAN_POINT ( 'NONE',  ( -0.9099999999999991429, -0.6500000000000000222, -4.049999999999998934 ) ) ;
#7824 = CIRCLE ( 'NONE', #8724, 0.1499999999999999667 ) ;
#7825 = CARTESIAN_POINT ( 'NONE',  ( -2.179999999999998828, -0.1500000000000001610, 3.160696375133204228 ) ) ;
#7826 = CARTESIAN_POINT ( 'NONE',  ( 2.819622550835296781, -0.6500000000000001332, -2.814622550835295556 ) ) ;
#7827 = MECHANICAL_DESIGN_GEOMETRIC_PRESENTATION_REPRESENTATION (  '', ( #4178 ), #2304 ) ;
#7828 = VECTOR ( 'NONE', #1728, 1000.000000000000000 ) ;
#7829 = CARTESIAN_POINT ( 'NONE',  ( 0.9100000000000010303, -0.1499999999999999944, -2.969702453438674006 ) ) ;
#7830 = UNCERTAINTY_MEASURE_WITH_UNIT (LENGTH_MEASURE( 1.000000000000000082E-05 ), #5110, 'distance_accuracy_value', 'NONE');
#7831 = AXIS2_PLACEMENT_3D ( 'NONE', #2075, #6311, #4854 ) ;
#7832 = LINE ( 'NONE', #5702, #6626 ) ;
#7833 = FACE_OUTER_BOUND ( 'NONE', #8061, .T. ) ;
#7834 = VERTEX_POINT ( 'NONE', #2688 ) ;
#7835 = VECTOR ( 'NONE', #2437, 1000.000000000000000 ) ;
#7836 = ORIENTED_EDGE ( 'NONE', *, *, #5707, .F. ) ;
#7837 = CARTESIAN_POINT ( 'NONE',  ( -2.179999999999998828, -0.7999999999999999334, -4.049999999999998046 ) ) ;
#7838 = DIRECTION ( 'NONE',  ( -0.000000000000000000, -0.000000000000000000, 1.000000000000000000 ) ) ;
#7839 = ORIENTED_EDGE ( 'NONE', *, *, #5727, .F. ) ;
#7840 = FILL_AREA_STYLE_COLOUR ( '', #3415 ) ;
#7841 = EDGE_CURVE ( 'NONE', #5367, #474, #4826, .T. ) ;
#7842 = EDGE_CURVE ( 'NONE', #4828, #5623, #2008, .T. ) ;
#7843 = STYLED_ITEM ( 'NONE', ( #3818 ), #6194 ) ;
#7844 = CARTESIAN_POINT ( 'NONE',  ( -2.360654143051549525, 0.06462715080651400268, 3.094345856948449658 ) ) ;
#7845 = FILL_AREA_STYLE_COLOUR ( '', #8277 ) ;
#7846 = FACE_OUTER_BOUND ( 'NONE', #8152, .T. ) ;
#7847 = SURFACE_SIDE_STYLE ('',( #4000 ) ) ;
#7848 = EDGE_LOOP ( 'NONE', ( #3485, #4270, #7260, #1815 ) ) ;
#7849 = DIRECTION ( 'NONE',  ( 0.000000000000000000, 0.000000000000000000, -1.000000000000000000 ) ) ;
#7850 = CARTESIAN_POINT ( 'NONE',  ( 0.8750045345896299009, 1.100000000000000089, -1.897363634673488861E-16 ) ) ;
#7851 = EDGE_CURVE ( 'NONE', #5045, #8201, #5384, .T. ) ;
#7852 = ORIENTED_EDGE ( 'NONE', *, *, #5820, .T. ) ;
#7853 = FILL_AREA_STYLE ('',( #7989 ) ) ;
#7854 = PLANE ( 'NONE',  #3180 ) ;
#7855 = LINE ( 'NONE', #5080, #8065 ) ;
#7856 = LINE ( 'NONE', #52, #6879 ) ;
#7857 = SURFACE_STYLE_FILL_AREA ( #7733 ) ;
#7858 = PLANE ( 'NONE',  #7013 ) ;
#7859 = CARTESIAN_POINT ( 'NONE',  ( -2.811576899921969019, -0.6506777850238344429, 2.906196369731144813 ) ) ;
#7860 = CARTESIAN_POINT ( 'NONE',  ( 0.9100000000000010303, -0.2139543193336009841, -3.253973965717952943 ) ) ;
#7861 = CARTESIAN_POINT ( 'NONE',  ( 2.180000000000001048, -0.7040685209995984906, -3.443371010523358589 ) ) ;
#7862 = ORIENTED_EDGE ( 'NONE', *, *, #7233, .F. ) ;
#7863 = ORIENTED_EDGE ( 'NONE', *, *, #6510, .T. ) ;
#7864 = SURFACE_STYLE_USAGE ( .BOTH. , #1799 ) ;
#7865 = SURFACE_STYLE_FILL_AREA ( #977 ) ;
#7866 = FILL_AREA_STYLE_COLOUR ( '', #4769 ) ;
#7867 = CARTESIAN_POINT ( 'NONE',  ( 1.630000000000001004, -0.2139543193336009841, 3.253973965717952943 ) ) ;
#7868 = DIRECTION ( 'NONE',  ( 1.000000000000000000, 0.000000000000000000, 0.000000000000000000 ) ) ;
#7869 = DIRECTION ( 'NONE',  ( 0.000000000000000000, 0.000000000000000000, -1.000000000000000000 ) ) ;
#7870 = DIRECTION ( 'NONE',  ( 0.000000000000000000, -0.9961946980917455452, 0.08715574274765836016 ) ) ;
#7871 = EDGE_CURVE ( 'NONE', #3888, #8957, #4121, .T. ) ;
#7872 = SURFACE_STYLE_FILL_AREA ( #5614 ) ;
#7873 = VERTEX_POINT ( 'NONE', #3975 ) ;
#7874 = DIRECTION ( 'NONE',  ( -0.08715574274765836016, -0.9961946980917455452, 3.436161659330867058E-17 ) ) ;
#7875 = EDGE_CURVE ( 'NONE', #2320, #5649, #4738, .T. ) ;
#7876 = EDGE_CURVE ( 'NONE', #7477, #186, #4787, .T. ) ;
#7877 = VECTOR ( 'NONE', #2877, 1000.000000000000000 ) ;
#7878 = DIRECTION ( 'NONE',  ( 1.000000000000000000, 0.000000000000000000, -0.000000000000000000 ) ) ;
#7879 = FILL_AREA_STYLE ('',( #2319 ) ) ;
#7881 = ORIENTED_EDGE ( 'NONE', *, *, #5039, .F. ) ;
#7880 = EDGE_CURVE ( 'NONE', #6559, #8842, #4320, .T. ) ;
#7882 = SURFACE_STYLE_USAGE ( .BOTH. , #3564 ) ;
#7883 = EDGE_LOOP ( 'NONE', ( #3812, #6920, #1890, #8683 ) ) ;
#7884 =( NAMED_UNIT ( * ) SI_UNIT ( $, .STERADIAN. ) SOLID_ANGLE_UNIT ( ) );
#7885 = ORIENTED_EDGE ( 'NONE', *, *, #7233, .T. ) ;
#7886 = MECHANICAL_DESIGN_GEOMETRIC_PRESENTATION_REPRESENTATION (  '', ( #3648 ), #883 ) ;
#7887 = UNCERTAINTY_MEASURE_WITH_UNIT (LENGTH_MEASURE( 1.000000000000000082E-05 ), #5041, 'distance_accuracy_value', 'NONE');
#7888 = VERTEX_POINT ( 'NONE', #6919 ) ;
#7889 = MECHANICAL_DESIGN_GEOMETRIC_PRESENTATION_REPRESENTATION (  '', ( #6704 ), #8608 ) ;
#7890 = EDGE_LOOP ( 'NONE', ( #7241, #2472, #231, #6886 ) ) ;
#7891 = CARTESIAN_POINT ( 'NONE',  ( -0.3687488663525926302, 1.399999999999999911, -1.991251133647408134 ) ) ;
#7892 = CARTESIAN_POINT ( 'NONE',  ( 0.9100000000000010303, -0.6500000000000000222, -4.150000000000000355 ) ) ;
#7893 = CARTESIAN_POINT ( 'NONE',  ( 2.180000000000001048, -0.1499999999999999944, 3.100000000000000089 ) ) ;
#7894 = AXIS2_PLACEMENT_3D ( 'NONE', #4547, #1074, #3844 ) ;
#7895 = ORIENTED_EDGE ( 'NONE', *, *, #4246, .F. ) ;
#7896 = CARTESIAN_POINT ( 'NONE',  ( -0.9099999999999991429, -0.7999999999999999334, 3.583287396400482105 ) ) ;
#7897 = ORIENTED_EDGE ( 'NONE', *, *, #2092, .F. ) ;
#7898 = CARTESIAN_POINT ( 'NONE',  ( 0.4599999999999999090, 1.100000000000000089, 0.6249999999999995559 ) ) ;
#7899 = CARTESIAN_POINT ( 'NONE',  ( -1.979999999999999094, 1.399999999999999911, -6.869504964868152150E-16 ) ) ;
#7900 = CYLINDRICAL_SURFACE ( 'NONE', #8708, 0.09999999999999982514 ) ;
#7901 = CIRCLE ( 'NONE', #3528, 0.1499999999999999667 ) ;
#7902 = FILL_AREA_STYLE ('',( #8495 ) ) ;
#7903 = FILL_AREA_STYLE ('',( #914 ) ) ;
#7904 = CARTESIAN_POINT ( 'NONE',  ( 2.180000000000001048, -0.7999999999999999334, -3.583287396400482105 ) ) ;
#7905 = CARTESIAN_POINT ( 'NONE',  ( -2.179999999999999716, 1.500000000000000000, -2.000000000000000444 ) ) ;
#7906 = LINE ( 'NONE', #3028, #5608 ) ;
#7907 = COLOUR_RGB ( '',0.6470588235294117974, 0.6196078431372549211, 0.5882352941176470784 ) ;
#7908 = VECTOR ( 'NONE', #4353, 1000.000000000000000 ) ;
#7909 = VERTEX_POINT ( 'NONE', #6242 ) ;
#7910 = EDGE_LOOP ( 'NONE', ( #5857, #7518, #6922, #327 ) ) ;
#7911 = ORIENTED_EDGE ( 'NONE', *, *, #8880, .F. ) ;
#7912 = EDGE_CURVE ( 'NONE', #7537, #3977, #2771, .T. ) ;
#7913 = VECTOR ( 'NONE', #2361, 1000.000000000000114 ) ;
#7914 = VECTOR ( 'NONE', #5831, 1000.000000000000000 ) ;
#7915 = PRESENTATION_LAYER_ASSIGNMENT (  '', '', ( #180 ) ) ;
#7916 =( NAMED_UNIT ( * ) SI_UNIT ( $, .STERADIAN. ) SOLID_ANGLE_UNIT ( ) );
#7917 = FILL_AREA_STYLE_COLOUR ( '', #783 ) ;
#7918 = CARTESIAN_POINT ( 'NONE',  ( 1.630000000000001004, -0.6500000000000000222, -3.583287396400481217 ) ) ;
#7919 = VECTOR ( 'NONE', #2934, 1000.000000000000000 ) ;
#7920 = MECHANICAL_DESIGN_GEOMETRIC_PRESENTATION_REPRESENTATION (  '', ( #330 ), #3678 ) ;
#7921 =( NAMED_UNIT ( * ) PLANE_ANGLE_UNIT ( ) SI_UNIT ( $, .RADIAN. ) );
#7922 = AXIS2_PLACEMENT_3D ( 'NONE', #4139, #2057, #2188 ) ;
#7923 = CARTESIAN_POINT ( 'NONE',  ( 2.079999999999999183, 1.500000000000000000, 0.6249999999999995559 ) ) ;
#7924 = AXIS2_PLACEMENT_3D ( 'NONE', #8530, #5708, #268 ) ;
#7925 = AXIS2_PLACEMENT_3D ( 'NONE', #3572, #736, #1428 ) ;
#7926 = CARTESIAN_POINT ( 'NONE',  ( -2.079999999999997851, -0.7999999999999999334, -4.150000000000000355 ) ) ;
#7927 = VERTEX_POINT ( 'NONE', #4862 ) ;
#7928 = ORIENTED_EDGE ( 'NONE', *, *, #2052, .F. ) ;
#7929 =( NAMED_UNIT ( * ) SI_UNIT ( $, .STERADIAN. ) SOLID_ANGLE_UNIT ( ) );
#7930 = ORIENTED_EDGE ( 'NONE', *, *, #8329, .F. ) ;
#7931 = AXIS2_PLACEMENT_3D ( 'NONE', #4635, #8834, #2584 ) ;
#7932 = ORIENTED_EDGE ( 'NONE', *, *, #8778, .T. ) ;
#7933 = VECTOR ( 'NONE', #3085, 1000.000000000000000 ) ;
#7934 = CIRCLE ( 'NONE', #2115, 0.1499999999999999667 ) ;
#7935 = FILL_AREA_STYLE_COLOUR ( '', #262 ) ;
#7936 = FACE_OUTER_BOUND ( 'NONE', #7656, .T. ) ;
#7937 = EDGE_CURVE ( 'NONE', #3516, #8312, #6281, .T. ) ;
#7938 = STYLED_ITEM ( 'NONE', ( #1544 ), #3794 ) ;
#7939 =( NAMED_UNIT ( * ) PLANE_ANGLE_UNIT ( ) SI_UNIT ( $, .RADIAN. ) );
#7940 = LINE ( 'NONE', #2689, #3323 ) ;
#7941 = COLOUR_RGB ( '',0.6470588235294117974, 0.6196078431372549211, 0.5882352941176470784 ) ;
#7942 = ORIENTED_EDGE ( 'NONE', *, *, #374, .T. ) ;
#7943 = CYLINDRICAL_SURFACE ( 'NONE', #3161, 0.1000000000000000472 ) ;
#7944 = DIRECTION ( 'NONE',  ( 0.000000000000000000, 0.000000000000000000, 1.000000000000000000 ) ) ;
#7945 = ORIENTED_EDGE ( 'NONE', *, *, #3308, .F. ) ;
#7946 =( NAMED_UNIT ( * ) SI_UNIT ( $, .STERADIAN. ) SOLID_ANGLE_UNIT ( ) );
#7947 = AXIS2_PLACEMENT_3D ( 'NONE', #1971, #3820, #3150 ) ;
#7948 =( LENGTH_UNIT ( ) NAMED_UNIT ( * ) SI_UNIT ( .MILLI., .METRE. ) );
#7949 = CARTESIAN_POINT ( 'NONE',  ( 0.9100000000000010303, -0.2500000000000000000, 3.160696375133204672 ) ) ;
#7950 = AXIS2_PLACEMENT_3D ( 'NONE', #669, #2741, #4696 ) ;
#7951 = LINE ( 'NONE', #7768, #5662 ) ;
#7952 = CARTESIAN_POINT ( 'NONE',  ( 0.9099999999999992539, 1.500000000000000000, -1.262607324199603864 ) ) ;
#7953 = CARTESIAN_POINT ( 'NONE',  ( 1.729999999999999760, 1.399999999999999911, -0.6250000000000004441 ) ) ;
#7954 = FACE_OUTER_BOUND ( 'NONE', #1423, .T. ) ;
#7955 = CIRCLE ( 'NONE', #2854, 0.1499999999999999667 ) ;
#7956 = DIRECTION ( 'NONE',  ( 2.168404344971008868E-16, 0.000000000000000000, 1.000000000000000000 ) ) ;
#7957 = ORIENTED_EDGE ( 'NONE', *, *, #8156, .T. ) ;
#7958 = VERTEX_POINT ( 'NONE', #5693 ) ;
#7959 = ORIENTED_EDGE ( 'NONE', *, *, #6109, .T. ) ;
#7960 = PRESENTATION_STYLE_ASSIGNMENT (( #2928 ) ) ;
#7961 = CARTESIAN_POINT ( 'NONE',  ( 0.9099999999999991429, 1.500000000000000000, -2.000000000000000444 ) ) ;
#7962 = ORIENTED_EDGE ( 'NONE', *, *, #2314, .T. ) ;
#7963 = SURFACE_SIDE_STYLE ('',( #5319 ) ) ;
#7964 = PRESENTATION_LAYER_ASSIGNMENT (  '', '', ( #2861 ) ) ;
#7965 = ADVANCED_FACE ( 'NONE', ( #3537 ), #7783, .T. ) ;
#7966 = EDGE_CURVE ( 'NONE', #710, #4501, #123, .T. ) ;
#7967 = PLANE ( 'NONE',  #2432 ) ;
#7968 = DIRECTION ( 'NONE',  ( 0.000000000000000000, -0.9327759058474844878, -0.3604568066639949886 ) ) ;
#7969 = DIRECTION ( 'NONE',  ( 0.000000000000000000, -0.000000000000000000, 1.000000000000000000 ) ) ;
#7970 = FACE_OUTER_BOUND ( 'NONE', #6327, .T. ) ;
#7971 = MECHANICAL_DESIGN_GEOMETRIC_PRESENTATION_REPRESENTATION (  '', ( #3591 ), #5203 ) ;
#7972 = DIRECTION ( 'NONE',  ( 0.000000000000000000, 1.000000000000000000, 0.000000000000000000 ) ) ;
#7973 =( GEOMETRIC_REPRESENTATION_CONTEXT ( 3 ) GLOBAL_UNCERTAINTY_ASSIGNED_CONTEXT ( ( #5746 ) ) GLOBAL_UNIT_ASSIGNED_CONTEXT ( ( #3775, #1006, #5072 ) ) REPRESENTATION_CONTEXT ( 'NONE', 'WORKASPACE' ) );
#7974 = SURFACE_STYLE_FILL_AREA ( #7270 ) ;
#7975 = SURFACE_SIDE_STYLE ('',( #7230 ) ) ;
#7976 = ORIENTED_EDGE ( 'NONE', *, *, #7457, .T. ) ;
#7977 = LINE ( 'NONE', #2507, #7054 ) ;
#7978 = STYLED_ITEM ( 'NONE', ( #6845 ), #6238 ) ;
#7979 = FILL_AREA_STYLE_COLOUR ( '', #6900 ) ;
#7980 = ORIENTED_EDGE ( 'NONE', *, *, #926, .T. ) ;
#7981 = MECHANICAL_DESIGN_GEOMETRIC_PRESENTATION_REPRESENTATION (  '', ( #6961 ), #3030 ) ;
#7982 = UNCERTAINTY_MEASURE_WITH_UNIT (LENGTH_MEASURE( 1.000000000000000082E-05 ), #7102, 'distance_accuracy_value', 'NONE');
#7983 = ORIENTED_EDGE ( 'NONE', *, *, #1303, .T. ) ;
#7984 = UNCERTAINTY_MEASURE_WITH_UNIT (LENGTH_MEASURE( 1.000000000000000082E-05 ), #1435, 'distance_accuracy_value', 'NONE');
#7985 = VECTOR ( 'NONE', #6717, 1000.000000000000000 ) ;
#7986 = EDGE_LOOP ( 'NONE', ( #7298, #581, #767, #4815, #4326, #896, #1089, #726 ) ) ;
#7987 = DIRECTION ( 'NONE',  ( -1.000000000000000000, 0.000000000000000000, -0.000000000000000000 ) ) ;
#7988 = ORIENTED_EDGE ( 'NONE', *, *, #6537, .F. ) ;
#7989 = FILL_AREA_STYLE_COLOUR ( '', #6168 ) ;
#7990 = EDGE_CURVE ( 'NONE', #3970, #7154, #2215, .T. ) ;
#7991 = SURFACE_STYLE_USAGE ( .BOTH. , #2477 ) ;
#7992 = PRESENTATION_STYLE_ASSIGNMENT (( #5217 ) ) ;
#7993 = VECTOR ( 'NONE', #8582, 1000.000000000000000 ) ;
#7994 = CARTESIAN_POINT ( 'NONE',  ( 2.080000000000001403, -0.6500000000000000222, 4.150000000000000355 ) ) ;
#7995 = CARTESIAN_POINT ( 'NONE',  ( 2.955000000000000959, -0.1499999999999999944, -2.850380530190825379 ) ) ;
#7996 = EDGE_CURVE ( 'NONE', #19, #2217, #846, .T. ) ;
#7997 = CARTESIAN_POINT ( 'NONE',  ( 2.911255668237038741, -0.5587155742747659248, 2.914242020644469910 ) ) ;
#7998 = CARTESIAN_POINT ( 'NONE',  ( 1.630000000000001226, 0.000000000000000000, 3.100000000000000089 ) ) ;
#7999 = DIRECTION ( 'NONE',  ( 0.000000000000000000, 0.000000000000000000, 1.000000000000000000 ) ) ;
#8000 = ORIENTED_EDGE ( 'NONE', *, *, #3418, .T. ) ;
#8001 = EDGE_CURVE ( 'NONE', #2056, #4027, #6411, .T. ) ;
#8002 = ORIENTED_EDGE ( 'NONE', *, *, #4618, .T. ) ;
#8003 = ORIENTED_EDGE ( 'NONE', *, *, #4312, .F. ) ;
#8004 = LINE ( 'NONE', #2531, #6760 ) ;
#8005 =( NAMED_UNIT ( * ) PLANE_ANGLE_UNIT ( ) SI_UNIT ( $, .RADIAN. ) );
#8006 = CARTESIAN_POINT ( 'NONE',  ( -0.9099999999999991429, 0.000000000000000000, -3.100000000000000089 ) ) ;
#8007 = DIRECTION ( 'NONE',  ( 1.000000000000000000, -0.000000000000000000, 3.469446951953614189E-16 ) ) ;
#8008 = PLANE ( 'NONE',  #5007 ) ;
#8009 = CARTESIAN_POINT ( 'NONE',  ( 0.000000000000000000, 1.399999999999999911, 0.000000000000000000 ) ) ;
#8010 = CARTESIAN_POINT ( 'NONE',  ( -0.9099999999999991429, -0.09593147900040142895, 3.369176195092057569 ) ) ;
#8011 = LINE ( 'NONE', #5238, #3995 ) ;
#8012 = CARTESIAN_POINT ( 'NONE',  ( -1.430925415241104837, -0.6500000000000000222, 3.850925415241104321 ) ) ;
#8013 = CARTESIAN_POINT ( 'NONE',  ( -2.079999999999999183, -0.7999999999999999334, 4.150000000000000355 ) ) ;
#8014 = STYLED_ITEM ( 'NONE', ( #7441 ), #3059 ) ;
#8015 = VERTEX_POINT ( 'NONE', #2269 ) ;
#8016 = CARTESIAN_POINT ( 'NONE',  ( 2.180000000000001048, 0.000000000000000000, 3.229259809214934052 ) ) ;
#8017 = CARTESIAN_POINT ( 'NONE',  ( -0.5599999999999994982, 1.500000000000000000, 0.5249999999999995781 ) ) ;
#8018 = EDGE_LOOP ( 'NONE', ( #8995, #1220, #4929, #1358, #1790, #5482, #7027, #7284, #6561, #836, #9054, #3112 ) ) ;
#8019 = ORIENTED_EDGE ( 'NONE', *, *, #6611, .F. ) ;
#8020 = EDGE_LOOP ( 'NONE', ( #3803, #4088, #6697, #714, #6857, #5247 ) ) ;
#8021 = FACE_OUTER_BOUND ( 'NONE', #2872, .T. ) ;
#8022 = AXIS2_PLACEMENT_3D ( 'NONE', #3141, #1132, #3276 ) ;
#8023 = PLANE ( 'NONE',  #3174 ) ;
#8024 = EDGE_CURVE ( 'NONE', #3910, #7466, #5740, .T. ) ;
#8025 = DIRECTION ( 'NONE',  ( 0.000000000000000000, -1.000000000000000000, 0.000000000000000000 ) ) ;
#8026 = CARTESIAN_POINT ( 'NONE',  ( 0.9100000000000010303, -0.7999999999999999334, -3.583287396400482105 ) ) ;
#8027 = VERTEX_POINT ( 'NONE', #5780 ) ;
#8028 = DIRECTION ( 'NONE',  ( -0.7071067811865444641, -0.000000000000000000, -0.7071067811865505703 ) ) ;
#8029 = FILL_AREA_STYLE_COLOUR ( '', #6003 ) ;
#8030 = ORIENTED_EDGE ( 'NONE', *, *, #3101, .F. ) ;
#8031 = LINE ( 'NONE', #3777, #468 ) ;
#8032 = CYLINDRICAL_SURFACE ( 'NONE', #795, 0.1499999999999999667 ) ;
#8033 =( NAMED_UNIT ( * ) SI_UNIT ( $, .STERADIAN. ) SOLID_ANGLE_UNIT ( ) );
#8034 = VECTOR ( 'NONE', #1088, 1000.000000000000000 ) ;
#8035 =( NAMED_UNIT ( * ) PLANE_ANGLE_UNIT ( ) SI_UNIT ( $, .RADIAN. ) );
#8036 = DIRECTION ( 'NONE',  ( 0.08715574274765836016, -0.9961946980917455452, 0.000000000000000000 ) ) ;
#8037 = EDGE_LOOP ( 'NONE', ( #2363, #1886, #1351, #8003 ) ) ;
#8038 = VERTEX_POINT ( 'NONE', #7825 ) ;
#8039 = ORIENTED_EDGE ( 'NONE', *, *, #2764, .F. ) ;
#8040 = COLOUR_RGB ( '',0.2980392156862745057, 0.2980392156862745057, 0.2980392156862745057 ) ;
#8041 = SURFACE_STYLE_FILL_AREA ( #379 ) ;
#8042 = SURFACE_STYLE_USAGE ( .BOTH. , #6381 ) ;
#8043 = FILL_AREA_STYLE_COLOUR ( '', #8087 ) ;
#8044 = ADVANCED_FACE ( 'NONE', ( #6324 ), #7701, .F. ) ;
#8045 = STYLED_ITEM ( 'NONE', ( #2237 ), #7433 ) ;
#8046 = PLANE ( 'NONE',  #5461 ) ;
#8047 = SURFACE_STYLE_USAGE ( .BOTH. , #4540 ) ;
#8048 = DIRECTION ( 'NONE',  ( -1.000000000000000000, -0.000000000000000000, -0.000000000000000000 ) ) ;
#8049 = PRESENTATION_LAYER_ASSIGNMENT (  '', '', ( #616 ) ) ;
#8050 = COLOUR_RGB ( '',0.6470588235294117974, 0.6196078431372549211, 0.5882352941176470784 ) ;
#8051 = AXIS2_PLACEMENT_3D ( 'NONE', #2296, #410, #5075 ) ;
#8052 = SURFACE_STYLE_FILL_AREA ( #5277 ) ;
#8053 = UNCERTAINTY_MEASURE_WITH_UNIT (LENGTH_MEASURE( 1.000000000000000082E-05 ), #4876, 'distance_accuracy_value', 'NONE');
#8054 = CARTESIAN_POINT ( 'NONE',  ( 0.3600000000000009859, -0.2500000000000000000, 4.049999999999999822 ) ) ;
#8055 = DIRECTION ( 'NONE',  ( 0.000000000000000000, -0.3604568066639949886, -0.9327759058474844878 ) ) ;
#8056 = MECHANICAL_DESIGN_GEOMETRIC_PRESENTATION_REPRESENTATION (  '', ( #619 ), #196 ) ;
#8057 = ORIENTED_EDGE ( 'NONE', *, *, #6896, .F. ) ;
#8058 = LINE ( 'NONE', #3886, #5854 ) ;
#8059 = CARTESIAN_POINT ( 'NONE',  ( 1.771421356237308453, 1.500000000000000000, 0.5835786437626900858 ) ) ;
#8060 = DIRECTION ( 'NONE',  ( -1.000000000000000000, -0.000000000000000000, -0.000000000000000000 ) ) ;
#8061 = EDGE_LOOP ( 'NONE', ( #6666, #4940, #66, #7957 ) ) ;
#8062 = ORIENTED_EDGE ( 'NONE', *, *, #2402, .F. ) ;
#8063 = VECTOR ( 'NONE', #5188, 1000.000000000000000 ) ;
#8064 = VECTOR ( 'NONE', #3575, 1000.000000000000000 ) ;
#8065 = VECTOR ( 'NONE', #5769, 1000.000000000000000 ) ;
#8066 = AXIS2_PLACEMENT_3D ( 'NONE', #6220, #8311, #4144 ) ;
#8067 =( LENGTH_UNIT ( ) NAMED_UNIT ( * ) SI_UNIT ( .MILLI., .METRE. ) );
#8068 =( LENGTH_UNIT ( ) NAMED_UNIT ( * ) SI_UNIT ( .MILLI., .METRE. ) );
#8069 = CARTESIAN_POINT ( 'NONE',  ( -1.629999999999999671, 1.500000000000000000, -2.000000000000000444 ) ) ;
#8070 = FACE_OUTER_BOUND ( 'NONE', #1464, .T. ) ;
#8071 = CARTESIAN_POINT ( 'NONE',  ( 3.105000000000000870, -0.1499999999999999944, 3.100000000000000089 ) ) ;
#8072 = EDGE_CURVE ( 'NONE', #474, #1938, #1439, .T. ) ;
#8073 = DIRECTION ( 'NONE',  ( -1.000000000000000000, -0.000000000000000000, -0.000000000000000000 ) ) ;
#8074 = ORIENTED_EDGE ( 'NONE', *, *, #3475, .F. ) ;
#8075 = FACE_OUTER_BOUND ( 'NONE', #5759, .T. ) ;
#8076 = CIRCLE ( 'NONE', #6041, 0.09999999999999999167 ) ;
#8077 = PRESENTATION_LAYER_ASSIGNMENT (  '', '', ( #208 ) ) ;
#8078 = AXIS2_PLACEMENT_3D ( 'NONE', #6701, #8828, #1897 ) ;
#8079 = ORIENTED_EDGE ( 'NONE', *, *, #8694, .T. ) ;
#8080 = CARTESIAN_POINT ( 'NONE',  ( -3.104999999999999094, -0.1499999999999999944, -3.100000000000000089 ) ) ;
#8081 = EDGE_CURVE ( 'NONE', #1735, #2655, #1064, .T. ) ;
#8082 = CARTESIAN_POINT ( 'NONE',  ( -0.3599999999999992095, -0.1499999999999999944, -3.100000000000000089 ) ) ;
#8083 = DIRECTION ( 'NONE',  ( -1.000000000000000000, -0.000000000000000000, -0.000000000000000000 ) ) ;
#8084 = PRESENTATION_STYLE_ASSIGNMENT (( #8625 ) ) ;
#8085 = CARTESIAN_POINT ( 'NONE',  ( 1.630000000000001004, 0.000000000000000000, -3.229259809214934052 ) ) ;
#8086 = AXIS2_PLACEMENT_3D ( 'NONE', #574, #2094, #4865 ) ;
#8087 = COLOUR_RGB ( '',0.6470588235294117974, 0.6196078431372549211, 0.5882352941176470784 ) ;
#8088 = CARTESIAN_POINT ( 'NONE',  ( 0.9100000000000010303, -0.2139543193336009841, 3.253973965717952943 ) ) ;
#8089 =( NAMED_UNIT ( * ) PLANE_ANGLE_UNIT ( ) SI_UNIT ( $, .RADIAN. ) );
#8090 = CARTESIAN_POINT ( 'NONE',  ( -0.3600000000000003197, 1.500000000000000000, -2.000000000000000444 ) ) ;
#8091 = VERTEX_POINT ( 'NONE', #75 ) ;
#8092 = PRESENTATION_LAYER_ASSIGNMENT (  '', '', ( #2994 ) ) ;
#8093 = VERTEX_POINT ( 'NONE', #8559 ) ;
#8094 = ORIENTED_EDGE ( 'NONE', *, *, #3451, .F. ) ;
#8095 = VECTOR ( 'NONE', #8651, 1000.000000000000000 ) ;
#8096 = DIRECTION ( 'NONE',  ( 0.000000000000000000, 0.000000000000000000, -1.000000000000000000 ) ) ;
#8097 = DIRECTION ( 'NONE',  ( 0.000000000000000000, 0.000000000000000000, 1.000000000000000000 ) ) ;
#8098 = CARTESIAN_POINT ( 'NONE',  ( 1.729999999999999316, 1.399999999999999911, 0.6249999999999995559 ) ) ;
#8099 = PRESENTATION_LAYER_ASSIGNMENT (  '', '', ( #1842 ) ) ;
#8100 = EDGE_CURVE ( 'NONE', #7530, #7341, #5090, .T. ) ;
#8101 = ORIENTED_EDGE ( 'NONE', *, *, #1246, .F. ) ;
#8102 = VERTEX_POINT ( 'NONE', #6964 ) ;
#8103 = CARTESIAN_POINT ( 'NONE',  ( 1.729999999999999760, 1.399999999999999911, -0.6250000000000004441 ) ) ;
#8104 = DIRECTION ( 'NONE',  ( -1.000000000000000000, -0.000000000000000000, -0.000000000000000000 ) ) ;
#8105 = EDGE_CURVE ( 'NONE', #2091, #8980, #4122, .T. ) ;
#8106 =( LENGTH_UNIT ( ) NAMED_UNIT ( * ) SI_UNIT ( .MILLI., .METRE. ) );
#8107 = STYLED_ITEM ( 'NONE', ( #6272 ), #4656 ) ;
#8108 = VERTEX_POINT ( 'NONE', #383 ) ;
#8109 = DIRECTION ( 'NONE',  ( 0.000000000000000000, 1.000000000000000000, 0.000000000000000000 ) ) ;
#8110 = LINE ( 'NONE', #7372, #5762 ) ;
#8111 = VERTEX_POINT ( 'NONE', #7226 ) ;
#8112 = ORIENTED_EDGE ( 'NONE', *, *, #6495, .F. ) ;
#8113 = CARTESIAN_POINT ( 'NONE',  ( -2.954999999999998739, -0.1499999999999999944, -2.908827693562530570 ) ) ;
#8114 = CARTESIAN_POINT ( 'NONE',  ( 0.9100000000000010303, -0.7999999999999999334, 4.150000000000000355 ) ) ;
#8115 = DIRECTION ( 'NONE',  ( -0.7071067811865475727, -0.000000000000000000, -0.7071067811865475727 ) ) ;
#8116 = PLANE ( 'NONE',  #3271 ) ;
#8117 = DIRECTION ( 'NONE',  ( 1.000000000000000000, 0.000000000000000000, 0.000000000000000000 ) ) ;
#8118 =( GEOMETRIC_REPRESENTATION_CONTEXT ( 3 ) GLOBAL_UNCERTAINTY_ASSIGNED_CONTEXT ( ( #8779 ) ) GLOBAL_UNIT_ASSIGNED_CONTEXT ( ( #8067, #398, #4606 ) ) REPRESENTATION_CONTEXT ( 'NONE', 'WORKASPACE' ) );
#8119 = VERTEX_POINT ( 'NONE', #3835 ) ;
#8120 = SURFACE_SIDE_STYLE ('',( #6024 ) ) ;
#8121 =( GEOMETRIC_REPRESENTATION_CONTEXT ( 3 ) GLOBAL_UNCERTAINTY_ASSIGNED_CONTEXT ( ( #7413 ) ) GLOBAL_UNIT_ASSIGNED_CONTEXT ( ( #7630, #4703, #1235 ) ) REPRESENTATION_CONTEXT ( 'NONE', 'WORKASPACE' ) );
#8122 = VECTOR ( 'NONE', #6071, 1000.000000000000114 ) ;
#8123 = SURFACE_STYLE_USAGE ( .BOTH. , #3896 ) ;
#8124 = ORIENTED_EDGE ( 'NONE', *, *, #5775, .F. ) ;
#8125 = CARTESIAN_POINT ( 'NONE',  ( 0.9100000000000010303, -0.7999999999999999334, 4.049999999999999822 ) ) ;
#8126 = EDGE_CURVE ( 'NONE', #839, #2759, #6543, .T. ) ;
#8127 = FACE_OUTER_BOUND ( 'NONE', #4491, .T. ) ;
#8128 = ADVANCED_FACE ( 'NONE', ( #5190 ), #8738, .F. ) ;
#8129 = VECTOR ( 'NONE', #2686, 1000.000000000000000 ) ;
#8130 = LINE ( 'NONE', #4672, #8567 ) ;
#8131 = SURFACE_STYLE_USAGE ( .BOTH. , #5240 ) ;
#8132 = DIRECTION ( 'NONE',  ( 0.000000000000000000, -0.9327759058474844878, 0.3604568066639949886 ) ) ;
#8133 = CYLINDRICAL_SURFACE ( 'NONE', #5179, 0.09999999999999982514 ) ;
#8134 = ORIENTED_EDGE ( 'NONE', *, *, #8844, .F. ) ;
#8135 = DIRECTION ( 'NONE',  ( 0.08715574274765836016, -0.9961946980917455452, 0.000000000000000000 ) ) ;
#8136 = EDGE_CURVE ( 'NONE', #8038, #5623, #8216, .T. ) ;
#8137 = STYLED_ITEM ( 'NONE', ( #1775 ), #1301 ) ;
#8138 = CARTESIAN_POINT ( 'NONE',  ( 3.105000000000000870, -0.1499999999999999944, 3.100000000000000089 ) ) ;
#8139 = VERTEX_POINT ( 'NONE', #6669 ) ;
#8140 = CARTESIAN_POINT ( 'NONE',  ( -2.179999999999998828, -0.2500000000000000000, 4.049999999999999822 ) ) ;
#8141 = AXIS2_PLACEMENT_3D ( 'NONE', #5682, #8626, #4991 ) ;
#8142 = ORIENTED_EDGE ( 'NONE', *, *, #1868, .F. ) ;
#8143 = UNCERTAINTY_MEASURE_WITH_UNIT (LENGTH_MEASURE( 1.000000000000000082E-05 ), #2659, 'distance_accuracy_value', 'NONE');
#8144 = FACE_OUTER_BOUND ( 'NONE', #4852, .T. ) ;
#8145 = LINE ( 'NONE', #608, #4280 ) ;
#8146 = ORIENTED_EDGE ( 'NONE', *, *, #5869, .T. ) ;
#8147 = LINE ( 'NONE', #3971, #7785 ) ;
#8148 = ORIENTED_EDGE ( 'NONE', *, *, #6097, .T. ) ;
#8149 =( LENGTH_UNIT ( ) NAMED_UNIT ( * ) SI_UNIT ( .MILLI., .METRE. ) );
#8150 = UNCERTAINTY_MEASURE_WITH_UNIT (LENGTH_MEASURE( 1.000000000000000082E-05 ), #8990, 'distance_accuracy_value', 'NONE');
#8151 =( GEOMETRIC_REPRESENTATION_CONTEXT ( 3 ) GLOBAL_UNCERTAINTY_ASSIGNED_CONTEXT ( ( #1909 ) ) GLOBAL_UNIT_ASSIGNED_CONTEXT ( ( #4130, #3283, #4671 ) ) REPRESENTATION_CONTEXT ( 'NONE', 'WORKASPACE' ) );
#8152 = EDGE_LOOP ( 'NONE', ( #8373, #446, #1992, #6726 ) ) ;
#8153 = DIRECTION ( 'NONE',  ( 1.000000000000000000, 0.000000000000000000, 0.000000000000000000 ) ) ;
#8154 = LINE ( 'NONE', #472, #5954 ) ;
#8155 = CARTESIAN_POINT ( 'NONE',  ( -1.629999999999998561, -0.1499999999999999667, 3.229259809214934940 ) ) ;
#8156 = EDGE_CURVE ( 'NONE', #925, #1846, #5967, .T. ) ;
#8157 = ORIENTED_EDGE ( 'NONE', *, *, #5998, .T. ) ;
#8158 = DIRECTION ( 'NONE',  ( 0.000000000000000000, 0.000000000000000000, 1.000000000000000000 ) ) ;
#8159 = DIRECTION ( 'NONE',  ( 0.000000000000000000, 0.000000000000000000, -1.000000000000000000 ) ) ;
#8160 = ORIENTED_EDGE ( 'NONE', *, *, #8692, .T. ) ;
#8161 = EDGE_CURVE ( 'NONE', #5953, #2655, #1063, .T. ) ;
#8162 = EDGE_CURVE ( 'NONE', #6239, #2173, #2497, .T. ) ;
#8163 = FILL_AREA_STYLE ('',( #9002 ) ) ;
#8164 =( LENGTH_UNIT ( ) NAMED_UNIT ( * ) SI_UNIT ( .MILLI., .METRE. ) );
#8165 = DIRECTION ( 'NONE',  ( 3.469446951953614189E-16, 0.000000000000000000, -1.000000000000000000 ) ) ;
#8166 = EDGE_CURVE ( 'NONE', #7118, #5896, #6318, .T. ) ;
#8167 = EDGE_CURVE ( 'NONE', #5755, #7703, #3117, .T. ) ;
#8168 = ORIENTED_EDGE ( 'NONE', *, *, #2737, .T. ) ;
#8169 =( LENGTH_UNIT ( ) NAMED_UNIT ( * ) SI_UNIT ( .MILLI., .METRE. ) );
#8170 = ORIENTED_EDGE ( 'NONE', *, *, #8511, .F. ) ;
#8171 = COLOUR_RGB ( '',0.6470588235294117974, 0.6196078431372549211, 0.5882352941176470784 ) ;
#8172 = CARTESIAN_POINT ( 'NONE',  ( 1.630000000000001004, -0.6499999999999998002, 3.651850830482212373 ) ) ;
#8173 = VERTEX_POINT ( 'NONE', #5273 ) ;
#8174 = LINE ( 'NONE', #1238, #5419 ) ;
#8175 = FILL_AREA_STYLE ('',( #6079 ) ) ;
#8176 = DIRECTION ( 'NONE',  ( -0.000000000000000000, -0.000000000000000000, -1.000000000000000000 ) ) ;
#8177 = CARTESIAN_POINT ( 'NONE',  ( -0.9099999999999991429, -0.6500000000000000222, 4.049999999999999822 ) ) ;
#8178 = DIRECTION ( 'NONE',  ( -1.000000000000000000, 0.000000000000000000, -0.000000000000000000 ) ) ;
#8179 = VERTEX_POINT ( 'NONE', #3791 ) ;
#8180 = CARTESIAN_POINT ( 'NONE',  ( 0.5600000000000003864, 1.500000000000000000, -0.5250000000000004663 ) ) ;
#8181 =( GEOMETRIC_REPRESENTATION_CONTEXT ( 3 ) GLOBAL_UNCERTAINTY_ASSIGNED_CONTEXT ( ( #2713 ) ) GLOBAL_UNIT_ASSIGNED_CONTEXT ( ( #4590, #428, #290 ) ) REPRESENTATION_CONTEXT ( 'NONE', 'WORKASPACE' ) );
#8182 = DIRECTION ( 'NONE',  ( 0.000000000000000000, 1.000000000000000000, 0.000000000000000000 ) ) ;
#8183 = CARTESIAN_POINT ( 'NONE',  ( 0.9100000000000010303, -0.2500000000000000000, -3.160696375133204672 ) ) ;
#8184 = VERTEX_POINT ( 'NONE', #4495 ) ;
#8185 = VECTOR ( 'NONE', #8769, 1000.000000000000000 ) ;
#8186 = DIRECTION ( 'NONE',  ( 0.000000000000000000, -1.000000000000000000, 0.000000000000000000 ) ) ;
#8187 = VECTOR ( 'NONE', #1372, 1000.000000000000000 ) ;
#8188 = DIRECTION ( 'NONE',  ( -0.08682659386424780579, 0.9924325091389669673, -0.08682659386424779191 ) ) ;
#8189 = DIRECTION ( 'NONE',  ( 1.000000000000000000, 0.000000000000000000, 0.000000000000000000 ) ) ;
#8190 = ORIENTED_EDGE ( 'NONE', *, *, #8283, .T. ) ;
#8191 = PLANE ( 'NONE',  #2242 ) ;
#8192 = SURFACE_STYLE_FILL_AREA ( #5471 ) ;
#8193 = ADVANCED_FACE ( 'NONE', ( #7970 ), #8046, .T. ) ;
#8194 = VERTEX_POINT ( 'NONE', #1724 ) ;
#8195 = CARTESIAN_POINT ( 'NONE',  ( -0.3599999999999990985, -0.2500000000000000000, -4.049999999999998046 ) ) ;
#8196 = ORIENTED_EDGE ( 'NONE', *, *, #8831, .T. ) ;
#8197 = DIRECTION ( 'NONE',  ( -1.000000000000000000, -0.000000000000000000, -0.000000000000000000 ) ) ;
#8198 = DIRECTION ( 'NONE',  ( -1.000000000000000000, -0.000000000000000000, -0.000000000000000000 ) ) ;
#8199 = UNCERTAINTY_MEASURE_WITH_UNIT (LENGTH_MEASURE( 1.000000000000000082E-05 ), #1044, 'distance_accuracy_value', 'NONE');
#8200 =( NAMED_UNIT ( * ) SI_UNIT ( $, .STERADIAN. ) SOLID_ANGLE_UNIT ( ) );
#8201 = VERTEX_POINT ( 'NONE', #1801 ) ;
#8202 = LINE ( 'NONE', #4652, #745 ) ;
#8203 = PLANE ( 'NONE',  #1528 ) ;
#8204 = DIRECTION ( 'NONE',  ( 0.000000000000000000, -0.9961946980917455452, -0.08715574274765836016 ) ) ;
#8205 = PRESENTATION_LAYER_ASSIGNMENT (  '', '', ( #766 ) ) ;
#8206 = ORIENTED_EDGE ( 'NONE', *, *, #3533, .T. ) ;
#8207 = VECTOR ( 'NONE', #4300, 1000.000000000000000 ) ;
#8208 = STYLED_ITEM ( 'NONE', ( #346 ), #7771 ) ;
#8209 = STYLED_ITEM ( 'NONE', ( #8428 ), #7137 ) ;
#8210 = SURFACE_STYLE_FILL_AREA ( #4699 ) ;
#8211 = ORIENTED_EDGE ( 'NONE', *, *, #4080, .F. ) ;
#8212 = CARTESIAN_POINT ( 'NONE',  ( -0.3599999999999990985, -0.1499999999999999667, -3.229259809214934940 ) ) ;
#8213 = ORIENTED_EDGE ( 'NONE', *, *, #3929, .T. ) ;
#8214 =( NAMED_UNIT ( * ) PLANE_ANGLE_UNIT ( ) SI_UNIT ( $, .RADIAN. ) );
#8215 = SURFACE_STYLE_USAGE ( .BOTH. , #5441 ) ;
#8216 = CIRCLE ( 'NONE', #4857, 0.09999999999999982514 ) ;
#8217 = VECTOR ( 'NONE', #4288, 1000.000000000000000 ) ;
#8219 = FILL_AREA_STYLE ('',( #3993 ) ) ;
#8218 = CIRCLE ( 'NONE', #7327, 0.1499999999999999667 ) ;
#8220 = ORIENTED_EDGE ( 'NONE', *, *, #285, .T. ) ;
#8221 = EDGE_CURVE ( 'NONE', #3237, #3799, #5866, .T. ) ;
#8222 = CARTESIAN_POINT ( 'NONE',  ( -2.179999999999998828, 1.500000000000000000, 1.999999999999999556 ) ) ;
#8223 = VECTOR ( 'NONE', #483, 1000.000000000000000 ) ;
#8224 =( NAMED_UNIT ( * ) SI_UNIT ( $, .STERADIAN. ) SOLID_ANGLE_UNIT ( ) );
#8225 = COLOUR_RGB ( '',0.2980392156862745057, 0.2980392156862745057, 0.2980392156862745057 ) ;
#8226 = STYLED_ITEM ( 'NONE', ( #484 ), #1604 ) ;
#8227 = ORIENTED_EDGE ( 'NONE', *, *, #175, .T. ) ;
#8228 = CYLINDRICAL_SURFACE ( 'NONE', #8852, 0.09999999999999982514 ) ;
#8229 = ORIENTED_EDGE ( 'NONE', *, *, #8999, .F. ) ;
#8230 = EDGE_LOOP ( 'NONE', ( #549, #3660, #3746, #7411 ) ) ;
#8231 = ORIENTED_EDGE ( 'NONE', *, *, #8388, .T. ) ;
#8232 = DIRECTION ( 'NONE',  ( 0.000000000000000000, 0.000000000000000000, -1.000000000000000000 ) ) ;
#8233 = VECTOR ( 'NONE', #4887, 1000.000000000000000 ) ;
#8234 = CARTESIAN_POINT ( 'NONE',  ( -2.179999999999998828, -0.2500000000000000000, 3.160696375133204672 ) ) ;
#8235 =( LENGTH_UNIT ( ) NAMED_UNIT ( * ) SI_UNIT ( .MILLI., .METRE. ) );
#8236 = MECHANICAL_DESIGN_GEOMETRIC_PRESENTATION_REPRESENTATION (  '', ( #4592 ), #1681 ) ;
#8237 = AXIS2_PLACEMENT_3D ( 'NONE', #3852, #5389, #1177 ) ;
#8238 = SURFACE_STYLE_FILL_AREA ( #6094 ) ;
#8239 = ORIENTED_EDGE ( 'NONE', *, *, #702, .T. ) ;
#8240 = EDGE_CURVE ( 'NONE', #4456, #7154, #930, .T. ) ;
#8241 = ADVANCED_FACE ( 'NONE', ( #3753 ), #3039, .T. ) ;
#8242 = MECHANICAL_DESIGN_GEOMETRIC_PRESENTATION_REPRESENTATION (  '', ( #1684 ), #1383 ) ;
#8243 = VERTEX_POINT ( 'NONE', #8691 ) ;
#8244 = UNCERTAINTY_MEASURE_WITH_UNIT (LENGTH_MEASURE( 1.000000000000000082E-05 ), #8905, 'distance_accuracy_value', 'NONE');
#8245 = ORIENTED_EDGE ( 'NONE', *, *, #6934, .T. ) ;
#8246 = PLANE ( 'NONE',  #5919 ) ;
#8247 = PLANE ( 'NONE',  #5523 ) ;
#8248 = DIRECTION ( 'NONE',  ( -3.469446951953614189E-16, 0.000000000000000000, 1.000000000000000000 ) ) ;
#8249 = CARTESIAN_POINT ( 'NONE',  ( 2.179999999999999716, 1.500000000000000000, 1.262607324199603642 ) ) ;
#8250 = DIRECTION ( 'NONE',  ( 0.000000000000000000, -1.000000000000000000, 0.000000000000000000 ) ) ;
#8251 = EDGE_LOOP ( 'NONE', ( #3110, #2018, #5, #1139 ) ) ;
#8252 = EDGE_CURVE ( 'NONE', #220, #7375, #2349, .T. ) ;
#8253 = PLANE ( 'NONE',  #354 ) ;
#8254 = ORIENTED_EDGE ( 'NONE', *, *, #2948, .T. ) ;
#8255 = CARTESIAN_POINT ( 'NONE',  ( -2.079999999999999183, -0.6500000000000000222, 4.150000000000000355 ) ) ;
#8256 = AXIS2_PLACEMENT_3D ( 'NONE', #7458, #6816, #650 ) ;
#8257 =( NAMED_UNIT ( * ) PLANE_ANGLE_UNIT ( ) SI_UNIT ( $, .RADIAN. ) );
#8258 = STYLED_ITEM ( 'NONE', ( #4093 ), #1994 ) ;
#8259 = FACE_OUTER_BOUND ( 'NONE', #6987, .T. ) ;
#8260 = ORIENTED_EDGE ( 'NONE', *, *, #5139, .F. ) ;
#8261 = VERTEX_POINT ( 'NONE', #2453 ) ;
#8262 = AXIS2_PLACEMENT_3D ( 'NONE', #1228, #8115, #7481 ) ;
#8263 = CARTESIAN_POINT ( 'NONE',  ( -3.104999999999999094, 0.000000000000000000, 3.100000000000000089 ) ) ;
#8264 = DIRECTION ( 'NONE',  ( -2.168404344971008868E-16, 0.000000000000000000, -1.000000000000000000 ) ) ;
#8265 = CARTESIAN_POINT ( 'NONE',  ( 0.9100000000000010303, -0.2500000000000000000, -3.160696375133204672 ) ) ;
#8266 =( NAMED_UNIT ( * ) SI_UNIT ( $, .STERADIAN. ) SOLID_ANGLE_UNIT ( ) );
#8267 = CARTESIAN_POINT ( 'NONE',  ( -2.727500000000000924, 1.500000000000000000, 2.727499999999997815 ) ) ;
#8268 = AXIS2_PLACEMENT_3D ( 'NONE', #6083, #5403, #4001 ) ;
#8269 =( NAMED_UNIT ( * ) SI_UNIT ( $, .STERADIAN. ) SOLID_ANGLE_UNIT ( ) );
#8270 = SURFACE_STYLE_FILL_AREA ( #5494 ) ;
#8271 = CARTESIAN_POINT ( 'NONE',  ( -1.629999999999998561, 0.000000000000000000, -3.100000000000000089 ) ) ;
#8272 = SURFACE_STYLE_USAGE ( .BOTH. , #1288 ) ;
#8273 = DIRECTION ( 'NONE',  ( 0.000000000000000000, 0.000000000000000000, -1.000000000000000000 ) ) ;
#8274 = UNCERTAINTY_MEASURE_WITH_UNIT (LENGTH_MEASURE( 1.000000000000000082E-05 ), #4516, 'distance_accuracy_value', 'NONE');
#8275 = EDGE_CURVE ( 'NONE', #27, #5313, #288, .T. ) ;
#8276 = EDGE_LOOP ( 'NONE', ( #1040, #8528, #2530, #8430 ) ) ;
#8277 = COLOUR_RGB ( '',0.6470588235294117974, 0.6196078431372549211, 0.5882352941176470784 ) ;
#8278 = MECHANICAL_DESIGN_GEOMETRIC_PRESENTATION_REPRESENTATION (  '', ( #6956 ), #7694 ) ;
#8279 = ORIENTED_EDGE ( 'NONE', *, *, #8792, .F. ) ;
#8280 = CARTESIAN_POINT ( 'NONE',  ( 1.730000000000001315, -0.6500000000000000222, -4.150000000000000355 ) ) ;
#8281 = VECTOR ( 'NONE', #6100, 1000.000000000000227 ) ;
#8282 = FACE_OUTER_BOUND ( 'NONE', #8849, .T. ) ;
#8283 = EDGE_CURVE ( 'NONE', #7958, #3931, #6819, .T. ) ;
#8284 = CARTESIAN_POINT ( 'NONE',  ( 0.3600000000000009859, -0.2139543193336009841, 3.253973965717952943 ) ) ;
#8285 = CARTESIAN_POINT ( 'NONE',  ( -2.179999999999998828, -0.6500000000000000222, 3.583287396400481217 ) ) ;
#8286 = EDGE_CURVE ( 'NONE', #8963, #5407, #918, .T. ) ;
#8287 =( GEOMETRIC_REPRESENTATION_CONTEXT ( 3 ) GLOBAL_UNCERTAINTY_ASSIGNED_CONTEXT ( ( #5418 ) ) GLOBAL_UNIT_ASSIGNED_CONTEXT ( ( #6962, #4267, #1526 ) ) REPRESENTATION_CONTEXT ( 'NONE', 'WORKASPACE' ) );
#8288 =( GEOMETRIC_REPRESENTATION_CONTEXT ( 3 ) GLOBAL_UNCERTAINTY_ASSIGNED_CONTEXT ( ( #4781 ) ) GLOBAL_UNIT_ASSIGNED_CONTEXT ( ( #76, #9041, #2807 ) ) REPRESENTATION_CONTEXT ( 'NONE', 'WORKASPACE' ) );
#8289 = DIRECTION ( 'NONE',  ( 0.000000000000000000, 0.000000000000000000, -1.000000000000000000 ) ) ;
#8290 = ORIENTED_EDGE ( 'NONE', *, *, #4136, .T. ) ;
#8291 = MECHANICAL_DESIGN_GEOMETRIC_PRESENTATION_REPRESENTATION (  '', ( #3615 ), #2739 ) ;
#8292 = EDGE_LOOP ( 'NONE', ( #6386, #7660, #5395, #2139 ) ) ;
#8293 = DIRECTION ( 'NONE',  ( -0.000000000000000000, 1.000000000000000000, 0.000000000000000000 ) ) ;
#8294 = LINE ( 'NONE', #4860, #8129 ) ;
#8295 = PRESENTATION_STYLE_ASSIGNMENT (( #4808 ) ) ;
#8296 = CARTESIAN_POINT ( 'NONE',  ( 0.9012511336474073875, 1.399999999999999911, 1.262607324199603420 ) ) ;
#8297 = ORIENTED_EDGE ( 'NONE', *, *, #8961, .F. ) ;
#8298 = DIRECTION ( 'NONE',  ( 0.000000000000000000, -0.08715574274765836016, 0.9961946980917455452 ) ) ;
#8299 = ORIENTED_EDGE ( 'NONE', *, *, #5791, .F. ) ;
#8300 = PLANE ( 'NONE',  #6208 ) ;
#8301 = CARTESIAN_POINT ( 'NONE',  ( 2.080000000000001403, -0.6500000000000000222, 4.150000000000000355 ) ) ;
#8302 =( NAMED_UNIT ( * ) SI_UNIT ( $, .STERADIAN. ) SOLID_ANGLE_UNIT ( ) );
#8303 = FILL_AREA_STYLE_COLOUR ( '', #8524 ) ;
#8304 = ORIENTED_EDGE ( 'NONE', *, *, #8721, .T. ) ;
#8305 = ORIENTED_EDGE ( 'NONE', *, *, #7728, .F. ) ;
#8306 = CARTESIAN_POINT ( 'NONE',  ( 2.180000000000001048, -0.6500000000000000222, 3.651850830482212373 ) ) ;
#8307 = VERTEX_POINT ( 'NONE', #5465 ) ;
#8308 = EDGE_CURVE ( 'NONE', #5019, #6639, #3919, .T. ) ;
#8309 = LINE ( 'NONE', #7633, #1964 ) ;
#8310 = CARTESIAN_POINT ( 'NONE',  ( 2.331575187293962959, 1.100000000000000089, -3.003762470121483119 ) ) ;
#8311 = DIRECTION ( 'NONE',  ( 0.000000000000000000, 0.3604568066639949886, -0.9327759058474844878 ) ) ;
#8312 = VERTEX_POINT ( 'NONE', #560 ) ;
#8313 = SURFACE_STYLE_USAGE ( .BOTH. , #43 ) ;
#8314 = SURFACE_SIDE_STYLE ('',( #2918 ) ) ;
#8315 = EDGE_LOOP ( 'NONE', ( #8361, #1883, #1050, #1166 ) ) ;
#8316 = ORIENTED_EDGE ( 'NONE', *, *, #7504, .F. ) ;
#8317 = EDGE_LOOP ( 'NONE', ( #1766, #6991, #8920, #2059, #6468, #7253, #5227, #5385, #1347, #8442, #7928, #1287 ) ) ;
#8318 = DIRECTION ( 'NONE',  ( 0.000000000000000000, 1.000000000000000000, 0.000000000000000000 ) ) ;
#8319 = LINE ( 'NONE', #7645, #7307 ) ;
#8320 = LINE ( 'NONE', #4818, #838 ) ;
#8321 = VECTOR ( 'NONE', #1245, 1000.000000000000000 ) ;
#8322 = ADVANCED_FACE ( 'NONE', ( #3396 ), #6707, .T. ) ;
#8323 =( LENGTH_UNIT ( ) NAMED_UNIT ( * ) SI_UNIT ( .MILLI., .METRE. ) );
#8324 = FACE_OUTER_BOUND ( 'NONE', #6405, .T. ) ;
#8325 = MECHANICAL_DESIGN_GEOMETRIC_PRESENTATION_REPRESENTATION (  '', ( #2060 ), #7747 ) ;
#8326 = ORIENTED_EDGE ( 'NONE', *, *, #1256, .F. ) ;
#8327 = STYLED_ITEM ( 'NONE', ( #5808 ), #454 ) ;
#8328 = VERTEX_POINT ( 'NONE', #7513 ) ;
#8329 = EDGE_CURVE ( 'NONE', #8799, #8201, #1962, .T. ) ;
#8330 = DIRECTION ( 'NONE',  ( 0.000000000000000000, 0.000000000000000000, -1.000000000000000000 ) ) ;
#8331 = PRESENTATION_LAYER_ASSIGNMENT (  '', '', ( #6006 ) ) ;
#8332 = DIRECTION ( 'NONE',  ( -1.000000000000000000, -0.000000000000000000, -0.000000000000000000 ) ) ;
#8333 = DIRECTION ( 'NONE',  ( 0.000000000000000000, 0.000000000000000000, 1.000000000000000000 ) ) ;
#8334 = EDGE_LOOP ( 'NONE', ( #2968, #3939, #3642, #7190, #1482, #3352, #1441, #1016, #2988, #5478, #3043, #7959, #7039, #5997 ) ) ;
#8335 = CARTESIAN_POINT ( 'NONE',  ( -0.3599999999999990985, -0.6500000000000000222, -4.150000000000000355 ) ) ;
#8336 = PLANE ( 'NONE',  #8086 ) ;
#8337 = ORIENTED_EDGE ( 'NONE', *, *, #401, .T. ) ;
#8338 = AXIS2_PLACEMENT_3D ( 'NONE', #6993, #1945, #4767 ) ;
#8339 = DIRECTION ( 'NONE',  ( 0.08715574274765836016, -0.9961946980917455452, -3.436161659330865826E-17 ) ) ;
#8340 = PRESENTATION_LAYER_ASSIGNMENT (  '', '', ( #4265 ) ) ;
#8341 = ORIENTED_EDGE ( 'NONE', *, *, #1521, .F. ) ;
#8342 = CARTESIAN_POINT ( 'NONE',  ( 2.180000000000001048, -0.6500000000000000222, -3.651850830482212373 ) ) ;
#8343 = DIRECTION ( 'NONE',  ( 0.000000000000000000, 1.000000000000000000, -0.000000000000000000 ) ) ;
#8344 = EDGE_CURVE ( 'NONE', #1740, #4138, #8145, .T. ) ;
#8345 = AXIS2_PLACEMENT_3D ( 'NONE', #298, #3210, #5973 ) ;
#8346 = AXIS2_PLACEMENT_3D ( 'NONE', #6695, #502, #552 ) ;
#8347 = EDGE_CURVE ( 'NONE', #6343, #6225, #7325, .T. ) ;
#8348 = PRESENTATION_STYLE_ASSIGNMENT (( #4045 ) ) ;
#8349 = DIRECTION ( 'NONE',  ( 0.000000000000000000, 0.000000000000000000, 1.000000000000000000 ) ) ;
#8350 = CARTESIAN_POINT ( 'NONE',  ( -0.9099999999999991429, -0.7999999999999999334, -3.583287396400482105 ) ) ;
#8351 = FILL_AREA_STYLE_COLOUR ( '', #2938 ) ;
#8352 = VERTEX_POINT ( 'NONE', #8926 ) ;
#8353 =( NAMED_UNIT ( * ) PLANE_ANGLE_UNIT ( ) SI_UNIT ( $, .RADIAN. ) );
#8354 = UNCERTAINTY_MEASURE_WITH_UNIT (LENGTH_MEASURE( 1.000000000000000082E-05 ), #7674, 'distance_accuracy_value', 'NONE');
#8355 = DIRECTION ( 'NONE',  ( -1.000000000000000000, -0.000000000000000000, -0.000000000000000000 ) ) ;
#8356 = EDGE_CURVE ( 'NONE', #2135, #7177, #2724, .T. ) ;
#8357 = DIRECTION ( 'NONE',  ( 0.08682659386424779191, 0.9924325091389669673, 0.08682659386424777803 ) ) ;
#8358 = VERTEX_POINT ( 'NONE', #4065 ) ;
#8359 = CARTESIAN_POINT ( 'NONE',  ( 0.3600000000000000977, 1.399999999999999911, -1.262607324199603642 ) ) ;
#8360 = ORIENTED_EDGE ( 'NONE', *, *, #2169, .T. ) ;
#8361 = ORIENTED_EDGE ( 'NONE', *, *, #7354, .T. ) ;
#8362 = CARTESIAN_POINT ( 'NONE',  ( -2.179999999999998828, 1.399999999999999911, 1.991251133647407245 ) ) ;
#8363 = CARTESIAN_POINT ( 'NONE',  ( 2.180000000000001048, -0.7040685209995984906, 3.443371010523358589 ) ) ;
#8364 = LINE ( 'NONE', #2129, #1511 ) ;
#8365 = CIRCLE ( 'NONE', #627, 0.09999999999999982514 ) ;
#8366 =( NAMED_UNIT ( * ) PLANE_ANGLE_UNIT ( ) SI_UNIT ( $, .RADIAN. ) );
#8367 = CARTESIAN_POINT ( 'NONE',  ( 0.8099999999999999423, -0.6500000000000000222, -4.150000000000000355 ) ) ;
#8368 = VECTOR ( 'NONE', #2623, 1000.000000000000000 ) ;
#8369 = AXIS2_PLACEMENT_3D ( 'NONE', #786, #6360, #110 ) ;
#8370 = DIRECTION ( 'NONE',  ( 0.000000000000000000, -0.000000000000000000, 1.000000000000000000 ) ) ;
#8371 = VECTOR ( 'NONE', #7661, 1000.000000000000000 ) ;
#8372 = COLOUR_RGB ( '',0.6470588235294117974, 0.6196078431372549211, 0.5882352941176470784 ) ;
#8373 = ORIENTED_EDGE ( 'NONE', *, *, #2802, .F. ) ;
#8374 = UNCERTAINTY_MEASURE_WITH_UNIT (LENGTH_MEASURE( 1.000000000000000082E-05 ), #4193, 'distance_accuracy_value', 'NONE');
#8375 = ORIENTED_EDGE ( 'NONE', *, *, #2476, .F. ) ;
#8376 = LINE ( 'NONE', #2266, #3946 ) ;
#8377 = DIRECTION ( 'NONE',  ( -1.000000000000000000, -0.000000000000000000, 0.000000000000000000 ) ) ;
#8378 = ORIENTED_EDGE ( 'NONE', *, *, #8491, .T. ) ;
#8379 =( LENGTH_UNIT ( ) NAMED_UNIT ( * ) SI_UNIT ( .MILLI., .METRE. ) );
#8380 = ADVANCED_FACE ( 'NONE', ( #7460 ), #1903, .F. ) ;
#8381 = ADVANCED_FACE ( 'NONE', ( #7606 ), #1340, .T. ) ;
#8382 = DIRECTION ( 'NONE',  ( 0.000000000000000000, 0.000000000000000000, -1.000000000000000000 ) ) ;
#8383 = UNCERTAINTY_MEASURE_WITH_UNIT (LENGTH_MEASURE( 1.000000000000000082E-05 ), #8323, 'distance_accuracy_value', 'NONE');
#8384 = CARTESIAN_POINT ( 'NONE',  ( -2.079999999999997851, -0.6500000000000000222, -4.150000000000000355 ) ) ;
#8385 = CARTESIAN_POINT ( 'NONE',  ( -0.3599999999999990985, -0.6499999999999998002, 3.651850830482212373 ) ) ;
#8386 = AXIS2_PLACEMENT_3D ( 'NONE', #1264, #8293, #1212 ) ;
#8387 = CARTESIAN_POINT ( 'NONE',  ( -2.855380530190824828, -0.1499999999999999944, 2.949999999999999734 ) ) ;
#8389 = ORIENTED_EDGE ( 'NONE', *, *, #983, .F. ) ;
#8388 = EDGE_CURVE ( 'NONE', #6999, #6106, #1473, .T. ) ;
#8390 = ORIENTED_EDGE ( 'NONE', *, *, #1017, .F. ) ;
#8391 = FILL_AREA_STYLE ('',( #675 ) ) ;
#8392 = CARTESIAN_POINT ( 'NONE',  ( -1.629999999999999671, 1.500000000000000000, -2.000000000000000444 ) ) ;
#8393 = VERTEX_POINT ( 'NONE', #6436 ) ;
#8394 = MECHANICAL_DESIGN_GEOMETRIC_PRESENTATION_REPRESENTATION (  '', ( #5638 ), #3716 ) ;
#8395 = CARTESIAN_POINT ( 'NONE',  ( -2.079999999999999183, -0.6500000000000000222, 4.150000000000000355 ) ) ;
#8396 = DIRECTION ( 'NONE',  ( -1.000000000000000000, -0.000000000000000000, -0.000000000000000000 ) ) ;
#8397 = CARTESIAN_POINT ( 'NONE',  ( 2.079999999999999183, 1.399999999999999911, -0.6250000000000004441 ) ) ;
#8398 = ORIENTED_EDGE ( 'NONE', *, *, #6493, .T. ) ;
#8399 = CARTESIAN_POINT ( 'NONE',  ( -0.3599999999999990985, -0.5860456806663989493, 3.558573239897463658 ) ) ;
#8400 = DIRECTION ( 'NONE',  ( 0.000000000000000000, -1.000000000000000000, 0.000000000000000000 ) ) ;
#8401 = VECTOR ( 'NONE', #278, 1000.000000000000000 ) ;
#8402 = LINE ( 'NONE', #5143, #3552 ) ;
#8403 = ADVANCED_FACE ( 'NONE', ( #8324 ), #6955, .T. ) ;
#8404 = ORIENTED_EDGE ( 'NONE', *, *, #2358, .F. ) ;
#8405 = CARTESIAN_POINT ( 'NONE',  ( -2.179999999999998828, -0.2139543193336009841, -3.253973965717952943 ) ) ;
#8406 = CARTESIAN_POINT ( 'NONE',  ( -0.4599999999999994649, 1.500000000000000000, 0.5249999999999995781 ) ) ;
#8407 = EDGE_CURVE ( 'NONE', #4350, #2096, #2079, .T. ) ;
#8408 = VERTEX_POINT ( 'NONE', #3481 ) ;
#8409 = DIRECTION ( 'NONE',  ( -1.000000000000000000, -0.000000000000000000, -0.000000000000000000 ) ) ;
#8410 = SURFACE_STYLE_USAGE ( .BOTH. , #6431 ) ;
#8411 = DIRECTION ( 'NONE',  ( -2.168404344971008868E-16, 0.000000000000000000, -1.000000000000000000 ) ) ;
#8412 = VECTOR ( 'NONE', #4050, 1000.000000000000227 ) ;
#8413 = DIRECTION ( 'NONE',  ( 0.000000000000000000, 0.000000000000000000, 1.000000000000000000 ) ) ;
#8414 =( LENGTH_UNIT ( ) NAMED_UNIT ( * ) SI_UNIT ( .MILLI., .METRE. ) );
#8415 = FACE_OUTER_BOUND ( 'NONE', #8761, .T. ) ;
#8416 = EDGE_CURVE ( 'NONE', #6509, #8038, #1432, .T. ) ;
#8417 = LINE ( 'NONE', #1512, #3442 ) ;
#8418 = CARTESIAN_POINT ( 'NONE',  ( -2.179999999999998828, -0.1499999999999999944, 2.969702453438674006 ) ) ;
#8419 = MECHANICAL_DESIGN_GEOMETRIC_PRESENTATION_REPRESENTATION (  '', ( #7978 ), #9024 ) ;
#8420 = ORIENTED_EDGE ( 'NONE', *, *, #2510, .T. ) ;
#8421 = EDGE_CURVE ( 'NONE', #5165, #661, #5686, .T. ) ;
#8422 = ADVANCED_FACE ( 'NONE', ( #4211 ), #8499, .T. ) ;
#8423 =( NAMED_UNIT ( * ) SI_UNIT ( $, .STERADIAN. ) SOLID_ANGLE_UNIT ( ) );
#8424 = ORIENTED_EDGE ( 'NONE', *, *, #2596, .F. ) ;
#8425 = STYLED_ITEM ( 'NONE', ( #7212 ), #5550 ) ;
#8426 = CARTESIAN_POINT ( 'NONE',  ( 0.9099999999999991429, 1.500000000000000000, -2.000000000000000444 ) ) ;
#8427 = DIRECTION ( 'NONE',  ( -0.000000000000000000, -0.000000000000000000, -1.000000000000000000 ) ) ;
#8428 = PRESENTATION_STYLE_ASSIGNMENT (( #12 ) ) ;
#8429 = CARTESIAN_POINT ( 'NONE',  ( -0.9099999999999993650, 1.399999999999999911, 1.262607324199603642 ) ) ;
#8430 = ORIENTED_EDGE ( 'NONE', *, *, #7038, .T. ) ;
#8431 = CARTESIAN_POINT ( 'NONE',  ( -1.629999999999998561, -0.7040685209995984906, -3.443371010523358589 ) ) ;
#8432 = LINE ( 'NONE', #7097, #3847 ) ;
#8433 =( NAMED_UNIT ( * ) PLANE_ANGLE_UNIT ( ) SI_UNIT ( $, .RADIAN. ) );
#8434 = LINE ( 'NONE', #5864, #8063 ) ;
#8435 = EDGE_CURVE ( 'NONE', #2894, #7218, #3620, .T. ) ;
#8436 = EDGE_CURVE ( 'NONE', #2096, #2248, #2924, .T. ) ;
#8437 =( NAMED_UNIT ( * ) SI_UNIT ( $, .STERADIAN. ) SOLID_ANGLE_UNIT ( ) );
#8438 = SURFACE_STYLE_USAGE ( .BOTH. , #5659 ) ;
#8439 = VERTEX_POINT ( 'NONE', #2767 ) ;
#8440 = PLANE ( 'NONE',  #3817 ) ;
#8441 = FACE_OUTER_BOUND ( 'NONE', #7486, .T. ) ;
#8442 = ORIENTED_EDGE ( 'NONE', *, *, #338, .F. ) ;
#8443 = EDGE_CURVE ( 'NONE', #7703, #7888, #2798, .T. ) ;
#8444 = CARTESIAN_POINT ( 'NONE',  ( -1.729999999999998872, 1.399999999999999911, 0.6249999999999995559 ) ) ;
#8445 = EDGE_CURVE ( 'NONE', #8894, #1311, #5086, .T. ) ;
#8446 = LINE ( 'NONE', #4977, #8685 ) ;
#8447 = PLANE ( 'NONE',  #6284 ) ;
#8448 = SURFACE_SIDE_STYLE ('',( #6219 ) ) ;
#8449 =( NAMED_UNIT ( * ) PLANE_ANGLE_UNIT ( ) SI_UNIT ( $, .RADIAN. ) );
#8450 = ORIENTED_EDGE ( 'NONE', *, *, #4331, .T. ) ;
#8451 = DIRECTION ( 'NONE',  ( 0.000000000000000000, 0.000000000000000000, 1.000000000000000000 ) ) ;
#8452 = DIRECTION ( 'NONE',  ( -1.000000000000000000, -0.000000000000000000, -0.000000000000000000 ) ) ;
#8453 = ORIENTED_EDGE ( 'NONE', *, *, #2936, .F. ) ;
#8454 = DIRECTION ( 'NONE',  ( -1.000000000000000000, -0.000000000000000000, -0.000000000000000000 ) ) ;
#8455 = LINE ( 'NONE', #4427, #554 ) ;
#8456 =( BOUNDED_CURVE ( )  B_SPLINE_CURVE ( 3, ( #4970, #853, #4364, #4281 ),
 .UNSPECIFIED., .F., .T. ) 
 B_SPLINE_CURVE_WITH_KNOTS ( ( 4, 4 ),
 ( 5.501585242055421432, 7.064785372303751032 ),
 .UNSPECIFIED. ) 
 CURVE ( )  GEOMETRIC_REPRESENTATION_ITEM ( )  RATIONAL_B_SPLINE_CURVE ( ( 1.000000000000000000, 0.8065248903853490248, 0.8065248903853490248, 1.000000000000000000 ) ) 
 REPRESENTATION_ITEM ( '' )  );
#8457 = DIRECTION ( 'NONE',  ( -0.7071067811865474617, 0.000000000000000000, 0.7071067811865474617 ) ) ;
#8458 = DIRECTION ( 'NONE',  ( -1.000000000000000000, 0.000000000000000000, -3.469446951953615668E-16 ) ) ;
#8459 = LINE ( 'NONE', #235, #1878 ) ;
#8460 =( LENGTH_UNIT ( ) NAMED_UNIT ( * ) SI_UNIT ( .MILLI., .METRE. ) );
#8461 = DIRECTION ( 'NONE',  ( 0.000000000000000000, 0.000000000000000000, 1.000000000000000000 ) ) ;
#8462 = ORIENTED_EDGE ( 'NONE', *, *, #822, .F. ) ;
#8463 = AXIS2_PLACEMENT_3D ( 'NONE', #3589, #5697, #6494 ) ;
#8464 = ORIENTED_EDGE ( 'NONE', *, *, #174, .F. ) ;
#8465 = SURFACE_STYLE_FILL_AREA ( #4314 ) ;
#8466 = LINE ( 'NONE', #2267, #2692 ) ;
#8467 = ORIENTED_EDGE ( 'NONE', *, *, #8252, .F. ) ;
#8468 = COLOUR_RGB ( '',0.6470588235294117974, 0.6196078431372549211, 0.5882352941176470784 ) ;
#8469 = CARTESIAN_POINT ( 'NONE',  ( -1.629999999999998561, -0.09593147900040142895, 3.369176195092057569 ) ) ;
#8470 = EDGE_CURVE ( 'NONE', #3208, #8602, #8548, .T. ) ;
#8471 =( NAMED_UNIT ( * ) PLANE_ANGLE_UNIT ( ) SI_UNIT ( $, .RADIAN. ) );
#8472 = AXIS2_PLACEMENT_3D ( 'NONE', #5111, #7987, #7199 ) ;
#8473 = SURFACE_STYLE_USAGE ( .BOTH. , #129 ) ;
#8474 = UNCERTAINTY_MEASURE_WITH_UNIT (LENGTH_MEASURE( 1.000000000000000082E-05 ), #6924, 'distance_accuracy_value', 'NONE');
#8475 = CARTESIAN_POINT ( 'NONE',  ( -0.3599999999999990985, -0.09593147900040142895, -3.369176195092057569 ) ) ;
#8476 = CARTESIAN_POINT ( 'NONE',  ( -1.629999999999998561, -0.1499999999999999944, 2.969702453438674006 ) ) ;
#8477 = DIRECTION ( 'NONE',  ( -1.000000000000000000, -0.000000000000000000, -0.000000000000000000 ) ) ;
#8478 = VERTEX_POINT ( 'NONE', #967 ) ;
#8479 = DIRECTION ( 'NONE',  ( 0.000000000000000000, -1.000000000000000000, 0.000000000000000000 ) ) ;
#8480 = SURFACE_STYLE_USAGE ( .BOTH. , #136 ) ;
#8481 = AXIS2_PLACEMENT_3D ( 'NONE', #7023, #7718, #5027 ) ;
#8482 = AXIS2_PLACEMENT_3D ( 'NONE', #1547, #4943, #9063 ) ;
#8483 = CARTESIAN_POINT ( 'NONE',  ( -0.5599999999999994982, 1.399999999999999911, 0.000000000000000000 ) ) ;
#8484 = FILL_AREA_STYLE_COLOUR ( '', #6694 ) ;
#8485 = SURFACE_STYLE_FILL_AREA ( #5713 ) ;
#8486 = CARTESIAN_POINT ( 'NONE',  ( -3.104999999999999094, 0.000000000000000000, 3.100000000000000089 ) ) ;
#8487 = ORIENTED_EDGE ( 'NONE', *, *, #2481, .T. ) ;
#8488 = LINE ( 'NONE', #5030, #2207 ) ;
#8489 = EDGE_LOOP ( 'NONE', ( #2625, #1622, #99, #1546 ) ) ;
#8490 = LINE ( 'NONE', #4150, #8207 ) ;
#8491 = EDGE_CURVE ( 'NONE', #4828, #6430, #4484, .T. ) ;
#8492 = AXIS2_PLACEMENT_3D ( 'NONE', #2906, #8477, #2226 ) ;
#8493 = DIRECTION ( 'NONE',  ( -3.469446951953614189E-16, 0.000000000000000000, 1.000000000000000000 ) ) ;
#8494 = SURFACE_SIDE_STYLE ('',( #6359 ) ) ;
#8495 = FILL_AREA_STYLE_COLOUR ( '', #4796 ) ;
#8496 = VECTOR ( 'NONE', #3487, 1000.000000000000000 ) ;
#8497 = AXIS2_PLACEMENT_3D ( 'NONE', #8690, #1758, #4537 ) ;
#8498 = CIRCLE ( 'NONE', #6450, 0.1000000000000001027 ) ;
#8499 = CYLINDRICAL_SURFACE ( 'NONE', #5320, 0.09999999999999982514 ) ;
#8500 = ORIENTED_EDGE ( 'NONE', *, *, #4660, .T. ) ;
#8501 =( NAMED_UNIT ( * ) SI_UNIT ( $, .STERADIAN. ) SOLID_ANGLE_UNIT ( ) );
#8502 = AXIS2_PLACEMENT_3D ( 'NONE', #6597, #5292, #8165 ) ;
#8503 = AXIS2_PLACEMENT_3D ( 'NONE', #8429, #1569, #4355 ) ;
#8504 = ORIENTED_EDGE ( 'NONE', *, *, #5329, .T. ) ;
#8505 =( NAMED_UNIT ( * ) SI_UNIT ( $, .STERADIAN. ) SOLID_ANGLE_UNIT ( ) );
#8506 = CIRCLE ( 'NONE', #4583, 0.1499999999999999667 ) ;
#8507 = VECTOR ( 'NONE', #3862, 1000.000000000000000 ) ;
#8508 = VECTOR ( 'NONE', #6308, 1000.000000000000000 ) ;
#8509 = FILL_AREA_STYLE ('',( #2315 ) ) ;
#8510 = CARTESIAN_POINT ( 'NONE',  ( -2.819622550835295005, -0.5500000000000001554, 0.000000000000000000 ) ) ;
#8511 = EDGE_CURVE ( 'NONE', #5213, #8606, #8812, .T. ) ;
#8512 = SURFACE_STYLE_USAGE ( .BOTH. , #2220 ) ;
#8513 = EDGE_CURVE ( 'NONE', #8719, #7720, #6529, .T. ) ;
#8514 = MECHANICAL_DESIGN_GEOMETRIC_PRESENTATION_REPRESENTATION (  '', ( #5318 ), #4131 ) ;
#8515 =( GEOMETRIC_REPRESENTATION_CONTEXT ( 3 ) GLOBAL_UNCERTAINTY_ASSIGNED_CONTEXT ( ( #7240 ) ) GLOBAL_UNIT_ASSIGNED_CONTEXT ( ( #940, #3044, #4099 ) ) REPRESENTATION_CONTEXT ( 'NONE', 'WORKASPACE' ) );
#8516 =( NAMED_UNIT ( * ) PLANE_ANGLE_UNIT ( ) SI_UNIT ( $, .RADIAN. ) );
#8517 = CARTESIAN_POINT ( 'NONE',  ( -1.629999999999998561, -0.7040685209995984906, 3.443371010523358589 ) ) ;
#8518 = EDGE_CURVE ( 'NONE', #460, #591, #1660, .T. ) ;
#8519 = FACE_OUTER_BOUND ( 'NONE', #1231, .T. ) ;
#8520 =( NAMED_UNIT ( * ) PLANE_ANGLE_UNIT ( ) SI_UNIT ( $, .RADIAN. ) );
#8521 = CARTESIAN_POINT ( 'NONE',  ( 1.630000000000001004, -0.1499999999999999944, 2.969702453438674006 ) ) ;
#8522 = VECTOR ( 'NONE', #2388, 1000.000000000000114 ) ;
#8523 = ORIENTED_EDGE ( 'NONE', *, *, #6345, .F. ) ;
#8524 = COLOUR_RGB ( '',0.6470588235294117974, 0.6196078431372549211, 0.5882352941176470784 ) ;
#8525 = VERTEX_POINT ( 'NONE', #2343 ) ;
#8526 = UNCERTAINTY_MEASURE_WITH_UNIT (LENGTH_MEASURE( 1.000000000000000082E-05 ), #6850, 'distance_accuracy_value', 'NONE');
#8527 =( LENGTH_UNIT ( ) NAMED_UNIT ( * ) SI_UNIT ( .MILLI., .METRE. ) );
#8528 = ORIENTED_EDGE ( 'NONE', *, *, #5685, .T. ) ;
#8529 = CIRCLE ( 'NONE', #8826, 0.09999999999999982514 ) ;
#8530 = CARTESIAN_POINT ( 'NONE',  ( -0.3599999999999990985, 0.000000000000000000, -2.969702453438674006 ) ) ;
#8531 = DIRECTION ( 'NONE',  ( 1.000000000000000000, 0.000000000000000000, 0.000000000000000000 ) ) ;
#8532 =( NAMED_UNIT ( * ) SI_UNIT ( $, .STERADIAN. ) SOLID_ANGLE_UNIT ( ) );
#8533 =( LENGTH_UNIT ( ) NAMED_UNIT ( * ) SI_UNIT ( .MILLI., .METRE. ) );
#8534 = EDGE_LOOP ( 'NONE', ( #5814, #2003, #2715, #9034 ) ) ;
#8535 = CARTESIAN_POINT ( 'NONE',  ( 0.000000000000000000, 1.399999999999999911, 0.5249999999999995781 ) ) ;
#8536 = FACE_OUTER_BOUND ( 'NONE', #50, .T. ) ;
#8537 = ORIENTED_EDGE ( 'NONE', *, *, #6776, .F. ) ;
#8538 = DIRECTION ( 'NONE',  ( 0.000000000000000000, 0.000000000000000000, 1.000000000000000000 ) ) ;
#8539 = AXIS2_PLACEMENT_3D ( 'NONE', #4352, #71, #2210 ) ;
#8540 = CARTESIAN_POINT ( 'NONE',  ( 2.171251133647406295, 1.399999999999999911, -1.991251133647408134 ) ) ;
#8541 = SURFACE_STYLE_FILL_AREA ( #274 ) ;
#8542 = CARTESIAN_POINT ( 'NONE',  ( 0.4600000000000004086, -0.6500000000000000222, -4.150000000000000355 ) ) ;
#8544 = DIRECTION ( 'NONE',  ( 0.7071067811865505703, 0.000000000000000000, -0.7071067811865444641 ) ) ;
#8543 = SURFACE_STYLE_FILL_AREA ( #7903 ) ;
#8545 = VECTOR ( 'NONE', #4855, 1000.000000000000000 ) ;
#8546 = CYLINDRICAL_SURFACE ( 'NONE', #2405, 0.1000000000000000472 ) ;
#8547 = ADVANCED_FACE ( 'NONE', ( #3063 ), #2393, .T. ) ;
#8548 = LINE ( 'NONE', #4385, #1812 ) ;
#8549 = ORIENTED_EDGE ( 'NONE', *, *, #586, .F. ) ;
#8550 = COLOUR_RGB ( '',0.6470588235294117974, 0.6196078431372549211, 0.5882352941176470784 ) ;
#8551 = EDGE_CURVE ( 'NONE', #1291, #3237, #339, .T. ) ;
#8552 = EDGE_CURVE ( 'NONE', #4632, #1121, #3155, .T. ) ;
#8553 = ORIENTED_EDGE ( 'NONE', *, *, #8416, .F. ) ;
#8554 = EDGE_CURVE ( 'NONE', #9061, #6286, #7906, .T. ) ;
#8555 =( LENGTH_UNIT ( ) NAMED_UNIT ( * ) SI_UNIT ( .MILLI., .METRE. ) );
#8556 =( NAMED_UNIT ( * ) PLANE_ANGLE_UNIT ( ) SI_UNIT ( $, .RADIAN. ) );
#8557 = MECHANICAL_DESIGN_GEOMETRIC_PRESENTATION_REPRESENTATION (  '', ( #3455 ), #7973 ) ;
#8558 =( NAMED_UNIT ( * ) SI_UNIT ( $, .STERADIAN. ) SOLID_ANGLE_UNIT ( ) );
#8559 = CARTESIAN_POINT ( 'NONE',  ( -0.4599999999999994649, 1.399999999999999911, -0.6250000000000004441 ) ) ;
#8560 = SURFACE_SIDE_STYLE ('',( #5783 ) ) ;
#8561 =( GEOMETRIC_REPRESENTATION_CONTEXT ( 3 ) GLOBAL_UNCERTAINTY_ASSIGNED_CONTEXT ( ( #5657 ) ) GLOBAL_UNIT_ASSIGNED_CONTEXT ( ( #8169, #3280, #5391 ) ) REPRESENTATION_CONTEXT ( 'NONE', 'WORKASPACE' ) );
#8562 = ORIENTED_EDGE ( 'NONE', *, *, #7057, .T. ) ;
#8563 = AXIS2_PLACEMENT_3D ( 'NONE', #6269, #1469, #5505 ) ;
#8564 = LINE ( 'NONE', #3594, #5040 ) ;
#8565 = FACE_OUTER_BOUND ( 'NONE', #8018, .T. ) ;
#8566 = ORIENTED_EDGE ( 'NONE', *, *, #2948, .F. ) ;
#8567 = VECTOR ( 'NONE', #7440, 1000.000000000000000 ) ;
#8568 = VERTEX_POINT ( 'NONE', #8681 ) ;
#8569 = EDGE_LOOP ( 'NONE', ( #2382, #299, #8220, #5452, #4123, #5790, #2565, #8239, #2489, #2725, #3215, #7642 ) ) ;
#8570 = ORIENTED_EDGE ( 'NONE', *, *, #4357, .F. ) ;
#8571 = STYLED_ITEM ( 'NONE', ( #3483 ), #1339 ) ;
#8572 = ORIENTED_EDGE ( 'NONE', *, *, #1124, .F. ) ;
#8573 = SURFACE_STYLE_FILL_AREA ( #176 ) ;
#8574 =( NAMED_UNIT ( * ) SI_UNIT ( $, .STERADIAN. ) SOLID_ANGLE_UNIT ( ) );
#8575 = SURFACE_SIDE_STYLE ('',( #5109 ) ) ;
#8576 = SPHERICAL_SURFACE ( 'NONE', #8481, 0.1000000000000000056 ) ;
#8577 = EDGE_LOOP ( 'NONE', ( #5663, #8030, #8875, #7567 ) ) ;
#8578 =( NAMED_UNIT ( * ) SI_UNIT ( $, .STERADIAN. ) SOLID_ANGLE_UNIT ( ) );
#8579 = ORIENTED_EDGE ( 'NONE', *, *, #530, .T. ) ;
#8580 = PLANE ( 'NONE',  #6021 ) ;
#8581 = EDGE_CURVE ( 'NONE', #7684, #904, #5022, .T. ) ;
#8582 = DIRECTION ( 'NONE',  ( -1.000000000000000000, -0.000000000000000000, -0.000000000000000000 ) ) ;
#8583 = SURFACE_SIDE_STYLE ('',( #6361 ) ) ;
#8584 = LINE ( 'NONE', #2340, #3153 ) ;
#8585 = DIRECTION ( 'NONE',  ( 0.000000000000000000, -0.000000000000000000, 1.000000000000000000 ) ) ;
#8586 =( LENGTH_UNIT ( ) NAMED_UNIT ( * ) SI_UNIT ( .MILLI., .METRE. ) );
#8587 = LINE ( 'NONE', #5266, #1368 ) ;
#8588 = ORIENTED_EDGE ( 'NONE', *, *, #712, .T. ) ;
#8589 = DIRECTION ( 'NONE',  ( 0.000000000000000000, -0.08715574274765820750, 0.9961946980917454342 ) ) ;
#8590 = CARTESIAN_POINT ( 'NONE',  ( -1.629999999999998561, -0.2139543193336009841, 3.253973965717952943 ) ) ;
#8591 = DIRECTION ( 'NONE',  ( 1.000000000000000000, 0.000000000000000000, 0.000000000000000000 ) ) ;
#8592 =( NAMED_UNIT ( * ) SI_UNIT ( $, .STERADIAN. ) SOLID_ANGLE_UNIT ( ) );
#8593 = EDGE_CURVE ( 'NONE', #3867, #2055, #8587, .T. ) ;
#8594 = DIRECTION ( 'NONE',  ( -1.000000000000000000, -0.000000000000000000, -0.000000000000000000 ) ) ;
#8595 =( NAMED_UNIT ( * ) PLANE_ANGLE_UNIT ( ) SI_UNIT ( $, .RADIAN. ) );
#8596 = VECTOR ( 'NONE', #7022, 1000.000000000000000 ) ;
#8597 =( GEOMETRIC_REPRESENTATION_CONTEXT ( 3 ) GLOBAL_UNCERTAINTY_ASSIGNED_CONTEXT ( ( #594 ) ) GLOBAL_UNIT_ASSIGNED_CONTEXT ( ( #5924, #6581, #8592 ) ) REPRESENTATION_CONTEXT ( 'NONE', 'WORKASPACE' ) );
#8598 = DIRECTION ( 'NONE',  ( -2.168404344971008868E-16, 0.000000000000000000, -1.000000000000000000 ) ) ;
#8599 = CARTESIAN_POINT ( 'NONE',  ( -1.629999999999998561, -0.1500000000000001610, 3.160696375133204228 ) ) ;
#8600 = ORIENTED_EDGE ( 'NONE', *, *, #1521, .T. ) ;
#8601 = LINE ( 'NONE', #3512, #1517 ) ;
#8602 = VERTEX_POINT ( 'NONE', #4577 ) ;
#8603 = VERTEX_POINT ( 'NONE', #7352 ) ;
#8604 = UNCERTAINTY_MEASURE_WITH_UNIT (LENGTH_MEASURE( 1.000000000000000082E-05 ), #3125, 'distance_accuracy_value', 'NONE');
#8605 = DIRECTION ( 'NONE',  ( -0.000000000000000000, 1.000000000000000000, 0.000000000000000000 ) ) ;
#8606 = VERTEX_POINT ( 'NONE', #3294 ) ;
#8607 = VECTOR ( 'NONE', #1912, 1000.000000000000000 ) ;
#8608 =( GEOMETRIC_REPRESENTATION_CONTEXT ( 3 ) GLOBAL_UNCERTAINTY_ASSIGNED_CONTEXT ( ( #3428 ) ) GLOBAL_UNIT_ASSIGNED_CONTEXT ( ( #6261, #1460, #9064 ) ) REPRESENTATION_CONTEXT ( 'NONE', 'WORKASPACE' ) );
#8609 = VERTEX_POINT ( 'NONE', #1151 ) ;
#8610 = CARTESIAN_POINT ( 'NONE',  ( 2.180000000000001048, -0.7999999999999999334, -4.049999999999999822 ) ) ;
#8611 = UNCERTAINTY_MEASURE_WITH_UNIT (LENGTH_MEASURE( 1.000000000000000082E-05 ), #2634, 'distance_accuracy_value', 'NONE');
#8612 = MECHANICAL_DESIGN_GEOMETRIC_PRESENTATION_REPRESENTATION (  '', ( #3519 ), #5714 ) ;
#8613 = DIRECTION ( 'NONE',  ( 0.000000000000000000, -0.08715574274765836016, -0.9961946980917455452 ) ) ;
#8614 = ORIENTED_EDGE ( 'NONE', *, *, #3190, .T. ) ;
#8615 = SURFACE_SIDE_STYLE ('',( #6519 ) ) ;
#8616 = SURFACE_STYLE_USAGE ( .BOTH. , #3098 ) ;
#8617 = ORIENTED_EDGE ( 'NONE', *, *, #3634, .T. ) ;
#8618 = DIRECTION ( 'NONE',  ( -1.000000000000000000, 0.000000000000000000, 0.000000000000000000 ) ) ;
#8619 = EDGE_CURVE ( 'NONE', #2344, #3784, #3722, .T. ) ;
#8620 = CARTESIAN_POINT ( 'NONE',  ( 0.9100000000000010303, 0.000000000000000000, -2.969702453438674006 ) ) ;
#8621 = EDGE_CURVE ( 'NONE', #7369, #5407, #2714, .T. ) ;
#8622 =( NAMED_UNIT ( * ) SI_UNIT ( $, .STERADIAN. ) SOLID_ANGLE_UNIT ( ) );
#8623 = FACE_OUTER_BOUND ( 'NONE', #3010, .T. ) ;
#8624 = COLOUR_RGB ( '',0.6470588235294117974, 0.6196078431372549211, 0.5882352941176470784 ) ;
#8625 = SURFACE_STYLE_USAGE ( .BOTH. , #5988 ) ;
#8626 = DIRECTION ( 'NONE',  ( 0.000000000000000000, -1.000000000000000000, 0.000000000000000000 ) ) ;
#8627 = FILL_AREA_STYLE_COLOUR ( '', #4850 ) ;
#8628 = ADVANCED_FACE ( 'NONE', ( #3907 ), #6037, .T. ) ;
#8629 = SURFACE_STYLE_USAGE ( .BOTH. , #3903 ) ;
#8630 = DIRECTION ( 'NONE',  ( -0.000000000000000000, 1.000000000000000000, 0.000000000000000000 ) ) ;
#8631 = DIRECTION ( 'NONE',  ( -2.168404344971008868E-16, -0.000000000000000000, -1.000000000000000000 ) ) ;
#8632 = ORIENTED_EDGE ( 'NONE', *, *, #6097, .F. ) ;
#8633 = ORIENTED_EDGE ( 'NONE', *, *, #1017, .T. ) ;
#8634 = EDGE_LOOP ( 'NONE', ( #437, #5933, #4250, #823 ) ) ;
#8635 = ORIENTED_EDGE ( 'NONE', *, *, #5500, .F. ) ;
#8636 = VECTOR ( 'NONE', #6870, 1000.000000000000000 ) ;
#8637 = VECTOR ( 'NONE', #640, 1000.000000000000000 ) ;
#8638 = DIRECTION ( 'NONE',  ( 0.000000000000000000, -0.9327759058474844878, -0.3604568066639949886 ) ) ;
#8639 = DIRECTION ( 'NONE',  ( 0.000000000000000000, 0.000000000000000000, 1.000000000000000000 ) ) ;
#8640 = CARTESIAN_POINT ( 'NONE',  ( 2.180000000000001048, -0.7999999999999999334, 3.583287396400482105 ) ) ;
#8641 = VECTOR ( 'NONE', #6046, 1000.000000000000000 ) ;
#8642 = FACE_OUTER_BOUND ( 'NONE', #2716, .T. ) ;
#8643 = COLOUR_RGB ( '',0.6470588235294117974, 0.6196078431372549211, 0.5882352941176470784 ) ;
#8644 = FACE_OUTER_BOUND ( 'NONE', #1896, .T. ) ;
#8645 = VECTOR ( 'NONE', #6018, 1000.000000000000000 ) ;
#8646 = CARTESIAN_POINT ( 'NONE',  ( 0.4599999999999999090, 1.399999999999999911, 0.6249999999999995559 ) ) ;
#8647 = PRESENTATION_STYLE_ASSIGNMENT (( #5338 ) ) ;
#8648 = VECTOR ( 'NONE', #3470, 1000.000000000000000 ) ;
#8649 = VECTOR ( 'NONE', #1286, 1000.000000000000000 ) ;
#8650 = CARTESIAN_POINT ( 'NONE',  ( 2.179999999999998828, 1.500000000000000000, -2.000000000000000444 ) ) ;
#8651 = DIRECTION ( 'NONE',  ( 0.000000000000000000, -1.000000000000000000, 0.000000000000000000 ) ) ;
#8652 = FACE_OUTER_BOUND ( 'NONE', #4374, .T. ) ;
#8653 = EDGE_CURVE ( 'NONE', #1099, #6365, #503, .T. ) ;
#8654 = ORIENTED_EDGE ( 'NONE', *, *, #2255, .F. ) ;
#8655 = CARTESIAN_POINT ( 'NONE',  ( 2.179999999999999716, 1.500000000000000000, 1.999999999999999556 ) ) ;
#8656 = ORIENTED_EDGE ( 'NONE', *, *, #8880, .T. ) ;
#8657 = SURFACE_STYLE_FILL_AREA ( #221 ) ;
#8658 = VERTEX_POINT ( 'NONE', #7549 ) ;
#8659 = COLOUR_RGB ( '',0.6470588235294117974, 0.6196078431372549211, 0.5882352941176470784 ) ;
#8660 = EDGE_CURVE ( 'NONE', #2773, #8358, #5163, .T. ) ;
#8661 = ORIENTED_EDGE ( 'NONE', *, *, #5010, .T. ) ;
#8662 =( GEOMETRIC_REPRESENTATION_CONTEXT ( 3 ) GLOBAL_UNCERTAINTY_ASSIGNED_CONTEXT ( ( #8611 ) ) GLOBAL_UNIT_ASSIGNED_CONTEXT ( ( #2634, #946, #5149 ) ) REPRESENTATION_CONTEXT ( 'NONE', 'WORKASPACE' ) );
#8663 = LINE ( 'NONE', #7423, #1284 ) ;
#8664 = ADVANCED_FACE ( 'NONE', ( #8879 ), #4052, .T. ) ;
#8665 = SURFACE_STYLE_FILL_AREA ( #8757 ) ;
#8666 = PRESENTATION_LAYER_ASSIGNMENT (  '', '', ( #3981 ) ) ;
#8667 = PLANE ( 'NONE',  #8237 ) ;
#8668 = DIRECTION ( 'NONE',  ( -0.000000000000000000, 1.000000000000000000, 0.000000000000000000 ) ) ;
#8669 = ORIENTED_EDGE ( 'NONE', *, *, #6535, .T. ) ;
#8670 = CARTESIAN_POINT ( 'NONE',  ( -2.079999999999998739, 1.500000000000000000, 0.6249999999999995559 ) ) ;
#8671 = DIRECTION ( 'NONE',  ( -1.000000000000000000, -0.000000000000000000, -0.000000000000000000 ) ) ;
#8672 = ORIENTED_EDGE ( 'NONE', *, *, #6537, .T. ) ;
#8673 = FACE_BOUND ( 'NONE', #2626, .T. ) ;
#8674 = DIRECTION ( 'NONE',  ( 0.000000000000000000, 0.000000000000000000, 1.000000000000000000 ) ) ;
#8675 = DIRECTION ( 'NONE',  ( 0.000000000000000000, 0.000000000000000000, 1.000000000000000000 ) ) ;
#8676 = DIRECTION ( 'NONE',  ( 0.08715574274765836016, 0.9961946980917455452, -3.436161659330865826E-17 ) ) ;
#8677 = DIRECTION ( 'NONE',  ( -0.08682659386424779191, 0.9924325091389669673, -0.08682659386424781967 ) ) ;
#8678 = LINE ( 'NONE', #7997, #1515 ) ;
#8679 = ADVANCED_FACE ( 'NONE', ( #3954 ), #6661, .T. ) ;
#8680 = LINE ( 'NONE', #4482, #7378 ) ;
#8681 = CARTESIAN_POINT ( 'NONE',  ( -0.3599999999999990985, -0.7040685209995984906, -3.443371010523358589 ) ) ;
#8682 = ORIENTED_EDGE ( 'NONE', *, *, #1797, .T. ) ;
#8683 = ORIENTED_EDGE ( 'NONE', *, *, #4728, .F. ) ;
#8684 = ORIENTED_EDGE ( 'NONE', *, *, #6493, .F. ) ;
#8685 = VECTOR ( 'NONE', #3639, 1000.000000000000000 ) ;
#8686 = PRESENTATION_LAYER_ASSIGNMENT (  '', '', ( #3587 ) ) ;
#8687 =( BOUNDED_CURVE ( )  B_SPLINE_CURVE ( 3, ( #4030, #7622, #4655, #7422 ),
 .UNSPECIFIED., .F., .F. ) 
 B_SPLINE_CURVE_WITH_KNOTS ( ( 4, 4 ),
 ( 1.570796326794896558, 3.141592653589793116 ),
 .UNSPECIFIED. ) 
 CURVE ( )  GEOMETRIC_REPRESENTATION_ITEM ( )  RATIONAL_B_SPLINE_CURVE ( ( 1.000000000000000000, 0.8047378541243649375, 0.8047378541243649375, 1.000000000000000000 ) ) 
 REPRESENTATION_ITEM ( '' )  );
#8688 = DIRECTION ( 'NONE',  ( 0.000000000000000000, -0.000000000000000000, 1.000000000000000000 ) ) ;
#8689 = CARTESIAN_POINT ( 'NONE',  ( 2.180000000000001048, -0.7040685209995984906, 3.443371010523358589 ) ) ;
#8690 = CARTESIAN_POINT ( 'NONE',  ( -0.9099999999999993650, 1.500000000000000000, 1.999999999999999556 ) ) ;
#8691 = CARTESIAN_POINT ( 'NONE',  ( 2.080000000000001403, -0.7999999999999999334, -4.150000000000000355 ) ) ;
#8692 = EDGE_CURVE ( 'NONE', #3977, #1579, #1940, .T. ) ;
#8693 = EDGE_CURVE ( 'NONE', #1342, #1136, #457, .T. ) ;
#8694 = EDGE_CURVE ( 'NONE', #7505, #9061, #4715, .T. ) ;
#8695 = LINE ( 'NONE', #2458, #979 ) ;
#8696 =( GEOMETRIC_REPRESENTATION_CONTEXT ( 3 ) GLOBAL_UNCERTAINTY_ASSIGNED_CONTEXT ( ( #805 ) ) GLOBAL_UNIT_ASSIGNED_CONTEXT ( ( #639, #4883, #1414 ) ) REPRESENTATION_CONTEXT ( 'NONE', 'WORKASPACE' ) );
#8697 = LINE ( 'NONE', #5927, #5044 ) ;
#8698 = FACE_OUTER_BOUND ( 'NONE', #5141, .T. ) ;
#8699 = ORIENTED_EDGE ( 'NONE', *, *, #2629, .T. ) ;
#8700 = DIRECTION ( 'NONE',  ( 0.000000000000000000, 0.000000000000000000, 1.000000000000000000 ) ) ;
#8701 = DIRECTION ( 'NONE',  ( -0.000000000000000000, -1.000000000000000000, -0.000000000000000000 ) ) ;
#8702 = ORIENTED_EDGE ( 'NONE', *, *, #2646, .F. ) ;
#8703 = ORIENTED_EDGE ( 'NONE', *, *, #6758, .F. ) ;
#8704 = VECTOR ( 'NONE', #6479, 1000.000000000000000 ) ;
#8705 = UNCERTAINTY_MEASURE_WITH_UNIT (LENGTH_MEASURE( 1.000000000000000082E-05 ), #6676, 'distance_accuracy_value', 'NONE');
#8706 = ORIENTED_EDGE ( 'NONE', *, *, #4195, .T. ) ;
#8707 = ADVANCED_FACE ( 'NONE', ( #1244 ), #2034, .F. ) ;
#8708 = AXIS2_PLACEMENT_3D ( 'NONE', #958, #748, #8674 ) ;
#8709 = DIRECTION ( 'NONE',  ( 0.000000000000000000, 0.000000000000000000, 1.000000000000000000 ) ) ;
#8710 =( LENGTH_UNIT ( ) NAMED_UNIT ( * ) SI_UNIT ( .MILLI., .METRE. ) );
#8711 = AXIS2_PLACEMENT_3D ( 'NONE', #1679, #8055, #8744 ) ;
#8712 = SURFACE_STYLE_FILL_AREA ( #1082 ) ;
#8713 = AXIS2_PLACEMENT_3D ( 'NONE', #1829, #5158, #4610 ) ;
#8714 = DIRECTION ( 'NONE',  ( 0.7071067811865444641, -0.000000000000000000, 0.7071067811865505703 ) ) ;
#8715 = CARTESIAN_POINT ( 'NONE',  ( 0.3599999999999999312, 1.500000000000000000, 1.262607324199603642 ) ) ;
#8716 = ORIENTED_EDGE ( 'NONE', *, *, #6495, .T. ) ;
#8717 = LINE ( 'NONE', #2428, #5944 ) ;
#8718 = CARTESIAN_POINT ( 'NONE',  ( -2.079999999999998295, 1.100000000000000089, -0.6250000000000004441 ) ) ;
#8719 = VERTEX_POINT ( 'NONE', #5634 ) ;
#8720 = CARTESIAN_POINT ( 'NONE',  ( 1.629999999999999449, 1.399999999999999911, 1.991251133647407245 ) ) ;
#8721 = EDGE_CURVE ( 'NONE', #5958, #234, #1370, .T. ) ;
#8722 = LINE ( 'NONE', #3858, #5942 ) ;
#8723 = FILL_AREA_STYLE_COLOUR ( '', #7326 ) ;
#8724 = AXIS2_PLACEMENT_3D ( 'NONE', #6904, #693, #9069 ) ;
#8725 = EDGE_CURVE ( 'NONE', #2326, #839, #8402, .T. ) ;
#8726 = CARTESIAN_POINT ( 'NONE',  ( -0.4600000000000002420, -0.6500000000000000222, -4.150000000000000355 ) ) ;
#8727 = CARTESIAN_POINT ( 'NONE',  ( 2.180000000000001048, -0.1499999999999999944, 2.969702453438674006 ) ) ;
#8728 = CARTESIAN_POINT ( 'NONE',  ( 2.180000000000001048, -0.6499999999999998002, 3.651850830482212373 ) ) ;
#8729 =( NAMED_UNIT ( * ) PLANE_ANGLE_UNIT ( ) SI_UNIT ( $, .RADIAN. ) );
#8730 = DIRECTION ( 'NONE',  ( 0.000000000000000000, 0.000000000000000000, -1.000000000000000000 ) ) ;
#8731 = ORIENTED_EDGE ( 'NONE', *, *, #7871, .F. ) ;
#8732 = ORIENTED_EDGE ( 'NONE', *, *, #1659, .T. ) ;
#8733 = ORIENTED_EDGE ( 'NONE', *, *, #1374, .F. ) ;
#8734 = CARTESIAN_POINT ( 'NONE',  ( 1.630000000000001004, -0.7040685209995984906, 3.443371010523358589 ) ) ;
#8735 = LINE ( 'NONE', #4956, #3170 ) ;
#8736 = ORIENTED_EDGE ( 'NONE', *, *, #5460, .T. ) ;
#8737 = CARTESIAN_POINT ( 'NONE',  ( 0.3600000000000009859, -0.6500000000000000222, 3.583287396400481217 ) ) ;
#8738 = PLANE ( 'NONE',  #2241 ) ;
#8739 = DIRECTION ( 'NONE',  ( 0.000000000000000000, 0.000000000000000000, 1.000000000000000000 ) ) ;
#8740 =( BOUNDED_CURVE ( )  B_SPLINE_CURVE ( 3, ( #8180, #550, #2754, #4675 ),
 .UNSPECIFIED., .F., .F. ) 
 B_SPLINE_CURVE_WITH_KNOTS ( ( 4, 4 ),
 ( 1.570796326794896558, 3.141592653589793116 ),
 .UNSPECIFIED. ) 
 CURVE ( )  GEOMETRIC_REPRESENTATION_ITEM ( )  RATIONAL_B_SPLINE_CURVE ( ( 1.000000000000000000, 0.8047378541243649375, 0.8047378541243649375, 1.000000000000000000 ) ) 
 REPRESENTATION_ITEM ( '' )  );
#8741 = EDGE_CURVE ( 'NONE', #7683, #1938, #6304, .T. ) ;
#8742 = PLANE ( 'NONE',  #9027 ) ;
#8743 = CARTESIAN_POINT ( 'NONE',  ( 1.630000000000001004, -0.2139543193336009841, -3.253973965717952943 ) ) ;
#8744 = DIRECTION ( 'NONE',  ( 0.000000000000000000, 0.9327759058474844878, -0.3604568066639949886 ) ) ;
#8745 = FACE_OUTER_BOUND ( 'NONE', #5917, .T. ) ;
#8746 = ADVANCED_FACE ( 'NONE', ( #686 ), #103, .T. ) ;
#8747 = ORIENTED_EDGE ( 'NONE', *, *, #6780, .F. ) ;
#8748 = CARTESIAN_POINT ( 'NONE',  ( -2.179999999999998828, -0.2139543193336009841, -3.253973965717952943 ) ) ;
#8749 = PRESENTATION_LAYER_ASSIGNMENT (  '', '', ( #3782 ) ) ;
#8750 = CARTESIAN_POINT ( 'NONE',  ( 0.3600000000000009859, -0.6500000000000000222, 3.651850830482212373 ) ) ;
#8751 = ORIENTED_EDGE ( 'NONE', *, *, #623, .T. ) ;
#8752 = SURFACE_STYLE_FILL_AREA ( #2554 ) ;
#8753 = STYLED_ITEM ( 'NONE', ( #4962 ), #261 ) ;
#8754 = CARTESIAN_POINT ( 'NONE',  ( 2.180000000000001048, 0.000000000000000000, 3.229259809214934052 ) ) ;
#8755 = FACE_OUTER_BOUND ( 'NONE', #5841, .T. ) ;
#8756 = PRESENTATION_STYLE_ASSIGNMENT (( #358 ) ) ;
#8757 = FILL_AREA_STYLE ('',( #3221 ) ) ;
#8758 = DIRECTION ( 'NONE',  ( -0.000000000000000000, -0.000000000000000000, 1.000000000000000000 ) ) ;
#8759 = LINE ( 'NONE', #6647, #1983 ) ;
#8760 = DIRECTION ( 'NONE',  ( -0.000000000000000000, -1.000000000000000000, -0.000000000000000000 ) ) ;
#8761 = EDGE_LOOP ( 'NONE', ( #7945, #4957, #5151, #971 ) ) ;
#8762 = CARTESIAN_POINT ( 'NONE',  ( 1.730000000000001315, -0.7999999999999999334, -4.150000000000000355 ) ) ;
#8763 = PRESENTATION_LAYER_ASSIGNMENT (  '', '', ( #3648 ) ) ;
#8764 = PRESENTATION_LAYER_ASSIGNMENT (  '', '', ( #1475 ) ) ;
#8765 = VERTEX_POINT ( 'NONE', #2788 ) ;
#8766 = DIRECTION ( 'NONE',  ( 1.000000000000000000, 0.000000000000000000, 0.000000000000000000 ) ) ;
#8767 = PRESENTATION_LAYER_ASSIGNMENT (  '', '', ( #2066 ) ) ;
#8768 = LINE ( 'NONE', #1836, #2750 ) ;
#8769 = DIRECTION ( 'NONE',  ( 0.000000000000000000, 0.000000000000000000, 1.000000000000000000 ) ) ;
#8770 = VECTOR ( 'NONE', #8104, 1000.000000000000000 ) ;
#8771 =( NAMED_UNIT ( * ) SI_UNIT ( $, .STERADIAN. ) SOLID_ANGLE_UNIT ( ) );
#8772 = ORIENTED_EDGE ( 'NONE', *, *, #3204, .F. ) ;
#8773 = EDGE_CURVE ( 'NONE', #2773, #6225, #8601, .T. ) ;
#8774 = ORIENTED_EDGE ( 'NONE', *, *, #7201, .T. ) ;
#8775 = ORIENTED_EDGE ( 'NONE', *, *, #2447, .T. ) ;
#8776 = VECTOR ( 'NONE', #226, 1000.000000000000000 ) ;
#8777 =( NAMED_UNIT ( * ) SI_UNIT ( $, .STERADIAN. ) SOLID_ANGLE_UNIT ( ) );
#8778 = EDGE_CURVE ( 'NONE', #3066, #7477, #211, .T. ) ;
#8779 = UNCERTAINTY_MEASURE_WITH_UNIT (LENGTH_MEASURE( 1.000000000000000082E-05 ), #8067, 'distance_accuracy_value', 'NONE');
#8780 = FILL_AREA_STYLE_COLOUR ( '', #7788 ) ;
#8781 = AXIS2_PLACEMENT_3D ( 'NONE', #4240, #8613, #2193 ) ;
#8782 = FILL_AREA_STYLE ('',( #7866 ) ) ;
#8783 = CARTESIAN_POINT ( 'NONE',  ( -2.179999999999998828, -0.2500000000000000000, 3.160696375133204672 ) ) ;
#8784 = LINE ( 'NONE', #2370, #5760 ) ;
#8785 = PRESENTATION_LAYER_ASSIGNMENT (  '', '', ( #3395 ) ) ;
#8786 = ORIENTED_EDGE ( 'NONE', *, *, #7996, .F. ) ;
#8787 = UNCERTAINTY_MEASURE_WITH_UNIT (LENGTH_MEASURE( 1.000000000000000082E-05 ), #5135, 'distance_accuracy_value', 'NONE');
#8788 = ORIENTED_EDGE ( 'NONE', *, *, #1465, .T. ) ;
#8789 = CARTESIAN_POINT ( 'NONE',  ( 0.5599999999999999423, 1.500000000000000000, 0.5249999999999995781 ) ) ;
#8790 = DIRECTION ( 'NONE',  ( 1.000000000000000000, 0.000000000000000000, 0.000000000000000000 ) ) ;
#8791 = LINE ( 'NONE', #3083, #7913 ) ;
#8792 = EDGE_CURVE ( 'NONE', #1311, #1904, #5580, .T. ) ;
#8793 = ORIENTED_EDGE ( 'NONE', *, *, #8162, .F. ) ;
#8794 =( GEOMETRIC_REPRESENTATION_CONTEXT ( 3 ) GLOBAL_UNCERTAINTY_ASSIGNED_CONTEXT ( ( #2800 ) ) GLOBAL_UNIT_ASSIGNED_CONTEXT ( ( #1408, #3423, #2027 ) ) REPRESENTATION_CONTEXT ( 'NONE', 'WORKASPACE' ) );
#8795 = DIRECTION ( 'NONE',  ( -0.7071067811865474617, 0.000000000000000000, 0.7071067811865474617 ) ) ;
#8796 = COLOUR_RGB ( '',0.6470588235294117974, 0.6196078431372549211, 0.5882352941176470784 ) ;
#8797 =( LENGTH_UNIT ( ) NAMED_UNIT ( * ) SI_UNIT ( .MILLI., .METRE. ) );
#8798 = ADVANCED_FACE ( 'NONE', ( #2837 ), #7723, .F. ) ;
#8799 = VERTEX_POINT ( 'NONE', #1817 ) ;
#8800 = PRESENTATION_LAYER_ASSIGNMENT (  '', '', ( #4861 ) ) ;
#8801 = VECTOR ( 'NONE', #2486, 1000.000000000000114 ) ;
#8802 = VECTOR ( 'NONE', #2847, 1000.000000000000000 ) ;
#8803 = EDGE_CURVE ( 'NONE', #7421, #8243, #393, .T. ) ;
#8804 = DIRECTION ( 'NONE',  ( 0.000000000000000000, -1.000000000000000000, 0.000000000000000000 ) ) ;
#8805 = PLANE ( 'NONE',  #8502 ) ;
#8806 = SURFACE_STYLE_FILL_AREA ( #1825 ) ;
#8807 = CARTESIAN_POINT ( 'NONE',  ( -0.3599999999999990985, 0.000000000000000000, -3.100000000000000089 ) ) ;
#8808 = LINE ( 'NONE', #8026, #4556 ) ;
#8809 = VERTEX_POINT ( 'NONE', #1768 ) ;
#8810 = VECTOR ( 'NONE', #3290, 1000.000000000000000 ) ;
#8811 = ORIENTED_EDGE ( 'NONE', *, *, #78, .F. ) ;
#8812 = CIRCLE ( 'NONE', #4724, 0.1499999999999999667 ) ;
#8813 = VECTOR ( 'NONE', #2587, 1000.000000000000000 ) ;
#8814 = ORIENTED_EDGE ( 'NONE', *, *, #5716, .T. ) ;
#8815 = SURFACE_STYLE_FILL_AREA ( #6523 ) ;
#8816 = EDGE_LOOP ( 'NONE', ( #3314, #6070, #3923, #7061, #6788, #4057, #8747, #6772 ) ) ;
#8817 =( GEOMETRIC_REPRESENTATION_CONTEXT ( 3 ) GLOBAL_UNCERTAINTY_ASSIGNED_CONTEXT ( ( #5011 ) ) GLOBAL_UNIT_ASSIGNED_CONTEXT ( ( #765, #7624, #4134 ) ) REPRESENTATION_CONTEXT ( 'NONE', 'WORKASPACE' ) );
#8818 = CARTESIAN_POINT ( 'NONE',  ( 2.919242020644471136, -0.5587155742747659248, -2.906255668237037515 ) ) ;
#8819 =( NAMED_UNIT ( * ) PLANE_ANGLE_UNIT ( ) SI_UNIT ( $, .RADIAN. ) );
#8820 = ORIENTED_EDGE ( 'NONE', *, *, #7728, .T. ) ;
#8821 = SURFACE_SIDE_STYLE ('',( #501 ) ) ;
#8822 = CARTESIAN_POINT ( 'NONE',  ( 0.9100000000000010303, 0.000000000000000000, 3.229259809214934052 ) ) ;
#8823 = DIRECTION ( 'NONE',  ( 0.000000000000000000, -0.000000000000000000, 1.000000000000000000 ) ) ;
#8824 = EDGE_LOOP ( 'NONE', ( #7670, #8523, #282, #310 ) ) ;
#8825 = CARTESIAN_POINT ( 'NONE',  ( 0.9100000000000010303, -0.6500000000000000222, -3.651850830482212373 ) ) ;
#8826 = AXIS2_PLACEMENT_3D ( 'NONE', #7056, #4359, #1488 ) ;
#8827 = ORIENTED_EDGE ( 'NONE', *, *, #3033, .T. ) ;
#8828 = DIRECTION ( 'NONE',  ( 0.000000000000000000, -1.000000000000000000, 0.000000000000000000 ) ) ;
#8829 = PRODUCT_DEFINITION_SHAPE ( 'NONE', 'NONE',  #6576 ) ;
#8830 = EDGE_CURVE ( 'NONE', #6430, #2135, #6614, .T. ) ;
#8831 = EDGE_CURVE ( 'NONE', #6664, #5859, #6723, .T. ) ;
#8832 = VECTOR ( 'NONE', #85, 1000.000000000000000 ) ;
#8833 = DIRECTION ( 'NONE',  ( 0.000000000000000000, -0.3604568066639957102, 0.9327759058474842657 ) ) ;
#8834 = DIRECTION ( 'NONE',  ( -1.000000000000000000, -0.000000000000000000, -0.000000000000000000 ) ) ;
#8835 = PRESENTATION_STYLE_ASSIGNMENT (( #1157 ) ) ;
#8836 = ADVANCED_FACE ( 'NONE', ( #3761 ), #992, .F. ) ;
#8837 = EDGE_CURVE ( 'NONE', #7434, #5098, #5976, .T. ) ;
#8838 = ORIENTED_EDGE ( 'NONE', *, *, #7161, .T. ) ;
#8839 = CARTESIAN_POINT ( 'NONE',  ( 2.079999999999999183, 1.500000000000000000, 0.5249999999999995781 ) ) ;
#8840 = COLOUR_RGB ( '',0.6470588235294117974, 0.6196078431372549211, 0.5882352941176470784 ) ;
#8841 = EDGE_CURVE ( 'NONE', #220, #1967, #4502, .T. ) ;
#8842 = VERTEX_POINT ( 'NONE', #8017 ) ;
#8843 = CARTESIAN_POINT ( 'NONE',  ( 0.3600000000000009859, -0.5860456806663989493, -3.558573239897463658 ) ) ;
#8844 = EDGE_CURVE ( 'NONE', #6637, #6649, #7977, .T. ) ;
#8845 = VERTEX_POINT ( 'NONE', #5284 ) ;
#8846 = CARTESIAN_POINT ( 'NONE',  ( 1.630000000000001004, -0.2500000000000000000, -3.160696375133204672 ) ) ;
#8847 = VECTOR ( 'NONE', #2742, 1000.000000000000000 ) ;
#8848 = SURFACE_SIDE_STYLE ('',( #1307 ) ) ;
#8849 = EDGE_LOOP ( 'NONE', ( #6263, #5340, #2493, #2733, #8341, #6171, #6975, #5364, #1979, #7895, #4907, #7126 ) ) ;
#8850 = CARTESIAN_POINT ( 'NONE',  ( 0.9100000000000010303, -0.1500000000000001610, -3.160696375133204228 ) ) ;
#8851 = ORIENTED_EDGE ( 'NONE', *, *, #2476, .T. ) ;
#8852 = AXIS2_PLACEMENT_3D ( 'NONE', #6126, #3953, #6172 ) ;
#8853 = CARTESIAN_POINT ( 'NONE',  ( -0.3599999999999990985, -0.6500000000000000222, 3.651850830482212373 ) ) ;
#8854 = DIRECTION ( 'NONE',  ( -0.000000000000000000, 0.9327759058474841547, 0.3604568066639957102 ) ) ;
#8855 = FILL_AREA_STYLE_COLOUR ( '', #4284 ) ;
#8856 = PLANE ( 'NONE',  #7051 ) ;
#8857 = CARTESIAN_POINT ( 'NONE',  ( 1.629999999999998561, 1.500000000000000000, -2.000000000000000444 ) ) ;
#8858 = LINE ( 'NONE', #4727, #5413 ) ;
#8859 = SURFACE_SIDE_STYLE ('',( #2563 ) ) ;
#8860 = CARTESIAN_POINT ( 'NONE',  ( -1.629999999999998561, 0.000000000000000000, -3.229259809214934052 ) ) ;
#8861 = ORIENTED_EDGE ( 'NONE', *, *, #6758, .T. ) ;
#8862 = LINE ( 'NONE', #3940, #3460 ) ;
#8863 = COLOUR_RGB ( '',0.2980392156862745057, 0.2980392156862745057, 0.2980392156862745057 ) ;
#8864 =( GEOMETRIC_REPRESENTATION_CONTEXT ( 3 ) GLOBAL_UNCERTAINTY_ASSIGNED_CONTEXT ( ( #7520 ) ) GLOBAL_UNIT_ASSIGNED_CONTEXT ( ( #8414, #2848, #4731 ) ) REPRESENTATION_CONTEXT ( 'NONE', 'WORKASPACE' ) );
#8865 = ORIENTED_EDGE ( 'NONE', *, *, #8470, .F. ) ;
#8866 = CARTESIAN_POINT ( 'NONE',  ( -0.3599999999999990985, 0.000000000000000000, 2.969702453438674006 ) ) ;
#8867 = SURFACE_SIDE_STYLE ('',( #495 ) ) ;
#8868 = STYLED_ITEM ( 'NONE', ( #7419 ), #1042 ) ;
#8869 = DIRECTION ( 'NONE',  ( 0.000000000000000000, 0.000000000000000000, 1.000000000000000000 ) ) ;
#8870 = VERTEX_POINT ( 'NONE', #5883 ) ;
#8871 = STYLED_ITEM ( 'NONE', ( #4345 ), #5488 ) ;
#8872 = CARTESIAN_POINT ( 'NONE',  ( 2.180000000000001048, -0.2500000000000000000, 3.160696375133204672 ) ) ;
#8873 = LINE ( 'NONE', #5492, #1944 ) ;
#8874 = DIRECTION ( 'NONE',  ( -1.000000000000000000, -0.000000000000000000, -0.000000000000000000 ) ) ;
#8875 = ORIENTED_EDGE ( 'NONE', *, *, #7472, .F. ) ;
#8876 = CARTESIAN_POINT ( 'NONE',  ( -1.664995465410368913, 1.100000000000000089, 3.610383401552871199E-16 ) ) ;
#8877 = VECTOR ( 'NONE', #4743, 1000.000000000000000 ) ;
#8878 = DIRECTION ( 'NONE',  ( 1.000000000000000000, 0.000000000000000000, 0.000000000000000000 ) ) ;
#8879 = FACE_OUTER_BOUND ( 'NONE', #6974, .T. ) ;
#8880 = EDGE_CURVE ( 'NONE', #5977, #8989, #6592, .T. ) ;
#8881 = AXIS2_PLACEMENT_3D ( 'NONE', #7493, #7243, #8709 ) ;
#8882 = ORIENTED_EDGE ( 'NONE', *, *, #2996, .T. ) ;
#8883 = ORIENTED_EDGE ( 'NONE', *, *, #5600, .T. ) ;
#8884 = DIRECTION ( 'NONE',  ( -0.000000000000000000, -0.000000000000000000, 1.000000000000000000 ) ) ;
#8885 = ORIENTED_EDGE ( 'NONE', *, *, #8581, .F. ) ;
#8886 = CARTESIAN_POINT ( 'NONE',  ( 2.171251133647406295, 1.399999999999999911, -2.000000000000000444 ) ) ;
#8887 = DIRECTION ( 'NONE',  ( -0.7071067811865444641, -0.000000000000000000, -0.7071067811865505703 ) ) ;
#8888 = ORIENTED_EDGE ( 'NONE', *, *, #6384, .F. ) ;
#8889 = FILL_AREA_STYLE_COLOUR ( '', #629 ) ;
#8890 = DIRECTION ( 'NONE',  ( -0.7071067811865444641, -0.000000000000000000, -0.7071067811865505703 ) ) ;
#8891 = EDGE_LOOP ( 'NONE', ( #1773, #3996, #5100, #6843, #6439, #5428, #8168, #7324, #6125, #420, #9014, #4694 ) ) ;
#8892 = DIRECTION ( 'NONE',  ( 0.000000000000000000, 0.000000000000000000, -1.000000000000000000 ) ) ;
#8893 = UNCERTAINTY_MEASURE_WITH_UNIT (LENGTH_MEASURE( 1.000000000000000082E-05 ), #8164, 'distance_accuracy_value', 'NONE');
#8894 = VERTEX_POINT ( 'NONE', #8655 ) ;
#8895 = CARTESIAN_POINT ( 'NONE',  ( -0.3599999999999990985, -0.2139543193336009841, 3.253973965717952943 ) ) ;
#8896 = ORIENTED_EDGE ( 'NONE', *, *, #4965, .F. ) ;
#8897 = CARTESIAN_POINT ( 'NONE',  ( -2.179999999999998828, -0.6500000000000000222, 4.049999999999999822 ) ) ;
#8898 = EDGE_CURVE ( 'NONE', #591, #7873, #3887, .T. ) ;
#8899 = ORIENTED_EDGE ( 'NONE', *, *, #6536, .F. ) ;
#8900 = PLANE ( 'NONE',  #4008 ) ;
#8901 = VERTEX_POINT ( 'NONE', #4601 ) ;
#8902 = CYLINDRICAL_SURFACE ( 'NONE', #1425, 0.1499999999999999667 ) ;
#8903 = DIRECTION ( 'NONE',  ( -1.000000000000000000, -0.000000000000000000, -0.000000000000000000 ) ) ;
#8904 = ORIENTED_EDGE ( 'NONE', *, *, #2510, .F. ) ;
#8905 =( LENGTH_UNIT ( ) NAMED_UNIT ( * ) SI_UNIT ( .MILLI., .METRE. ) );
#8906 = SURFACE_SIDE_STYLE ('',( #1928 ) ) ;
#8907 = DIRECTION ( 'NONE',  ( 1.000000000000000000, 0.000000000000000000, -4.353374594594169657E-15 ) ) ;
#8908 = CARTESIAN_POINT ( 'NONE',  ( -2.079999999999998295, 1.399999999999999911, -0.6250000000000004441 ) ) ;
#8909 = LINE ( 'NONE', #1837, #8185 ) ;
#8910 = SURFACE_SIDE_STYLE ('',( #3861 ) ) ;
#8911 = SURFACE_STYLE_USAGE ( .BOTH. , #6939 ) ;
#8912 = DIRECTION ( 'NONE',  ( 4.353374594594169657E-15, 0.000000000000000000, 1.000000000000000000 ) ) ;
#8913 = PRESENTATION_LAYER_ASSIGNMENT (  '', '', ( #4377 ) ) ;
#8914 = UNCERTAINTY_MEASURE_WITH_UNIT (LENGTH_MEASURE( 1.000000000000000082E-05 ), #3228, 'distance_accuracy_value', 'NONE');
#8915 = SURFACE_SIDE_STYLE ('',( #3343 ) ) ;
#8916 = EDGE_CURVE ( 'NONE', #8015, #3237, #8110, .T. ) ;
#8917 =( LENGTH_UNIT ( ) NAMED_UNIT ( * ) SI_UNIT ( .MILLI., .METRE. ) );
#8918 = EDGE_CURVE ( 'NONE', #7550, #5356, #1683, .T. ) ;
#8919 = ORIENTED_EDGE ( 'NONE', *, *, #2826, .T. ) ;
#8920 = ORIENTED_EDGE ( 'NONE', *, *, #2996, .F. ) ;
#8921 = DIRECTION ( 'NONE',  ( -0.000000000000000000, -0.000000000000000000, -1.000000000000000000 ) ) ;
#8922 = FILL_AREA_STYLE ('',( #4155 ) ) ;
#8923 = VECTOR ( 'NONE', #6678, 1000.000000000000000 ) ;
#8924 = AXIS2_PLACEMENT_3D ( 'NONE', #2789, #2240, #4945 ) ;
#8925 = ADVANCED_FACE ( 'NONE', ( #2415 ), #1118, .F. ) ;
#8926 = CARTESIAN_POINT ( 'NONE',  ( 0.9100000000000010303, -0.1500000000000001610, 3.160696375133204228 ) ) ;
#8927 = COLOUR_RGB ( '',0.6470588235294117974, 0.6196078431372549211, 0.5882352941176470784 ) ;
#8928 = ORIENTED_EDGE ( 'NONE', *, *, #1485, .F. ) ;
#8929 = PLANE ( 'NONE',  #6463 ) ;
#8930 = FACE_OUTER_BOUND ( 'NONE', #2641, .T. ) ;
#8931 = EDGE_LOOP ( 'NONE', ( #4654, #3598, #3636, #2209 ) ) ;
#8932 = CARTESIAN_POINT ( 'NONE',  ( -1.629999999999998561, 0.000000000000000000, -2.969702453438674006 ) ) ;
#8933 = STYLED_ITEM ( 'NONE', ( #777 ), #7425 ) ;
#8934 =( GEOMETRIC_REPRESENTATION_CONTEXT ( 3 ) GLOBAL_UNCERTAINTY_ASSIGNED_CONTEXT ( ( #3441 ) ) GLOBAL_UNIT_ASSIGNED_CONTEXT ( ( #41, #4146, #6351 ) ) REPRESENTATION_CONTEXT ( 'NONE', 'WORKASPACE' ) );
#8935 = EDGE_CURVE ( 'NONE', #8603, #4828, #3561, .T. ) ;
#8936 = STYLED_ITEM ( 'NONE', ( #6905 ), #2201 ) ;
#8937 = EDGE_LOOP ( 'NONE', ( #7050, #1154, #6418, #5985 ) ) ;
#8938 = FILL_AREA_STYLE ('',( #6145 ) ) ;
#8939 = CARTESIAN_POINT ( 'NONE',  ( -3.104999999999999094, 0.000000000000000000, -3.100000000000000089 ) ) ;
#8940 = CARTESIAN_POINT ( 'NONE',  ( -0.9012511336474077206, 1.399999999999999911, -2.000000000000000444 ) ) ;
#8941 = DIRECTION ( 'NONE',  ( -1.000000000000000000, -0.000000000000000000, -0.000000000000000000 ) ) ;
#8942 = LINE ( 'NONE', #5519, #7289 ) ;
#8943 = EDGE_LOOP ( 'NONE', ( #1522, #5941, #3387, #4283 ) ) ;
#8944 = FILL_AREA_STYLE_COLOUR ( '', #4874 ) ;
#8945 = MECHANICAL_DESIGN_GEOMETRIC_PRESENTATION_REPRESENTATION (  '', ( #2520 ), #7311 ) ;
#8946 = VECTOR ( 'NONE', #2574, 1000.000000000000000 ) ;
#8947 = ORIENTED_EDGE ( 'NONE', *, *, #2208, .T. ) ;
#8948 = MECHANICAL_DESIGN_GEOMETRIC_PRESENTATION_REPRESENTATION (  '', ( #6890 ), #1645 ) ;
#8949 = DIRECTION ( 'NONE',  ( 3.469446951953614189E-16, 0.000000000000000000, -1.000000000000000000 ) ) ;
#8950 = ADVANCED_FACE ( 'NONE', ( #2736 ), #8253, .F. ) ;
#8951 = VECTOR ( 'NONE', #3930, 1000.000000000000000 ) ;
#8952 = STYLED_ITEM ( 'NONE', ( #7019 ), #7012 ) ;
#8953 = FILL_AREA_STYLE_COLOUR ( '', #2264 ) ;
#8954 = FILL_AREA_STYLE ('',( #1399 ) ) ;
#8955 = VERTEX_POINT ( 'NONE', #5480 ) ;
#8956 = EDGE_CURVE ( 'NONE', #2670, #1904, #4741, .T. ) ;
#8957 = VERTEX_POINT ( 'NONE', #18 ) ;
#8958 = FILL_AREA_STYLE ('',( #6118 ) ) ;
#8959 = VECTOR ( 'NONE', #7361, 1000.000000000000000 ) ;
#8960 = CIRCLE ( 'NONE', #7925, 0.09999999999999982514 ) ;
#8961 = EDGE_CURVE ( 'NONE', #7451, #27, #4024, .T. ) ;
#8962 = PLANE ( 'NONE',  #5510 ) ;
#8963 = VERTEX_POINT ( 'NONE', #6874 ) ;
#8964 = EDGE_CURVE ( 'NONE', #5254, #2545, #713, .T. ) ;
#8965 = SURFACE_SIDE_STYLE ('',( #3717 ) ) ;
#8966 = DIRECTION ( 'NONE',  ( -0.000000000000000000, 1.000000000000000000, 0.000000000000000000 ) ) ;
#8967 = COLOUR_RGB ( '',0.6470588235294117974, 0.6196078431372549211, 0.5882352941176470784 ) ;
#8968 = CARTESIAN_POINT ( 'NONE',  ( 0.9100000000000010303, 0.000000000000000000, 3.229259809214934052 ) ) ;
#8969 =( GEOMETRIC_REPRESENTATION_CONTEXT ( 3 ) GLOBAL_UNCERTAINTY_ASSIGNED_CONTEXT ( ( #945 ) ) GLOBAL_UNIT_ASSIGNED_CONTEXT ( ( #2159, #6352, #4944 ) ) REPRESENTATION_CONTEXT ( 'NONE', 'WORKASPACE' ) );
#8970 = EDGE_LOOP ( 'NONE', ( #2187, #1716, #1702, #4425 ) ) ;
#8971 = DIRECTION ( 'NONE',  ( -0.9961946980917455452, -0.08715574274765836016, 2.160152911779223387E-16 ) ) ;
#8972 = DIRECTION ( 'NONE',  ( -1.000000000000000000, -0.000000000000000000, -0.000000000000000000 ) ) ;
#8973 = CARTESIAN_POINT ( 'NONE',  ( 1.979999999999999538, 1.500000000000000000, 0.5249999999999995781 ) ) ;
#8974 =( NAMED_UNIT ( * ) SI_UNIT ( $, .STERADIAN. ) SOLID_ANGLE_UNIT ( ) );
#8975 = ORIENTED_EDGE ( 'NONE', *, *, #3533, .F. ) ;
#8976 = ORIENTED_EDGE ( 'NONE', *, *, #5241, .F. ) ;
#8977 = DIRECTION ( 'NONE',  ( 0.7071067811865444641, 0.000000000000000000, -0.7071067811865505703 ) ) ;
#8978 = CARTESIAN_POINT ( 'NONE',  ( -0.7685786437626894729, 1.500000000000000000, -0.5835786437626909740 ) ) ;
#8979 = PRESENTATION_LAYER_ASSIGNMENT (  '', '', ( #206 ) ) ;
#8980 = VERTEX_POINT ( 'NONE', #4830 ) ;
#8981 = DIRECTION ( 'NONE',  ( -1.000000000000000000, -0.000000000000000000, -0.000000000000000000 ) ) ;
#8982 = MECHANICAL_DESIGN_GEOMETRIC_PRESENTATION_REPRESENTATION (  '', ( #5909 ), #1078 ) ;
#8983 = LINE ( 'NONE', #2722, #1541 ) ;
#8984 = DIRECTION ( 'NONE',  ( -1.000000000000000000, -0.000000000000000000, -0.000000000000000000 ) ) ;
#8985 = VECTOR ( 'NONE', #3905, 1000.000000000000000 ) ;
#8986 = DIRECTION ( 'NONE',  ( 0.000000000000000000, 0.000000000000000000, -1.000000000000000000 ) ) ;
#8987 = ORIENTED_EDGE ( 'NONE', *, *, #712, .F. ) ;
#8988 =( GEOMETRIC_REPRESENTATION_CONTEXT ( 3 ) GLOBAL_UNCERTAINTY_ASSIGNED_CONTEXT ( ( #7098 ) ) GLOBAL_UNIT_ASSIGNED_CONTEXT ( ( #4084, #2015, #2605 ) ) REPRESENTATION_CONTEXT ( 'NONE', 'WORKASPACE' ) );
#8989 = VERTEX_POINT ( 'NONE', #6152 ) ;
#8990 =( LENGTH_UNIT ( ) NAMED_UNIT ( * ) SI_UNIT ( .MILLI., .METRE. ) );
#8991 = SURFACE_STYLE_USAGE ( .BOTH. , #6198 ) ;
#8992 = EDGE_CURVE ( 'NONE', #3357, #6365, #4176, .T. ) ;
#8993 = CARTESIAN_POINT ( 'NONE',  ( -1.629999999999998561, -0.2139543193336009841, 3.253973965717952943 ) ) ;
#8994 = DIRECTION ( 'NONE',  ( -1.000000000000000000, 0.000000000000000000, 0.000000000000000000 ) ) ;
#8995 = ORIENTED_EDGE ( 'NONE', *, *, #6691, .T. ) ;
#8996 = DIRECTION ( 'NONE',  ( 0.000000000000000000, 0.000000000000000000, -1.000000000000000000 ) ) ;
#8997 = CARTESIAN_POINT ( 'NONE',  ( -1.629999999999998561, -0.2500000000000000000, 3.160696375133204672 ) ) ;
#8998 = VECTOR ( 'NONE', #1446, 1000.000000000000000 ) ;
#8999 = EDGE_CURVE ( 'NONE', #5126, #2667, #6246, .T. ) ;
#9000 = STYLED_ITEM ( 'NONE', ( #1317 ), #1991 ) ;
#9001 = ORIENTED_EDGE ( 'NONE', *, *, #960, .T. ) ;
#9002 = FILL_AREA_STYLE_COLOUR ( '', #4305 ) ;
#9003 =( BOUNDED_CURVE ( )  B_SPLINE_CURVE ( 3, ( #3477, #8978, #6267, #2718 ),
 .UNSPECIFIED., .F., .F. ) 
 B_SPLINE_CURVE_WITH_KNOTS ( ( 4, 4 ),
 ( 1.570796326794896558, 3.141592653589793116 ),
 .UNSPECIFIED. ) 
 CURVE ( )  GEOMETRIC_REPRESENTATION_ITEM ( )  RATIONAL_B_SPLINE_CURVE ( ( 1.000000000000000000, 0.8047378541243649375, 0.8047378541243649375, 1.000000000000000000 ) ) 
 REPRESENTATION_ITEM ( '' )  );
#9004 = SURFACE_STYLE_FILL_AREA ( #8954 ) ;
#9005 = ORIENTED_EDGE ( 'NONE', *, *, #6564, .T. ) ;
#9006 = ORIENTED_EDGE ( 'NONE', *, *, #6536, .T. ) ;
#9007 = PRESENTATION_STYLE_ASSIGNMENT (( #7062 ) ) ;
#9008 = SURFACE_STYLE_USAGE ( .BOTH. , #3419 ) ;
#9009 = AXIS2_PLACEMENT_3D ( 'NONE', #5114, #5640, #1467 ) ;
#9010 = DIRECTION ( 'NONE',  ( -1.000000000000000000, -0.000000000000000000, -0.000000000000000000 ) ) ;
#9011 = DIRECTION ( 'NONE',  ( 0.000000000000000000, 1.000000000000000000, 0.000000000000000000 ) ) ;
#9012 = DIRECTION ( 'NONE',  ( 0.000000000000000000, 0.000000000000000000, -1.000000000000000000 ) ) ;
#9013 = DIRECTION ( 'NONE',  ( -1.000000000000000000, -0.000000000000000000, -0.000000000000000000 ) ) ;
#9014 = ORIENTED_EDGE ( 'NONE', *, *, #4010, .T. ) ;
#9015 = DIRECTION ( 'NONE',  ( -1.000000000000000000, -0.000000000000000000, -0.000000000000000000 ) ) ;
#9016 = LINE ( 'NONE', #5578, #5445 ) ;
#9017 = UNCERTAINTY_MEASURE_WITH_UNIT (LENGTH_MEASURE( 1.000000000000000082E-05 ), #3713, 'distance_accuracy_value', 'NONE');
#9018 = FILL_AREA_STYLE ('',( #2755 ) ) ;
#9019 = DIRECTION ( 'NONE',  ( 0.000000000000000000, 1.000000000000000000, 0.000000000000000000 ) ) ;
#9020 = VERTEX_POINT ( 'NONE', #2810 ) ;
#9021 = DIRECTION ( 'NONE',  ( -1.000000000000000000, -0.000000000000000000, -0.000000000000000000 ) ) ;
#9022 = VERTEX_POINT ( 'NONE', #1219 ) ;
#9023 = EDGE_CURVE ( 'NONE', #1578, #2823, #6779, .T. ) ;
#9024 =( GEOMETRIC_REPRESENTATION_CONTEXT ( 3 ) GLOBAL_UNCERTAINTY_ASSIGNED_CONTEXT ( ( #3312 ) ) GLOBAL_UNIT_ASSIGNED_CONTEXT ( ( #1281, #3334, #6075 ) ) REPRESENTATION_CONTEXT ( 'NONE', 'WORKASPACE' ) );
#9025 = ORIENTED_EDGE ( 'NONE', *, *, #3577, .T. ) ;
#9026 = SURFACE_SIDE_STYLE ('',( #5457 ) ) ;
#9027 = AXIS2_PLACEMENT_3D ( 'NONE', #8932, #5334, #5417 ) ;
#9028 = CARTESIAN_POINT ( 'NONE',  ( -0.3599999999999990985, -0.1499999999999999944, -2.969702453438674006 ) ) ;
#9029 = ORIENTED_EDGE ( 'NONE', *, *, #3383, .T. ) ;
#9030 = CARTESIAN_POINT ( 'NONE',  ( 0.9012511336474067214, 1.399999999999999911, -1.262607324199603864 ) ) ;
#9031 = FACE_OUTER_BOUND ( 'NONE', #4553, .T. ) ;
#9032 = STYLED_ITEM ( 'NONE', ( #2154 ), #3135 ) ;
#9033 = VECTOR ( 'NONE', #6325, 1000.000000000000000 ) ;
#9034 = ORIENTED_EDGE ( 'NONE', *, *, #1654, .T. ) ;
#9035 = UNCERTAINTY_MEASURE_WITH_UNIT (LENGTH_MEASURE( 1.000000000000000082E-05 ), #3239, 'distance_accuracy_value', 'NONE');
#9036 = VECTOR ( 'NONE', #189, 1000.000000000000000 ) ;
#9037 = ORIENTED_EDGE ( 'NONE', *, *, #5564, .F. ) ;
#9038 = DIRECTION ( 'NONE',  ( 0.000000000000000000, -0.9327759058474842657, 0.3604568066639957102 ) ) ;
#9039 = SURFACE_STYLE_FILL_AREA ( #7006 ) ;
#9040 = FILL_AREA_STYLE_COLOUR ( '', #5878 ) ;
#9041 =( NAMED_UNIT ( * ) PLANE_ANGLE_UNIT ( ) SI_UNIT ( $, .RADIAN. ) );
#9042 = ORIENTED_EDGE ( 'NONE', *, *, #563, .T. ) ;
#9043 =( NAMED_UNIT ( * ) PLANE_ANGLE_UNIT ( ) SI_UNIT ( $, .RADIAN. ) );
#9044 =( NAMED_UNIT ( * ) SI_UNIT ( $, .STERADIAN. ) SOLID_ANGLE_UNIT ( ) );
#9045 = ADVANCED_FACE ( 'NONE', ( #6285 ), #8336, .F. ) ;
#9046 = ORIENTED_EDGE ( 'NONE', *, *, #1114, .T. ) ;
#9047 = ADVANCED_FACE ( 'NONE', ( #804 ), #6373, .T. ) ;
#9048 =( NAMED_UNIT ( * ) PLANE_ANGLE_UNIT ( ) SI_UNIT ( $, .RADIAN. ) );
#9049 = LINE ( 'NONE', #2774, #2019 ) ;
#9050 = EDGE_CURVE ( 'NONE', #4788, #5317, #4356, .T. ) ;
#9051 = LINE ( 'NONE', #6839, #2865 ) ;
#9052 = DIRECTION ( 'NONE',  ( 0.000000000000000000, -0.000000000000000000, 1.000000000000000000 ) ) ;
#9053 = ORIENTED_EDGE ( 'NONE', *, *, #217, .T. ) ;
#9054 = ORIENTED_EDGE ( 'NONE', *, *, #4567, .T. ) ;
#9055 = SURFACE_SIDE_STYLE ('',( #5704 ) ) ;
#9056 = DIRECTION ( 'NONE',  ( -0.7071067811865477948, 0.000000000000000000, 0.7071067811865473507 ) ) ;
#9057 = EDGE_CURVE ( 'NONE', #3888, #8352, #2860, .T. ) ;
#9058 = PLANE ( 'NONE',  #7041 ) ;
#9059 = CARTESIAN_POINT ( 'NONE',  ( 0.3687488663525916310, 1.399999999999999911, -2.000000000000000444 ) ) ;
#9060 = SURFACE_STYLE_USAGE ( .BOTH. , #6893 ) ;
#9061 = VERTEX_POINT ( 'NONE', #2219 ) ;
#9062 = SURFACE_STYLE_USAGE ( .BOTH. , #6258 ) ;
#9063 = DIRECTION ( 'NONE',  ( 0.000000000000000000, 0.000000000000000000, 1.000000000000000000 ) ) ;
#9064 =( NAMED_UNIT ( * ) SI_UNIT ( $, .STERADIAN. ) SOLID_ANGLE_UNIT ( ) );
#9065 = EDGE_LOOP ( 'NONE', ( #6265, #3047, #8896, #5581 ) ) ;
#9066 = CARTESIAN_POINT ( 'NONE',  ( 1.730000000000001315, -0.6500000000000000222, -4.150000000000000355 ) ) ;
#9067 = ORIENTED_EDGE ( 'NONE', *, *, #7996, .T. ) ;
#9068 = ORIENTED_EDGE ( 'NONE', *, *, #8619, .F. ) ;
#9069 = DIRECTION ( 'NONE',  ( 0.000000000000000000, 0.000000000000000000, 1.000000000000000000 ) ) ;
#9070 = DIRECTION ( 'NONE',  ( -0.7071067811865444641, -0.000000000000000000, -0.7071067811865505703 ) ) ;
ENDSEC;
END-ISO-10303-21;
